ts,order_id,position_id,purpose,symbol,side,ordertype,post_only,attempt,fill_size,fill_price,arrival_ref,slip_bps,fees_delta_usd,remaining,reason,exec_era,book
1784583391.251,e8cee531,46965725-d078-4447-8707-b2207d6e04b3,entry,ETH/USD,buy,limit,1,0,0.008517227253,1904.18,1904.18,0.0,0.040546,0.0009356606041,,,
1784583401.252,e8cee531,46965725-d078-4447-8707-b2207d6e04b3,entry,ETH/USD,buy,limit,1,0,0.0009196941605,1904.18,1904.18,-0.0,0.004378,1.596644364e-05,,,
1784583421.253,a31649e5,b0ac489b-11d4-4f29-ad70-50bcefebd579,entry,BTC/USD,buy,limit,1,0,0.0001693593141,65392.7,65392.7,0.0,0.027687,0.0001059007685,,,
1784583426.253,a31649e5,b0ac489b-11d4-4f29-ad70-50bcefebd579,entry,BTC/USD,buy,limit,1,0,0.0001004718177,65392.7,65392.7,-0.0,0.016425,5.428950772e-06,,,
1784585180.517,403e1e78,6e9a6665-cdb0-4579-a61b-7b3921192ee7,entry,BTC/USD,sell,limit,1,0,0.0002707706111,65113.5,65113.4,-0.015,0.044077,5.670182983e-06,,,
1784585185.517,403e1e78,6e9a6665-cdb0-4579-a61b-7b3921192ee7,entry,BTC/USD,sell,limit,1,0,5.670182983e-06,65113.5,65113.4,-0.015,0.000923,0,,,
1784588099.101,8204f1d4,80408a48-c203-4efb-9985-b1731c7c6393,entry,BTC/USD,sell,limit,1,0,0.0002491563423,65093,65093,-0.0,0.040546,2.737108766e-05,,,
1784588109.102,8204f1d4,80408a48-c203-4efb-9985-b1731c7c6393,entry,BTC/USD,sell,limit,1,0,2.690401774e-05,65093,65093,-0.0,0.004378,4.670699252e-07,,,
1784589529.992,3eb4872c,aef4a15e-093e-4374-96f9-36dc7f5e40b8,entry,ETH/USD,sell,limit,1,0,0.01327191909,1901.106,1900.92,-0.978,0.063078,0.008298961521,,,
1784589534.992,3eb4872c,aef4a15e-093e-4374-96f9-36dc7f5e40b8,entry,ETH/USD,sell,limit,1,0,0.007873519343,1901.106,1900.92,-0.978,0.037421,0.0004254421777,,,
1784590600.101,7a501a1d,46965725-d078-4447-8707-b2207d6e04b3,exit,ETH/USD,sell,limit,0,1,0.009436921414,1900.94,1900.95,0.053,0.071756,0,label-mature realization (ML-073),,
1784590810.117,776012c9,a5cd8049-5cf4-469c-aeff-af64ae5796a0,entry,ETH/USD,sell,limit,0,0,0.009470992455,1900.19,1900.54,1.842,0.071987,0,,,
1784590840.119,44beaf5d,b0ac489b-11d4-4f29-ad70-50bcefebd579,exit,BTC/USD,sell,limit,0,1,0.0002698311318,65180.3,65180.4,0.015,0.070351,0,label-mature realization (ML-073),,
1784592788.866,aa57bdf9,e9fc9bab-8f47-4b60-b427-cdf2bf982297,entry,ETH/USD,buy,limit,1,0,0.008324297778,1901.792,1901.44,1.851,0.039578,0.001142211815,,,
1784592803.867,42723a61,6e9a6665-cdb0-4579-a61b-7b3921192ee7,exit,BTC/USD,buy,limit,0,1,0.0002764407941,65195.7,65186.9,1.35,0.072091,0,label-mature realization (ML-073),,
1784593343.639,d0ad1afe,986684b6-5656-47df-91d9-c3ab9f0a884d,entry,BTC/USD,buy,limit,1,0,0.0002755213093,65319.225,65330.7,-1.756,0.044992,0,,,
1784594425.762,9af03672,e9fc9bab-8f47-4b60-b427-cdf2bf982297,exit,ETH/USD,sell,limit,1,1,0.00203838873,1912.84,1912.85,0.052,0.009748,4.268571482e-05,tier 1,,
1784594430.762,9af03672,e9fc9bab-8f47-4b60-b427-cdf2bf982297,exit,ETH/USD,sell,limit,1,1,4.268571482e-05,1912.84,1912.85,0.052,0.000204,0,tier 1,,
1784595318.472,a5c1897f,80408a48-c203-4efb-9985-b1731c7c6393,exit,BTC/USD,buy,limit,0,1,0.0002760603601,65483.4,65483.3,0.015,0.072309,0,label-mature realization (ML-073),,
1784595358.477,95826aa1,cc706a8b-9c5a-48cc-8bd5-a618daf5ebdd,entry,BTC/USD,buy,limit,1,0,0.0001722678518,65483.3,65483.4,-0.015,0.028202,0.0001026109724,,,
1784595363.478,95826aa1,cc706a8b-9c5a-48cc-8bd5-a618daf5ebdd,entry,BTC/USD,buy,limit,1,0,0.0001026109724,65483.3,65483.4,-0.015,0.016798,0,,,
1784595768.53,40a27deb,986684b6-5656-47df-91d9-c3ab9f0a884d,exit,BTC/USD,sell,limit,0,1,0.0002755213093,65439.7,65442.4,0.413,0.072120,0,tier trail,,
1784595828.538,18f82ab7,1d3f93aa-a602-4e32-9bc4-89d35c09cb95,entry,ETH/USD,buy,limit,1,0,0.003838700161,1913.16,1913.16,0.0,0.018360,0.005569817684,,,
1784595848.541,18f82ab7,1d3f93aa-a602-4e32-9bc4-89d35c09cb95,entry,ETH/USD,buy,limit,1,0,0.005569817684,1913.16,1913.16,0.0,0.026640,0,,,
1784596299.908,a0ea7aa4,cc706a8b-9c5a-48cc-8bd5-a618daf5ebdd,exit,BTC/USD,sell,limit,0,1,0.0002748788243,65542.2,65549.2,1.068,0.072065,0,tier trail,,
1784596710.516,0dde119a,e9fc9bab-8f47-4b60-b427-cdf2bf982297,exit,ETH/USD,sell,limit,0,1,0.006243223334,1909.55,1909.53,-0.105,0.047687,0,tier 1,,
1784597598.348,6f3a356b,158d71b3-447d-44b5-bc1e-c59d6e82d77b,entry,ETH/USD,buy,limit,1,0,0.005270240064,1910.22,1910.31,-0.471,0.025168,0.004152314391,,,
1784597608.35,6f3a356b,158d71b3-447d-44b5-bc1e-c59d6e82d77b,entry,ETH/USD,buy,limit,1,0,0.001623326773,1910.22,1910.31,-0.471,0.007752,0.002528987618,,,
1784597618.351,6f3a356b,158d71b3-447d-44b5-bc1e-c59d6e82d77b,entry,ETH/USD,buy,limit,1,0,0.001944462195,1910.22,1910.31,-0.471,0.009286,0.0005845254234,,,
1784599842.982,b6c3e6de,158d71b3-447d-44b5-bc1e-c59d6e82d77b,exit,ETH/USD,sell,limit,0,1,0.008838029031,1908.02,1908.03,0.052,0.067453,0,tier trail,,
1784600332.964,8b9c6ca6,aef4a15e-093e-4374-96f9-36dc7f5e40b8,exit,ETH/USD,buy,limit,0,1,0.02114543843,1905.35,1905.35,0.0,0.161158,0,tier trail,,
1784600332.964,31396127,1d3f93aa-a602-4e32-9bc4-89d35c09cb95,exit,ETH/USD,sell,limit,0,1,0.009408517845,1905.32372,1905.35,0.138,0.071705,0,tier trail,,
1784601360.569,1f13a22e,a5cd8049-5cf4-469c-aeff-af64ae5796a0,exit,ETH/USD,buy,limit,0,1,0.009470992455,1910.366604,1910.36,0.035,0.072372,0,label-mature realization (ML-073),,
1784618156.06,392fa230,bb1314bd-6f58-42f6-81b5-e1a94eb1407b,entry,BTC/USD,buy,limit,1,0,0.0002732323386,65878,65878,0.0,0.045000,0,,,
1784619490.419,09e74676,58fe1e16-02f1-46cb-bc9d-53709765ffee,entry,BTC/USD,buy,limit,1,0,0.0002681139814,65989.925,65990,-0.011,0.044232,4.654619933e-06,,,
1784619810.443,ae8306c1,58fe1e16-02f1-46cb-bc9d-53709765ffee,exit,BTC/USD,sell,limit,0,1,0.0002681139814,66001.1,66036.8,5.406,0.070783,0,tier trail,,
1784619820.444,f29dcac1,bb1314bd-6f58-42f6-81b5-e1a94eb1407b,exit,BTC/USD,sell,limit,0,1,0.0002732323386,66001.1,66003.9,0.424,0.072135,0,tier trail,,
1784620793.394,541c7f27,2bc9a561-1b50-4525-8a04-748649128c97,entry,BTC/USD,buy,limit,1,0,0.000167415136,66150.025,66152.1,-0.314,0.027686,0.0001046850694,,,
1784620798.394,541c7f27,2bc9a561-1b50-4525-8a04-748649128c97,entry,BTC/USD,buy,limit,1,0,9.931844089e-05,66150.025,66152.1,-0.314,0.016425,5.36662856e-06,,,
1784620803.395,541c7f27,2bc9a561-1b50-4525-8a04-748649128c97,entry,BTC/USD,buy,limit,1,0,5.36662856e-06,66150.025,66152.1,-0.314,0.000888,0,,,
1784622052.56,8516331c,27b88aab-0318-4d23-b40d-bf57da91e794,entry,ETH/USD,buy,limit,1,0,0.006376244758,1942.328,1942.8,-2.429,0.030962,0.002888733623,,,
1784622057.561,8516331c,27b88aab-0318-4d23-b40d-bf57da91e794,entry,ETH/USD,buy,limit,1,0,0.002540184283,1942.328,1942.8,-2.429,0.012335,0.0003485493404,,,
1784622177.571,15f8b1e1,2bc9a561-1b50-4525-8a04-748649128c97,exit,BTC/USD,sell,limit,0,1,0.0002721002054,66229.6,66224.3,-0.8,0.072084,0,tier trail,,
1784622297.58,398b7600,27b88aab-0318-4d23-b40d-bf57da91e794,exit,ETH/USD,sell,limit,0,1,0.008916429041,1943.96,1944.15,0.977,0.069333,0,tier trail,,
1784623549.426,56bbe0fd,d6c6836c-e794-4265-8982-3f0aaeff41c5,entry,ETH/USD,buy,limit,1,0,0.0058141865,1939.42,1940.2,-4.02,0.028190,0.003463207583,,,
1784623554.426,56bbe0fd,d6c6836c-e794-4265-8982-3f0aaeff41c5,entry,ETH/USD,buy,limit,1,0,0.001412997852,1939.42,1940.2,-4.02,0.006851,0.002050209731,,,
1784625011.017,e2e9f2c1,1e168237-4be9-4b90-bdea-162646d0c914,entry,BTC/USD,buy,limit,1,0,0.0001063910256,66142.9,66142.9,0.0,0.017593,0.000165747027,,,
1784625056.02,a9051849,bd2a9c29-9394-4f05-b66b-b3c292ff5eee,entry,ETH/USD,buy,limit,1,0,0.04071107855,1937.42,1937.42,-0.0,0.197186,0.01223817079,,,
1784625061.02,a9051849,bd2a9c29-9394-4f05-b66b-b3c292ff5eee,entry,ETH/USD,buy,limit,1,0,0.01080477182,1937.42,1937.42,0.0,0.052333,0.001433398969,,,
1784625071.021,a9051849,bd2a9c29-9394-4f05-b66b-b3c292ff5eee,entry,ETH/USD,buy,limit,1,0,0.00126509193,1937.42,1937.42,-0.0,0.006128,0.0001683070394,,,
1784626988.55,1ed0c915,a2b67384-de1e-4631-9e13-70560aab0bef,entry,BTC/USD,buy,limit,1,0,0.0001363358857,66255,66255,0.0,0.022582,0.0001353417235,,,
1784626998.551,1ed0c915,a2b67384-de1e-4631-9e13-70560aab0bef,entry,BTC/USD,buy,limit,1,0,5.954166152e-05,66255,66255,0.0,0.009862,7.580006198e-05,,,
1784627003.552,1ed0c915,a2b67384-de1e-4631-9e13-70560aab0bef,entry,BTC/USD,buy,limit,1,0,6.449426021e-05,66255,66255,0.0,0.010683,1.130580177e-05,,,
1784627889.874,fd8fc533,bd2a9c29-9394-4f05-b66b-b3c292ff5eee,exit,ETH/USD,sell,limit,0,1,0.0527809423,1940.2,1940.21,0.052,0.409622,0,tier trail,,
1784627929.879,37e24593,1e168237-4be9-4b90-bdea-162646d0c914,exit,BTC/USD,sell,limit,0,1,0.0001063910256,66219.5,66231.1,1.751,0.028181,0,tier trail,,
1784628490.657,4b00edea,d6c6836c-e794-4265-8982-3f0aaeff41c5,exit,ETH/USD,sell,limit,0,1,0.007227184352,1941.27,1941.58,1.597,0.056120,0,tier trail,,
1784629140.715,ddcb1752,a2b67384-de1e-4631-9e13-70560aab0bef,exit,BTC/USD,sell,limit,0,1,0.0002603718075,66302.6,66302.6,-0.0,0.069053,0,tier trail,,
1784632907.66,77f04246,607e9f78-1dbc-44bc-b2ec-2a090e3f9a5d,entry,ETH/USD,sell,limit,1,0,0.003550953981,1927.12,1927.11,-0.052,0.017108,0.005789457308,,,
1784632912.66,77f04246,607e9f78-1dbc-44bc-b2ec-2a090e3f9a5d,entry,ETH/USD,sell,limit,1,0,0.005789457308,1927.12,1927.11,-0.052,0.027892,0,,,
1784634806.145,2a052538,9d3d7ce8-b241-46fd-96be-e005d84de77e,entry,ETH/USD,buy,limit,0,0,0.009302373656,1935,1934.99,0.052,0.072000,0,,,
1784636530.084,149d8731,f0d680ba-ced9-4d82-88c5-435317967bac,entry,ETH/USD,buy,limit,0,0,0.009270991069,1941.65,1941.54,0.567,0.072004,0,,,
1784637822.888,ef9884ed,9d3d7ce8-b241-46fd-96be-e005d84de77e,exit,ETH/USD,sell,limit,0,1,0.009302373656,1938.52,1940,7.629,0.072131,0,tier trail,,
1784640289.216,bd5f6c48,607e9f78-1dbc-44bc-b2ec-2a090e3f9a5d,exit,ETH/USD,buy,limit,0,1,0.009340411289,1936.62,1936.85,-1.187,0.072355,0,label-mature realization (ML-073),,
1784642968.967,14e73460,f0d680ba-ced9-4d82-88c5-435317967bac,exit,ETH/USD,sell,limit,0,1,0.009270991069,1935.42,1935.8,1.963,0.071773,0,tier trail,,
1784649914.993,eac70b27,b1c05600-2e91-43ae-8548-94fe0274488f,entry,BTC/USD,buy,limit,1,0,0.0004073517679,66725.7,66725.7,0.0,0.067952,0,,,
1784654870.457,1f6c5062,3893126f-eb1f-44b8-87cd-65fa99b90736,entry,BTC/USD,buy,limit,1,0,0.0004061711748,66455.8,66460.5,-0.707,0.067481,7.051375825e-06,,,
1784657778.834,0129cf97,2b93c2ed-eb13-4808-aaf5-f3d2e6f2812f,entry,BTC/USD,sell,limit,1,0,0.0002402649705,66266.8,66266.7,-0.015,0.039804,0.0001502382384,,,
1784658856.393,2b89142e,2b93c2ed-eb13-4808-aaf5-f3d2e6f2812f,exit,BTC/USD,buy,limit,0,1,0.0002402649705,66171.4,66171.3,0.015,0.063595,0,tier trail,,
1784659594.032,6eba694a,f051bd1d-5aee-44ac-a3d1-7ffd87f0067b,entry,ETH/USD,buy,limit,1,0,0.004924603357,1920.83,1920.84,-0.052,0.023648,0.005802811657,,,
1784659604.032,6eba694a,f051bd1d-5aee-44ac-a3d1-7ffd87f0067b,entry,ETH/USD,buy,limit,1,0,0.005102654966,1920.83,1920.84,-0.052,0.024503,0.0007001566911,,,
1784660823.872,606eaf9c,fab08170-830e-418f-8346-26514180329e,entry,ETH/USD,buy,limit,1,0,0.01046214457,1921.3725,1920.99,1.991,0.050254,0.0002190868273,,,
1784664429.328,294c9daf,b1c05600-2e91-43ae-8548-94fe0274488f,exit,BTC/USD,sell,limit,0,1,0.0004073517679,66407.1,66407.2,0.015,0.108204,0,label-mature realization (ML-073),,
1784664459.33,b130838c,3893126f-eb1f-44b8-87cd-65fa99b90736,exit,BTC/USD,sell,limit,0,1,0.0004061711748,66408.5,66408.5,-0.0,0.107893,0,label-mature realization (ML-073),,
1784664699.348,f2556764,bd98146a-5a48-4af0-b8a8-69c24cd7470d,entry,BTC/USD,buy,limit,1,0,0.0002388471384,66397.1,66397.1,0.0,0.039647,0.0001422687802,,,
1784664704.349,f2556764,bd98146a-5a48-4af0-b8a8-69c24cd7470d,entry,BTC/USD,buy,limit,1,0,5.804603854e-05,66397.1,66397.1,0.0,0.009635,8.422274165e-05,,,
1784665966.455,78725228,c479c32d-d81e-485a-ab6d-f8115bc75988,entry,BTC/USD,buy,limit,1,0,0.0002161081496,66374.4,66374.4,0.0,0.035860,0.0001702671925,,,
1784665976.456,78725228,c479c32d-d81e-485a-ab6d-f8115bc75988,entry,BTC/USD,buy,limit,1,0,6.656511672e-05,66374.4,66374.4,0.0,0.011046,0.0001037020758,,,
1784665986.457,78725228,c479c32d-d81e-485a-ab6d-f8115bc75988,entry,BTC/USD,buy,limit,1,0,0.0001037020758,66374.4,66374.4,-0.0,0.017208,0,,,
1784666414.054,d055465b,f051bd1d-5aee-44ac-a3d1-7ffd87f0067b,exit,ETH/USD,sell,limit,0,1,0.01002725832,1923.04,1923.04,-0.0,0.077131,0,tier trail,,
1784666694.078,17f0239a,85ba0aca-f7ac-4f68-9bc8-3031d0d267bb,entry,ETH/USD,buy,limit,1,0,0.008566437263,1923.61,1923.5,0.572,0.041196,0.002575159538,,,
1784666714.08,17f0239a,85ba0aca-f7ac-4f68-9bc8-3031d0d267bb,entry,ETH/USD,buy,limit,1,0,0.002272789098,1923.61,1923.5,0.572,0.010930,0.0003023704407,,,
1784670312.263,292d2b40,fab08170-830e-418f-8346-26514180329e,exit,ETH/USD,sell,limit,0,1,0.01046214457,1924.930643,1924.97,0.204,0.080556,0,label-mature realization (ML-073),,
1784670808.618,8285058d,331b3db0-7a74-4fff-902a-29f0666f42da,entry,ETH/USD,buy,limit,1,0,0.008959855574,1923.36,1923.44,-0.416,0.043083,0.002560416789,,,
1784670813.619,8285058d,331b3db0-7a74-4fff-902a-29f0666f42da,entry,ETH/USD,buy,limit,1,0,0.001126418859,1923.36,1923.44,-0.416,0.005416,0.00143399793,,,
1784670818.619,8285058d,331b3db0-7a74-4fff-902a-29f0666f42da,entry,ETH/USD,buy,limit,1,0,0.001220112929,1923.36,1923.44,-0.416,0.005867,0.0002138850011,,,
1784674408.266,021d3f63,bd98146a-5a48-4af0-b8a8-69c24cd7470d,exit,BTC/USD,sell,limit,0,1,0.000296893177,66243.9,66244,0.015,0.078669,0,label-mature realization (ML-073),,
1784674438.268,08d31e7c,c479c32d-d81e-485a-ab6d-f8115bc75988,exit,BTC/USD,sell,limit,0,1,0.0003863753421,66246.5,66246.5,-0.0,0.102384,0,label-mature realization (ML-073),,
1784674468.271,cf6639de,85ba0aca-f7ac-4f68-9bc8-3031d0d267bb,exit,ETH/USD,sell,limit,0,1,0.01083922636,1918.78,1918.79,0.052,0.083192,0,label-mature realization (ML-073),,
1784675810.979,1b2bc867,b21c67ca-85dc-4835-a75a-0bb2390ec555,entry,ETH/USD,buy,limit,1,0,0.005417104723,1917.99,1917.95,0.209,0.025975,0.008832019985,,,
1784675825.98,1b2bc867,b21c67ca-85dc-4835-a75a-0bb2390ec555,entry,ETH/USD,buy,limit,1,0,0.008832019985,1917.99,1917.95,0.209,0.042349,0,,,
1784678044.498,447b3443,b21c67ca-85dc-4835-a75a-0bb2390ec555,exit,ETH/USD,sell,limit,1,1,0.003562281177,1926.56,1926.56,-0.0,0.017157,0,tier 1,,
1784678850.074,f20bbe7c,331b3db0-7a74-4fff-902a-29f0666f42da,exit,ETH/USD,sell,limit,1,1,0.00282659684,1932.2,1931.8,-2.071,0.013654,0,tier 1,,
1784678910.279,8129f4a9,b21c67ca-85dc-4835-a75a-0bb2390ec555,exit,ETH/USD,sell,limit,0,2,0.002671710883,1934.43,1934.86,2.222,0.020673,0,tier 2,,
1784678920.28,9ffafa18,b21c67ca-85dc-4835-a75a-0bb2390ec555,exit,ETH/USD,sell,limit,0,1,0.008015132648,1934.22,1934.39,0.879,0.062012,0,tier 2,,
1784679415.418,5fb9387e,331b3db0-7a74-4fff-902a-29f0666f42da,exit,ETH/USD,sell,limit,0,1,0.008479790521,1935.46,1935.39,-0.362,0.065649,0,label-mature realization (ML-073),,
1784679505.426,bf2b3f42,1471b961-5a10-4c80-8e9a-010e790c2231,entry,ETH/USD,buy,limit,0,0,0.01303152307,1936.85,1937.22,-1.91,0.100960,0,,,
1784679770.447,c991ef9d,1471b961-5a10-4c80-8e9a-010e790c2231,exit,ETH/USD,sell,limit,0,1,0.01303152307,1939.79695,1940.48,3.52,0.101114,0,tier trail,,
1784681226.069,f4423dbe,ae04858b-ac0e-4b88-8d3a-888e27e9e7d1,entry,ETH/USD,buy,limit,1,0,0.01457901112,1937.9,1937.91,-0.052,0.070632,0,,,
1784682939.544,f4c4ab57,6fda837d-52a1-4bbd-b780-809daa730cd3,entry,ETH/USD,buy,limit,1,0,0.004685071512,1932.98,1933.76,-4.034,0.022640,0.009884183452,,,
1784682944.545,f4c4ab57,6fda837d-52a1-4bbd-b780-809daa730cd3,entry,ETH/USD,buy,limit,1,0,0.004449951026,1932.98,1933.76,-4.034,0.021504,0.005434232426,,,
1784682949.545,f4c4ab57,6fda837d-52a1-4bbd-b780-809daa730cd3,entry,ETH/USD,buy,limit,1,0,0.004876583185,1932.98,1933.76,-4.034,0.023566,0.0005576492409,,,
1784682954.545,f4c4ab57,6fda837d-52a1-4bbd-b780-809daa730cd3,entry,ETH/USD,buy,limit,1,0,0.000190053508,1932.98,1933.76,-4.034,0.000918,0.0003675957329,,,
1784682959.546,f4c4ab57,6fda837d-52a1-4bbd-b780-809daa730cd3,entry,ETH/USD,buy,limit,1,0,0.0003675957329,1932.98,1933.76,-4.034,0.001776,0,,,
1784686286.608,134c7cd7,6fda837d-52a1-4bbd-b780-809daa730cd3,exit,ETH/USD,sell,limit,0,1,0.01456925496,1930.12,1929.77,-1.814,0.112482,0,tier trail,,
1784686341.613,0d8dece3,c7e0ee92-a3e4-4df3-9a25-dec3d7da785d,entry,ETH/USD,buy,limit,1,0,0.007416319696,1930.03,1930.04,-0.052,0.035784,0.007254482253,,,
1784686693.449,704e0152,c7e0ee92-a3e4-4df3-9a25-dec3d7da785d,exit,ETH/USD,sell,limit,0,1,0.007416319696,1933.05,1932.68,-1.914,0.057344,0,tier trail,,
1784687615.979,dd1111d5,fe09d6f8-38bc-4662-9c33-3dbd584fa23b,entry,ADA/USD,buy,limit,0,0,138.0110085,0.1745,0.1745,0.0,0.096332,0,,,
1784688910.393,ea20081e,b85a1cc5-e210-4190-a007-9e116affd624,entry,AVAX/USD,sell,limit,1,0,2.458440775,6.6006,6.597,-5.457,0.040568,0.2700721857,,,
1784688920.394,ea20081e,b85a1cc5-e210-4190-a007-9e116affd624,entry,AVAX/USD,sell,limit,1,0,0.2654635784,6.6006,6.597,-5.457,0.004381,0.004608607343,,,
1784689496.234,51022aef,ad34f27b-3fa9-4e8c-b832-12ddb258fd25,entry,ADA/USD,sell,limit,0,0,132.1968015,0.174081,0.174078,-0.172,0.092052,0,,,
1784689606.241,11600911,db469639-1ac1-48e5-a6e4-45581fb27452,entry,DOT/USD,buy,limit,1,0,20.65955352,0.85486,0.8564,-17.982,0.044153,0.3586622716,,,
1784689616.242,ca09be33,ae04858b-ac0e-4b88-8d3a-888e27e9e7d1,exit,ETH/USD,sell,limit,0,1,0.01457901112,1931.76,1932.06,1.553,0.112653,0,label-mature realization (ML-073),,
1784689761.255,323ebb6c,db469639-1ac1-48e5-a6e4-45581fb27452,exit,DOT/USD,sell,limit,0,1,20.65955352,0.8534,0.8539,5.855,0.070523,0,tier trail,,
1784689809.355,13c113dd,b3d11ec7-9bb5-4dd1-8331-ebb7ed15346f,entry,XRP/USD,sell,limit,1,0,22.136968,1.13881,1.139,1.668,0.063025,0,,,
1784690162.452,5ccaa920,ad34f27b-3fa9-4e8c-b832-12ddb258fd25,exit,ADA/USD,buy,limit,0,1,132.1968015,0.173771,0.173742,1.669,0.091888,0,tier trail,,
1784690197.453,963e2043,a47f59d2-20c2-439f-9312-05f0a96fd3c7,entry,DOGE/USD,sell,limit,0,0,429.5676563,0.0732334,0.073236,0.355,0.125835,3.574684227,,,
1784690202.454,963e2043,a47f59d2-20c2-439f-9312-05f0a96fd3c7,entry,DOGE/USD,sell,limit,0,0,3.574684227,0.0732369,0.073236,-0.123,0.001047,0,,,
1784690620.181,265bdc52,ce3d7374-834e-4675-a1aa-365e93bb4a71,entry,LINK/USD,buy,limit,1,0,2.246098648,8.6876875,8.68665,1.194,0.048784,1.404490649,,,
1784690625.181,265bdc52,ce3d7374-834e-4675-a1aa-365e93bb4a71,entry,LINK/USD,buy,limit,1,0,1.332490127,8.6876875,8.68665,1.194,0.028941,0.07200052182,,,
1784693859.482,e5f743ca,ce3d7374-834e-4675-a1aa-365e93bb4a71,exit,LINK/USD,sell,limit,1,1,0.8946471937,8.7245,8.72396,-0.619,0.019513,0,tier 1,,
1784694836.668,be89b707,fe09d6f8-38bc-4662-9c33-3dbd584fa23b,exit,ADA/USD,sell,limit,0,1,138.0110085,0.173398,0.17339,-0.461,0.095723,0,label-mature realization (ML-073),,
1784694976.679,511a7180,8b8f8a90-1d31-4efb-a421-0b504613962d,entry,XRP/USD,sell,limit,1,0,23.56798506,1.14055,1.14051,-0.351,0.067201,0.409154392,,,
1784696720.055,317bfe2f,ce3d7374-834e-4675-a1aa-365e93bb4a71,exit,LINK/USD,sell,limit,0,1,2.683941581,8.71005,8.71,-0.057,0.093509,0,tier 1,,
1784696826.746,053076ed,8b39f777-b3d1-4081-b3b7-f7335307be4c,entry,DOGE/USD,sell,limit,0,0,432.6635382,0.07323819931,0.0732366,-0.218,0.126750,0,,,
1784697583.749,cc80c47a,b3d11ec7-9bb5-4dd1-8331-ebb7ed15346f,exit,XRP/USD,buy,limit,0,1,22.136968,1.13735,1.13742,-0.615,0.100710,0,tier trail,,
1784697613.751,828638c9,a47f59d2-20c2-439f-9312-05f0a96fd3c7,exit,DOGE/USD,buy,limit,1,1,111.0260048,0.0729441,0.0729101,4.663,0.020247,0,tier 1,,
1784697613.751,7a9eee5e,8b39f777-b3d1-4081-b3b7-f7335307be4c,exit,DOGE/USD,buy,limit,1,1,110.903275,0.0729441,0.0729101,4.663,0.020224,0,tier 1,,
1784697633.752,14a5487d,8b8f8a90-1d31-4efb-a421-0b504613962d,exit,XRP/USD,buy,limit,1,1,5.891996265,1.13509,1.13525,-1.409,0.016720,0,tier 1,,
1784697643.752,7c9cd1c7,8d27bc5e-78d9-4006-834e-c70142fc31ab,entry,SOL/USD,sell,limit,1,0,0.3334341603,77.68,77.68,-0.0,0.064753,0,,,
1784697910.58,662fb288,8d27bc5e-78d9-4006-834e-c70142fc31ab,exit,SOL/USD,buy,limit,0,1,0.3334341603,77.6,77.6,0.0,0.103498,0,tier trail,,
1784697940.583,511eb015,b89e8846-20a5-434a-ae86-f88544fae18d,entry,XRP/USD,sell,limit,1,0,24.36342713,1.1340375,1.13326,-6.861,0.069073,0,,,
1784699248.789,fb5aa8d5,b89e8846-20a5-434a-ae86-f88544fae18d,exit,XRP/USD,buy,limit,0,1,24.36342713,1.13402,1.13385,1.499,0.110514,0,tier trail,,
1784699253.79,96a35258,a47f59d2-20c2-439f-9312-05f0a96fd3c7,exit,DOGE/USD,buy,limit,0,2,80.52908392,0.0725493,0.0725353,1.93,0.023369,0,tier 2,,
1784699253.79,f401b7d7,8b39f777-b3d1-4081-b3b7-f7335307be4c,exit,DOGE/USD,buy,limit,0,2,80.44006581,0.0725493,0.0725353,1.93,0.023343,0,tier 2,,
1784699338.905,f3fedadd,e71c51c4-428a-4d88-9637-06ea276c04c9,entry,LINK/USD,sell,limit,1,0,3.190497482,8.64046,8.63875,-1.979,0.068918,0,,,
1784700769.572,c8bcfaac,e71c51c4-428a-4d88-9637-06ea276c04c9,exit,LINK/USD,buy,limit,0,1,3.190497482,8.63833,8.63473,4.169,0.110242,0,tier trail,,
1784700789.573,a6a08c49,e8d9f961-6288-463a-81ea-7dc428f73af9,entry,BTC/USD,sell,limit,1,0,0.000433008316,65928.875,65936.5,1.156,0.071369,4.756815927e-05,,,
1784700799.574,a6a08c49,e8d9f961-6288-463a-81ea-7dc428f73af9,entry,BTC/USD,sell,limit,1,0,4.675643937e-05,65928.875,65936.5,1.156,0.007706,8.117199021e-07,,,
1784701058.73,31d6fe08,8b8f8a90-1d31-4efb-a421-0b504613962d,exit,XRP/USD,buy,limit,1,1,4.418997198,1.13174,1.13173,0.088,0.012503,0,tier 2,,
1784701319.071,1196a2f2,8b8f8a90-1d31-4efb-a421-0b504613962d,exit,XRP/USD,buy,limit,0,1,13.2569916,1.13059,1.13075,-1.415,0.059953,0,tier 2,,
1784701955.64,f6ce91ac,a47f59d2-20c2-439f-9312-05f0a96fd3c7,exit,DOGE/USD,buy,limit,0,2,60.39681294,0.0723479,0.0723034,6.155,0.017478,0,tier 3,,
1784701955.64,2bc0ab7c,8b39f777-b3d1-4081-b3b7-f7335307be4c,exit,DOGE/USD,buy,limit,0,2,60.33004936,0.0723479,0.0723034,6.155,0.017459,0,tier 3,,
1784701970.641,99c6b732,e8d9f961-6288-463a-81ea-7dc428f73af9,exit,BTC/USD,buy,limit,0,1,0.0004797647554,65868.1,65871.3,-0.486,0.126405,0,tier trail,,
1784702045.982,c0fd53bb,aaaf9764-e8b1-4bb9-88bb-e86a52918fca,entry,LINK/USD,sell,limit,1,0,2.904372517,8.61758,8.60489,-14.747,0.062572,0.3190600489,,,
1784702055.982,c0fd53bb,aaaf9764-e8b1-4bb9-88bb-e86a52918fca,entry,LINK/USD,sell,limit,1,0,0.3190600489,8.61758,8.60489,-14.747,0.006874,0,,,
1784702130.987,1225c9d9,c29e7d8d-a188-40ff-8043-34bc8d011a10,entry,ADA/USD,buy,limit,0,0,103.45602,0.171095,0.171018,4.502,0.044252,1.796058715,,,
1784702135.988,1225c9d9,c29e7d8d-a188-40ff-8043-34bc8d011a10,entry,ADA/USD,buy,limit,0,0,1.796058715,0.171073,0.171018,3.216,0.001229,0,,,
1784702200.992,1841346c,a47f59d2-20c2-439f-9312-05f0a96fd3c7,exit,DOGE/USD,buy,limit,0,1,181.1904388,0.0723961,0.0725122,-16.011,0.052470,0,tier 3,,
1784702200.992,47799df6,8b39f777-b3d1-4081-b3b7-f7335307be4c,exit,DOGE/USD,buy,limit,0,1,180.9901481,0.0723961,0.0725122,-16.011,0.052412,0,tier 3,,
1784702242.385,eb8a3beb,284dfd66-61b4-4d4e-8076-5b9039fa22ed,entry,BTC/USD,buy,limit,0,0,0.0004800660585,65934.9,65932.8,0.319,0.126612,0,,,
1784702589.965,7d4a7ca6,de12f2be-3f57-4f56-97d2-273c16a583f7,entry,XRP/USD,sell,limit,1,0,24.3532882,1.13193,1.13184,-0.795,0.068916,0,,,
1784706451.459,473081d4,de12f2be-3f57-4f56-97d2-273c16a583f7,exit,XRP/USD,buy,limit,0,1,24.3532882,1.13015,1.13016,-0.088,0.110091,0,tier trail,,
1784706456.46,aad03aac,b85a1cc5-e210-4190-a007-9e116affd624,exit,AVAX/USD,buy,limit,0,2,0.6809760883,6.503,6.5,4.615,0.017714,0,tier 1,,
1784706456.46,39a694e1,aaaf9764-e8b1-4bb9-88bb-e86a52918fca,exit,LINK/USD,buy,limit,0,2,0.8058581415,8.58478,8.58246,2.703,0.027672,0,tier 1,,
1784706466.46,49fe39b9,b85a1cc5-e210-4190-a007-9e116affd624,exit,AVAX/USD,buy,limit,1,1,0.5107320662,6.502,6.5,3.077,0.008302,0,tier 2,,
1784706496.75,d26d7dca,b85a1cc5-e210-4190-a007-9e116affd624,exit,AVAX/USD,buy,limit,0,2,1.532196199,6.501,6.5,1.538,0.039843,0,tier 3,,
1784706541.753,b8c9ec26,b632682d-3d31-49b6-b803-fbb5c46556a5,entry,XRP/USD,buy,limit,1,0,15.93061333,1.12969,1.1299,-1.859,0.044992,0,,,
1784706541.753,e94bb663,0164fba9-9d2c-4467-a455-df393ae8d854,entry,SUI/USD,buy,limit,0,0,23.82528127,0.7547,0.7555,-10.589,0.071924,0,,,
1784707352.292,79067aa0,aaaf9764-e8b1-4bb9-88bb-e86a52918fca,exit,LINK/USD,buy,limit,0,1,2.417574425,8.582065183,8.5869,-5.63,0.082991,0,tier 1,,
1784707387.665,1704861a,0164fba9-9d2c-4467-a455-df393ae8d854,exit,SUI/USD,sell,limit,0,1,23.82528127,0.7546,0.7547,1.325,0.071914,0,tier trail,,
1784708643.709,28bb7ee1,39a3d02a-ec3f-441b-b6fa-6abd88b7ed80,entry,SUI/USD,buy,limit,1,0,23.77807133,0.757825,0.757,10.898,0.045049,0,,,
1784708713.716,1d569457,284dfd66-61b4-4d4e-8076-5b9039fa22ed,exit,BTC/USD,sell,limit,0,1,0.0004800660585,66016.8,66033.9,2.59,0.126770,0,tier trail,,
1784708773.72,151c8166,e7801548-5eb9-43b4-a48c-448538a4ceec,entry,LINK/USD,sell,limit,1,0,12.5082108,8.60732,8.61,3.113,0.269155,0,,,
1784709157.351,b1d8023c,c29e7d8d-a188-40ff-8043-34bc8d011a10,exit,ADA/USD,sell,limit,0,2,26.31301968,0.171906,0.17183,-4.423,0.018093,0,tier 1,,
1784709157.351,2d7bbbbf,b632682d-3d31-49b6-b803-fbb5c46556a5,exit,XRP/USD,sell,limit,0,2,3.982653332,1.13483,1.1351,2.379,0.018079,0,tier 1,,
1784709418.036,9faa2e42,39a3d02a-ec3f-441b-b6fa-6abd88b7ed80,exit,SUI/USD,sell,limit,0,1,23.77807133,0.7584,0.7581,-3.957,0.072133,0,tier trail,,
1784709433.037,abd024e1,a5ae5b72-cb30-42b2-8914-738f094b228c,entry,DOT/USD,buy,limit,1,0,21.37767221,0.84164,0.842,-4.276,0.044981,0,,,
1784709579.39,e4548784,b0401d18-9523-41ad-9697-3886980caf78,entry,SOL/USD,buy,limit,1,0,0.2329192547,77.31,77.28,3.882,0.045017,0,,,
1784709604.391,21593046,c29e7d8d-a188-40ff-8043-34bc8d011a10,exit,ADA/USD,sell,limit,0,1,78.93905905,0.171917,0.171973,3.256,0.054284,0,label-mature realization (ML-073),,
1784709684.396,c01c85a7,a1e180c5-33ce-4190-be16-a9b2bdbad90c,entry,XRP/USD,sell,limit,1,0,104.350926,1.133585,1.13346,-1.103,0.295727,1.811594822,,,
1784710955.138,f541f487,b0401d18-9523-41ad-9697-3886980caf78,exit,SOL/USD,sell,limit,0,1,0.2329192547,77.37,77.35,-2.586,0.072084,0,tier trail,,
1784711030.384,502d89b1,a5ae5b72-cb30-42b2-8914-738f094b228c,exit,DOT/USD,sell,limit,0,1,21.37767221,0.8423098767,0.8422,-1.305,0.072026,0,tier trail,,
1784711110.39,e2c999da,56d3b6b6-160a-4b45-83dd-71349a477053,entry,ADA/USD,buy,limit,1,0,104.3871604,0.172519,0.172435,4.871,0.045022,0,,,
1784711346.821,8f6c09be,4c58b11a-407e-44bc-a68a-819d0e71c382,entry,ETH/USD,buy,limit,1,0,0.009351378029,1924.844,1924.85,-0.031,0.045000,0,,,
1784711679.672,5c180274,56d3b6b6-160a-4b45-83dd-71349a477053,exit,ADA/USD,sell,limit,0,1,104.3871604,0.172442,0.172476,1.971,0.072003,0,tier trail,,
1784712102.8,8fa73e3e,0666616c-3399-4ec5-b0a3-f7dc1b00030f,entry,SOL/USD,sell,limit,0,0,1.309722833,77.39,77.38,-1.292,0.405438,0,,,
1784712909.147,477feadd,b632682d-3d31-49b6-b803-fbb5c46556a5,exit,XRP/USD,sell,limit,0,1,11.94796,1.13321,1.13321,-0.0,0.054158,0,tier 1,,
1784712954.151,703950a1,1e51789b-3d00-42ac-8519-798cb4ae8210,entry,MINA/USD,sell,limit,1,0,385.6329911,0.045896,0.04588,-3.487,0.044248,6.694820605,,,
1784713351.09,8405e7cf,0666616c-3399-4ec5-b0a3-f7dc1b00030f,exit,SOL/USD,buy,limit,0,1,1.309722833,77.31,77.31,0.0,0.405019,0,tier trail,,
1784713387.655,e4406f26,ff3d1601-b29b-44be-a40d-ff134fb4be09,entry,XRP/USD,buy,limit,1,0,15.89039161,1.13265,1.13276,-0.971,0.044996,0,,,
1784713653.316,9946288c,a1e180c5-33ce-4190-be16-a9b2bdbad90c,exit,XRP/USD,buy,limit,0,1,104.350926,1.13322,1.13341,-1.676,0.473010,0,tier trail,,
1784714165.571,485a3857,ac999ac6-074c-47d3-b6b7-f2846d219a94,entry,LINK/USD,sell,limit,1,0,2.09363187,8.59712,8.5975,0.442,0.044998,0,,,
1784714210.574,3ea0018c,e7801548-5eb9-43b4-a48c-448538a4ceec,exit,LINK/USD,buy,limit,0,1,12.5082108,8.602,8.602,0.0,0.430383,0,tier trail,,
1784714628.777,12105a5e,daf8502b-0df0-403b-90f4-5c9fa374be02,entry,XRP/USD,buy,limit,1,0,15.8639228,1.13456,1.13465,-0.793,0.044996,0,,,
1784714960.48,1ceef030,ff3d1601-b29b-44be-a40d-ff134fb4be09,exit,XRP/USD,sell,limit,0,1,15.89039161,1.13374,1.13384,0.882,0.072062,0,tier trail,,
1784715514.319,bf4fc1c6,1e51789b-3d00-42ac-8519-798cb4ae8210,exit,MINA/USD,buy,limit,0,1,385.6329911,0.04587,0.04587,-0.0,0.070756,0,tier trail,,
1784715604.326,2740d9d2,e71b2c2d-a58e-49f7-b1d6-9ccd37815b68,entry,DOT/USD,buy,limit,1,0,21.4771507,0.837725,0.8381,-4.474,0.044980,0,,,
1784716479.528,18030527,635da265-bc55-419c-96f8-46f8ec9b5ff0,entry,SUI/USD,buy,limit,1,0,21.31467182,0.76074,0.7609,-2.103,0.040537,2.341524785,,,
1784716489.528,18030527,635da265-bc55-419c-96f8-46f8ec9b5ff0,entry,SUI/USD,buy,limit,1,0,2.301568178,0.76074,0.7609,-2.103,0.004377,0.03995660749,,,
1784718461.189,704dd39c,daf8502b-0df0-403b-90f4-5c9fa374be02,exit,XRP/USD,sell,limit,0,1,15.8639228,1.1369,1.13679,-0.968,0.072143,0,tier trail,,
1784718566.199,f94e11ae,cce3c1ff-2ef1-4516-8364-048bdfa99418,entry,DOGE/USD,buy,limit,1,0,247.5346239,0.072695675,0.0727171,-2.946,0.044987,0,,,
1784718576.2,2474346d,4c58b11a-407e-44bc-a68a-819d0e71c382,exit,ETH/USD,sell,limit,0,1,0.009351378029,1927.73,1928.05,1.66,0.072108,0,label-mature realization (ML-073),,
1784719064.721,18ca6717,635da265-bc55-419c-96f8-46f8ec9b5ff0,exit,SUI/USD,sell,limit,0,1,23.61624,0.7602,0.7601,-1.316,0.071812,0,tier trail,,
1784719175.67,4a084d9d,a51ca48c-eb98-482f-bbb6-5f5fafeca75c,entry,MINA/USD,buy,limit,1,0,383.5430659,0.046148,0.04613,3.902,0.044249,6.658538248,,,
1784719210.672,d56105e3,e71b2c2d-a58e-49f7-b1d6-9ccd37815b68,exit,DOT/USD,sell,limit,0,1,21.4771507,0.838,0.8377,-3.581,0.071991,0,tier trail,,
1784719971.663,6bba7cd7,cce3c1ff-2ef1-4516-8364-048bdfa99418,exit,DOGE/USD,sell,limit,0,1,247.5346239,0.0727376,0.0727376,-0.0,0.072020,0,tier trail,,
1784720097.342,c5371675,c2806dca-a3fe-4b20-be38-4090d75fe4fd,entry,DOGE/USD,buy,limit,1,0,247.4628187,0.0727382,0.0727382,0.0,0.045000,0,,,
1784720977.525,0961ad1a,0c213ca5-8c5b-451a-aaaf-58e2ef911c3f,entry,MINA/USD,buy,limit,1,0,390.625,0.04606,0.04608,-4.34,0.044980,0,,,
1784721147.539,802fb988,d2f1d54b-8400-4e96-a3c7-944a112c8e31,entry,ARB/USD,buy,limit,1,0,201.3422819,0.0893,0.0894,-11.186,0.044950,0,,,
1784721399.526,f330ba8d,ac999ac6-074c-47d3-b6b7-f2846d219a94,exit,LINK/USD,buy,limit,0,1,2.09363187,8.63256,8.63304,-0.556,0.072294,0,label-mature realization (ML-073),,
1784721429.788,dc524292,3414066b-a624-4586-9a1a-ed2ca0305a2f,entry,BTC/USD,sell,limit,1,0,0.002025545372,65977.2,65977.2,-0.0,0.334100,0,,,
1784722067.753,bace25d1,d2f1d54b-8400-4e96-a3c7-944a112c8e31,exit,ARB/USD,sell,limit,0,1,201.3422819,0.0889,0.089,11.236,0.071597,0,tier trail,,
1784722109.444,8cef0f38,ecb3c869-5d8f-4fa9-aaf6-43d6eb654a03,entry,SOL/USD,sell,limit,1,0,0.2287966071,77.3275,77.33,0.323,0.044231,0.003972046675,,,
1784723520.817,8754b8a7,ecb3c869-5d8f-4fa9-aaf6-43d6eb654a03,exit,SOL/USD,buy,limit,0,1,0.2287966071,77.17,77.22,-6.475,0.070625,0,tier trail,,
1784723745.201,4f1ede2b,2ff4eed2-4002-4cc8-9e44-2182db71ee37,entry,DOT/USD,buy,limit,1,0,21.55172414,0.8355,0.8352,3.592,0.045016,0,,,
1784724279.471,55d69729,3414066b-a624-4586-9a1a-ed2ca0305a2f,exit,BTC/USD,buy,limit,0,2,0.0005334479866,65746.5,65744.2,0.35,0.140289,0,tier 1,,
1784725021.245,19f02412,2ff4eed2-4002-4cc8-9e44-2182db71ee37,exit,DOT/USD,sell,limit,0,1,21.55172414,0.8335,0.8339,4.797,0.071853,0,tier trail,,
1784725208.035,d869dc51,d3e342ce-0321-41f3-b488-79e15da356a7,entry,DOGE/USD,buy,limit,1,0,153.0140031,0.0723731,0.0723781,-0.691,0.027685,95.68000794,,,
1784726409.084,cda6f8a4,a51ca48c-eb98-482f-bbb6-5f5fafeca75c,exit,MINA/USD,sell,limit,0,1,383.5430659,0.04595461976,0.04589,-14.081,0.070502,0,label-mature realization (ML-073),,
1784726860.86,6b5d191b,71637505-f78d-40ca-8989-9f881dab99f6,entry,SUI/USD,buy,limit,1,0,23.6624162,0.761,0.7607,3.944,0.045018,0,,,
1784727290.704,8a461fcd,3414066b-a624-4586-9a1a-ed2ca0305a2f,exit,BTC/USD,buy,limit,0,1,0.001492097386,65728.2,65706.2,3.348,0.392292,0,tier 1,,
1784727485.717,e0532f94,71637505-f78d-40ca-8989-9f881dab99f6,exit,SUI/USD,sell,limit,0,2,5.915604049,0.7664,0.7655,-11.757,0.018135,0,tier 1,,
1784727510.719,c70f2100,261fabb5-8f64-4a43-83ba-2c4d37bfe13c,entry,ARB/USD,buy,limit,1,0,200.2224694,0.0899,0.0899,0.0,0.045000,0,,,
1784727530.721,86d01375,c2806dca-a3fe-4b20-be38-4090d75fe4fd,exit,DOGE/USD,sell,limit,0,1,247.4628187,0.0725298,0.0725787,6.738,0.071794,0,label-mature realization (ML-073),,
1784727716.381,eb837069,fbf9b4cb-65f4-45cc-9306-88e873417113,entry,ETH/USD,sell,limit,1,0,0.009314745242,1933.01,1932.42,-3.053,0.045014,0,,,
1784727841.907,fb3313d6,d3e342ce-0321-41f3-b488-79e15da356a7,exit,DOGE/USD,sell,limit,0,2,153.0140031,0.0727099,0.0727235,1.87,0.044503,0,tier 1,,
1784728083.402,5b2ee3a3,71637505-f78d-40ca-8989-9f881dab99f6,exit,SUI/USD,sell,limit,0,1,17.74681215,0.7676,0.7671,-6.518,0.054490,0,tier 1,,
1784728118.405,d67fff18,621998f8-a58b-4813-a676-874f0927f6ba,entry,BTC/USD,buy,limit,1,0,0.0001608631128,65821.775,65821.4,0.057,0.026471,0,,,
1784728788.935,eb20ddc9,17cc001f-f811-4079-90bd-66883bf3a639,entry,ARB/USD,buy,limit,1,0,664.1235556,0.0906,0.0907,-11.025,0.150424,0,,,
1784728803.936,9dff909f,0c213ca5-8c5b-451a-aaaf-58e2ef911c3f,exit,MINA/USD,sell,limit,0,1,390.625,0.046084536,0.0461,3.354,0.072007,0,label-mature realization (ML-073),,
1784729133.696,b3f711db,621998f8-a58b-4813-a676-874f0927f6ba,exit,BTC/USD,sell,limit,1,1,0.0001608631128,66077.3,66077.3,-0.0,0.026574,0,tier 1,,
1784729158.697,da507152,261fabb5-8f64-4a43-83ba-2c4d37bfe13c,exit,ARB/USD,sell,limit,1,1,200.2224694,0.0913,0.0912,-10.965,0.045701,0,tier 1,,
1784729168.698,82a0b864,758a82d0-2fdb-43b5-9aba-09a16a21e7fb,entry,SUI/USD,buy,limit,1,0,13.72777816,0.77164,0.7713,4.408,0.026482,0,,,
1784729173.698,470a6b87,758a82d0-2fdb-43b5-9aba-09a16a21e7fb-r1,entry,SUI/USD,buy,limit,1,0,9.609444711,0.771022688,0.7713,-3.595,0.018523,0,,,
1784729303.704,0d76362a,17cc001f-f811-4079-90bd-66883bf3a639,exit,ARB/USD,sell,limit,0,1,664.1235556,0.0908,0.0909,11.001,0.241210,0,tier trail,,
1784729650.784,4090e46c,11d0a7cf-8d74-4b04-afd1-f6b1bfb6f17a,entry,ETH/USD,sell,limit,1,0,0.009270704574,1941.546,1941.6,0.278,0.044999,0,,,
1784729921.33,974814e6,758a82d0-2fdb-43b5-9aba-09a16a21e7fb-r1,exit,SUI/USD,sell,limit,0,1,9.609444711,0.7669,0.7673,5.213,0.029478,0,tier trail,,
1784730091.394,8b4af1d0,11d0a7cf-8d74-4b04-afd1-f6b1bfb6f17a,exit,ETH/USD,buy,limit,0,2,0.002317676143,1930.68,1930.42,1.347,0.017899,0,tier 1,,
1784730151.398,0ab34317,a2b69ac5-cc08-49a2-bf53-d372ef1ebf19,entry,DOGE/USD,buy,limit,1,0,145.6324347,0.0726455,0.0727052,-8.211,0.026449,0,,,
1784730328.528,1140b662,fbf9b4cb-65f4-45cc-9306-88e873417113,exit,ETH/USD,buy,limit,0,1,0.009314745242,1929.11,1929.14,-0.156,0.071877,0,tier trail,,
1784730383.614,384819c9,5bca3726-4cb0-4fa6-ab83-f0ca33e54f1b,entry,SUI/USD,sell,limit,1,0,13.5957595,0.7662,0.7655,-9.144,0.026043,0.2360305601,,,
1784730654.964,2483685d,11d0a7cf-8d74-4b04-afd1-f6b1bfb6f17a,exit,ETH/USD,buy,limit,0,1,0.00695302843,1925.02,1925.12,-0.519,0.053539,0,tier 1,,
1784731189.217,8ee29c8a,a2b69ac5-cc08-49a2-bf53-d372ef1ebf19,exit,DOGE/USD,sell,limit,0,1,145.6324347,0.0726796,0.072663,-2.285,0.042338,0,tier trail,,
1784731675.624,2ac06c60,d9359f9d-0b77-4db1-8d60-ee77897d4185,entry,SUI/USD,buy,limit,0,0,122.7648268,0.7666,0.7667,-1.304,0.376446,0,,,
1784733284.863,248a224d,d9359f9d-0b77-4db1-8d60-ee77897d4185,exit,SUI/USD,sell,limit,1,1,31.85875835,0.7712,0.7712,-0.0,0.061424,0,tier 1,,
1784733354.866,2425cc39,8fa1f044-d511-4b7c-8a5e-e847c588ec6b,entry,ADA/USD,buy,limit,1,0,59.89193499,0.176804,0.176789,0.848,0.026473,0,,,
1784733602.375,623dcd7a,c5bfe47a-d983-41c9-a58c-7b5af8454cfa,entry,ETH/USD,sell,limit,1,0,0.005698352894,1944.166,1943.52,-3.324,0.027696,0.003563193166,,,
1784733607.375,623dcd7a,c5bfe47a-d983-41c9-a58c-7b5af8454cfa,entry,ETH/USD,sell,limit,1,0,0.003563193166,1944.166,1943.52,-3.324,0.017319,0,,,
1784734382.143,515203a5,8fa1f044-d511-4b7c-8a5e-e847c588ec6b,exit,ADA/USD,sell,limit,0,1,59.89193499,0.177242,0.177408,9.357,0.042461,0,tier trail,,
1784734907.727,ef515d0a,758a82d0-2fdb-43b5-9aba-09a16a21e7fb,exit,SUI/USD,sell,limit,0,1,13.72777816,0.7722,0.7731,11.641,0.042402,0,tier trail,,
1784734907.727,2d50a612,d9359f9d-0b77-4db1-8d60-ee77897d4185,exit,SUI/USD,sell,limit,0,1,90.90606845,0.7722,0.7731,11.641,0.280791,0,tier 1,,
1784735269.549,2eabdc36,bec29e65-ebc4-49b8-a9c5-ba59902e0721,entry,SUI/USD,sell,limit,0,0,120.3147701,0.7698,0.7699,1.299,0.370473,0,,,
1784735790.858,b5077aa1,235c6ddb-7f9a-4af6-b013-c690ef7d9a9e,entry,ADA/USD,buy,limit,1,0,59.40170602,0.178059,0.178248,-10.603,0.026443,0,,,
1784735790.858,7fbc0473,235c6ddb-7f9a-4af6-b013-c690ef7d9a9e-r1,entry,ADA/USD,buy,limit,1,0,41.58119421,0.1779165528,0.178248,-18.595,0.018495,0,,,
1784736522.578,100f64da,c5bfe47a-d983-41c9-a58c-7b5af8454cfa,exit,ETH/USD,buy,limit,0,1,0.009261546061,1945.02,1945.21,-0.977,0.072056,0,tier trail,,
1784736795.076,6e0ba731,50e75475-e39b-4361-8e01-41039708ad23,entry,LINK/USD,buy,limit,1,0,1.968267375,8.6804725,8.67628,4.832,0.042714,0.1063544676,,,
1784736800.076,6e0ba731,50e75475-e39b-4361-8e01-41039708ad23,entry,LINK/USD,buy,limit,1,0,0.1063544676,8.6804725,8.67628,4.832,0.002308,0,,,
1784737358.209,426d4098,235c6ddb-7f9a-4af6-b013-c690ef7d9a9e,exit,ADA/USD,sell,limit,0,1,59.40170602,0.178407,0.17847,3.53,0.042391,0,tier trail,,
1784737358.209,1e803e38,235c6ddb-7f9a-4af6-b013-c690ef7d9a9e-r1,exit,ADA/USD,sell,limit,0,1,41.58119421,0.178407,0.17847,3.53,0.029674,0,tier trail,,
1784738446.428,479049c7,797f797e-4918-482a-8a33-edb6e3bf36fe,entry,SUI/USD,buy,limit,1,0,13.61130646,0.7777,0.7779,-2.571,0.026464,0,,,
1784738924.292,be20ad42,5bca3726-4cb0-4fa6-ab83-f0ca33e54f1b,exit,SUI/USD,buy,limit,0,1,13.5957595,0.7754,0.7755,-1.289,0.042169,0,tier trail,,
1784738924.292,d5df708c,bec29e65-ebc4-49b8-a9c5-ba59902e0721,exit,SUI/USD,buy,limit,0,1,120.3147701,0.7754,0.7755,-1.289,0.373168,0,tier trail,,
1784738924.292,b10d9dee,50e75475-e39b-4361-8e01-41039708ad23,exit,LINK/USD,sell,limit,0,1,2.074621843,8.69987,8.70071,0.965,0.072196,0,tier trail,,
1784739124.657,077dfa47,b33c1ecd-eb1e-4eeb-89ec-de1694c992c1,entry,ADA/USD,sell,limit,1,0,57.91594872,0.179695,0.179701,0.334,0.026018,1.005455694,,,
1784739231.63,b85b99d1,657dd146-9a79-4e2d-9e21-1edc5cbde083,entry,ETH/USD,buy,limit,1,0,0.005435718104,1947.74,1947.9,-0.821,0.026468,0,,,
1784739729.014,c5bd26bf,e3dd4db4-9cf8-40d7-bbe7-8db2628b1371,entry,LINK/USD,buy,limit,1,0,5.665103061,8.69936,8.70146,-2.413,0.123207,0,,,
1784740092.213,69d59d02,b33c1ecd-eb1e-4eeb-89ec-de1694c992c1,exit,ADA/USD,buy,limit,0,1,57.91594872,0.179661,0.179649,0.668,0.041621,0,tier trail,,
1784740680.793,2ebabaa8,435381ed-e715-47da-bc72-0cef53004967,entry,ETH/USD,buy,limit,1,0,0.009268270077,1941.714,1942.11,-2.039,0.044991,0,,,
1784741029.377,6d30b21f,3ed44dee-32e9-4caf-b8c2-c0bdb175b1cf,entry,LINK/USD,sell,limit,1,0,2.076124567,8.666935,8.67,3.535,0.044984,0,,,
1784744357.112,7b531e79,3ed44dee-32e9-4caf-b8c2-c0bdb175b1cf,exit,LINK/USD,buy,limit,0,1,2.076124567,8.643388387,8.64394,-0.638,0.071779,0,tier trail,,
1784744647.632,c14c5dac,153c9eab-7d98-4fe9-9283-6b74729b9e41,entry,LINK/USD,sell,limit,1,0,2.088031404,8.62152,8.62056,-1.114,0.045005,0,,,
1784745678.564,f1e04bda,797f797e-4918-482a-8a33-edb6e3bf36fe,exit,SUI/USD,sell,limit,0,1,13.61130646,0.7652,0.7652,-0.0,0.041661,0,label-mature realization (ML-073),,
1784746126.882,5a51d594,e3dd4db4-9cf8-40d7-bbe7-8db2628b1371,exit,LINK/USD,sell,limit,0,1,5.665103061,8.616608872,8.60827,-9.687,0.195256,0,tier trail,,
1784746126.882,f23c1ca7,435381ed-e715-47da-bc72-0cef53004967,exit,ETH/USD,sell,limit,0,1,0.009268270077,1927.97,1927.98,0.052,0.071476,0,tier trail,,
1784746459.202,a87163ec,153c9eab-7d98-4fe9-9283-6b74729b9e41,exit,LINK/USD,buy,limit,0,1,2.088031404,8.62733,8.62779,-0.533,0.072057,0,tier trail,,
1784746704.22,e6c3baa0,00cf529d-ba30-4e2a-ba71-73616fe62987,entry,DOT/USD,buy,limit,1,0,11.3519709,0.84004,0.8404,-4.284,0.023840,1.247071569,,,
1784746714.22,e6c3baa0,00cf529d-ba30-4e2a-ba71-73616fe62987,entry,DOT/USD,buy,limit,1,0,1.247071569,0.84004,0.8404,-4.284,0.002619,0,,,
1784748082.836,ed0de074,019304e7-f6e8-48ee-b4b6-1fedc2f9cc69,entry,SOL/USD,sell,limit,1,0,0.1365519125,77.54,77.54,-0.0,0.026471,0,,,
1784748314.655,102258af,dd58675e-f7a6-4e0f-9d68-82ea74b45d06,entry,DOT/USD,buy,limit,0,0,21.12008435,0.8413,0.8417,-4.752,0.051795,0.2652073257,,,
1784748319.656,102258af,dd58675e-f7a6-4e0f-9d68-82ea74b45d06,entry,DOT/USD,buy,limit,0,0,0.2652073257,0.8413,0.8417,-4.752,0.000892,0,,,
1784749197.955,a8042d20,c2fd1ecf-cdad-4e95-8f54-ba57c579acab,entry,XRP/USD,sell,limit,1,0,67.35876793,1.13833,1.13832,-0.088,0.191691,0,,,
1784749228.129,e6258e8d,657dd146-9a79-4e2d-9e21-1edc5cbde083,exit,ETH/USD,sell,limit,0,1,0.005435718104,1926.23,1926.03,-1.038,0.041882,0,label-mature realization (ML-073),,
1784750077.212,adc5e5d1,6b01b2ff-8e92-4f00-9931-5a5e2febc2fd,entry,ETH/USD,buy,limit,1,0,0.009356190159,1923.9925,1923.86,0.689,0.045003,0,,,
1784750594.88,0102fd3f,c2fd1ecf-cdad-4e95-8f54-ba57c579acab,exit,XRP/USD,buy,limit,0,1,67.35876793,1.13603,1.13642,-3.432,0.306086,0,tier trail,,
1784750604.881,42f82bf5,00cf529d-ba30-4e2a-ba71-73616fe62987,exit,DOT/USD,sell,limit,0,1,12.59904247,0.8414872404,0.841,-5.794,0.042408,0,tier trail,,
1784750938.43,80817737,42e16327-6835-457b-a0c8-6ba7bc9d31ed,entry,BTC/USD,sell,limit,1,0,0.0009335040552,65795.175,65806.3,1.691,0.153550,0,,,
1784751220.981,a1651589,198e50b7-87d7-47d4-b848-b13d0a936d33,entry,SOL/USD,sell,limit,1,0,0.8921258456,77.8,77.79,-1.286,0.173518,0,,,
1784751784.044,d3629eaa,dd58675e-f7a6-4e0f-9d68-82ea74b45d06,exit,DOT/USD,sell,limit,0,1,21.38529167,0.8421,0.8425,4.748,0.072034,0,tier trail,,
1784753105.923,81cda3b3,cbc136bf-bd87-4e42-8be8-90ea44eb7e9e,entry,DOGE/USD,sell,limit,1,0,152.495278,0.0726329,0.0726243,-1.184,0.027690,95.35564794,,,
1784755099.929,3bc438ce,cbc136bf-bd87-4e42-8be8-90ea44eb7e9e,exit,DOGE/USD,buy,limit,0,1,152.495278,0.0725431,0.0725718,-3.955,0.044250,0,tier trail,,
1784755300.104,0e8c1b51,0f1ac3dd-a994-4743-b739-62a3967781fb,entry,DOT/USD,sell,limit,1,0,21.02786027,0.840925,0.8414,5.645,0.044207,0.3650562983,,,
1784755310.105,fdf5b71a,019304e7-f6e8-48ee-b4b6-1fedc2f9cc69,exit,SOL/USD,buy,limit,0,1,0.1365519125,77.77,77.76,1.286,0.042479,0,label-mature realization (ML-073),,
1784756019.0,1d31a640,0f1ac3dd-a994-4743-b739-62a3967781fb,exit,DOT/USD,buy,limit,0,1,21.02786027,0.8394442007,0.8393,1.718,0.070607,0,tier trail,,
1784756476.906,56254662,32af59af-1726-4206-b18c-55bb02df6b23,entry,XRP/USD,buy,limit,1,0,5.706224379,1.14111,1.14167,-4.905,0.016279,3.568115224,,,
1784756481.906,56254662,32af59af-1726-4206-b18c-55bb02df6b23,entry,XRP/USD,buy,limit,1,0,3.568115224,1.14111,1.14167,-4.905,0.010179,0,,,
1784756496.98,3a5a503c,beb05b64-4e20-4721-a219-92d7003c7b75,entry,DOT/USD,buy,limit,0,0,20.6504774,0.8413,0.8392,25.024,0.050844,0.7985216457,,,
1784756501.981,3a5a503c,beb05b64-4e20-4721-a219-92d7003c7b75,entry,DOT/USD,buy,limit,0,0,0.7985216457,0.8413,0.8392,25.024,0.002687,0,,,
1784756942.861,7d89db4d,198e50b7-87d7-47d4-b848-b13d0a936d33,exit,SOL/USD,buy,limit,0,1,0.8921258456,77.97,77.98,-1.282,0.278236,0,tier trail,,
1784757033.56,710f08fd,7c90e935-2a7a-477d-9bd4-540280058990,entry,LTC/USD,buy,limit,0,0,0.3784693019,47.56,47.56,0.0,0.072000,0,,,
1784757143.686,3358e021,6b01b2ff-8e92-4f00-9931-5a5e2febc2fd,exit,ETH/USD,sell,limit,0,2,0.00233904754,1938.23,1938.72,2.527,0.018134,0,tier 1,,
1784757305.247,c072f035,6b01b2ff-8e92-4f00-9931-5a5e2febc2fd,exit,ETH/USD,sell,limit,0,1,0.00701714262,1935.7,1935.71,0.052,0.054332,0,label-mature realization (ML-073),,
1784757415.257,dba510a1,c2b69413-86b3-4847-8b30-606bf0e13033,entry,DOGE/USD,buy,limit,1,0,242.3205572,0.07290285,0.0730142,-15.25,0.044165,4.206830581,,,
1784758161.377,87da1f0e,42e16327-6835-457b-a0c8-6ba7bc9d31ed,exit,BTC/USD,buy,limit,0,1,0.0009335040552,65957.3,65960.6,-0.5,0.246286,0,label-mature realization (ML-073),,
1784758346.44,cbe476e7,589072d9-2dce-45a0-996e-8a209c5117f3,entry,SOL/USD,buy,limit,0,0,0.2305918524,78.05,78.06,-1.281,0.071991,0,,,
1784759810.102,9d081857,c2b69413-86b3-4847-8b30-606bf0e13033,exit,DOGE/USD,sell,limit,0,1,242.3205572,0.0727592,0.0727763,2.35,0.070524,0,tier trail,,
1784760468.053,a8c66ff8,d3a7eceb-80a7-4cf1-a1cc-9831725b0684,entry,ARB/USD,buy,limit,1,0,199.7780244,0.0901,0.0901,0.0,0.045000,0,,,
1784762351.396,232e87af,d3a7eceb-80a7-4cf1-a1cc-9831725b0684,exit,ARB/USD,sell,limit,0,1,199.7780244,0.0885,0.0885,-0.0,0.070721,0,stop 0.0885 hit,,
1784762501.408,0b4b7e0a,d3b7d8c8-5673-4912-85ff-a1b4a441fa1c,entry,ADA/USD,sell,limit,1,0,103.8002422,0.17345775,0.17341,-2.754,0.045012,0,,,
1784763692.135,8afd94af,32af59af-1726-4206-b18c-55bb02df6b23,exit,XRP/USD,sell,limit,0,1,9.274339603,1.13981,1.1397,-0.965,0.042284,0,label-mature realization (ML-073),,
1784763852.821,0dd28c81,c6dbf115-3cf6-4d68-9e2a-047f347839d3,entry,AVAX/USD,sell,limit,1,0,2.726033621,6.604,6.603,-1.514,0.045007,0,,,
1784765937.37,f1ab809e,589072d9-2dce-45a0-996e-8a209c5117f3,exit,SOL/USD,sell,limit,0,1,0.2305918524,78.25,78.23,-2.557,0.072175,0,tier trail,,
1784766047.378,ec04e38a,8721b897-8b8c-4eaa-bc0a-c9fd2862ee16,entry,SUI/USD,sell,limit,0,0,23.21624298,0.7652,0.7649,-3.922,0.050152,0.3162449314,,,
1784766052.378,ec04e38a,8721b897-8b8c-4eaa-bc0a-c9fd2862ee16,entry,SUI/USD,sell,limit,0,0,0.3162449314,0.7653,0.7649,-5.229,0.000968,0,,,
1784766802.951,6026d9d0,beb05b64-4e20-4721-a219-92d7003c7b75,exit,DOT/USD,sell,limit,0,1,21.44899905,0.8395273841,0.8396,0.865,0.072028,0,label-mature realization (ML-073),,
1784766998.865,758e69b6,3d1e1c3c-2807-4a58-a6e0-22852d7753e7,entry,XRP/USD,buy,limit,1,0,15.73715455,1.14372,1.14379,-0.612,0.044997,0,,,
1784768293.654,2d355762,d3b7d8c8-5673-4912-85ff-a1b4a441fa1c,exit,ADA/USD,buy,limit,0,1,103.8002422,0.176463,0.1766,-7.758,0.073268,0,stop 0.176580 hit,,
1784768361.746,5b6e3e4d,a71e54c6-ffa7-41a0-8a87-19b3d7c2af17,entry,XRP/USD,buy,limit,1,0,15.78296667,1.14074,1.14047,2.367,0.045011,0,,,
1784768756.321,32cc8d39,8721b897-8b8c-4eaa-bc0a-c9fd2862ee16,exit,SUI/USD,buy,limit,0,1,23.53248791,0.7652,0.765,2.614,0.072028,0,tier trail,,
1784768766.322,eec9ed16,f722a95c-1098-4b1e-9362-9de0570b701b,entry,BTC/USD,buy,limit,1,0,0.0002720249538,66170.3,66170.4,-0.015,0.045000,0,,,
1784769504.25,c0514289,a71e54c6-ffa7-41a0-8a87-19b3d7c2af17,exit,XRP/USD,sell,limit,0,1,15.78296667,1.13904,1.13876,-2.459,0.071910,0,tier trail,,
1784769674.646,2fc441e5,1f29cc0e-5854-451f-84d2-30e748beab7f,entry,LINK/USD,buy,limit,1,0,2.051867332,8.626324,8.6228,4.087,0.044250,0.03562165067,,,
1784771304.391,46c43003,1f29cc0e-5854-451f-84d2-30e748beab7f,exit,LINK/USD,sell,limit,0,1,2.051867332,8.61017,8.60726,-3.381,0.070668,0,tier trail,,
1784771544.847,4fb4d539,b1e7ec6b-bf99-4572-a57b-e37e9e5821fb,entry,SOL/USD,sell,limit,1,0,0.2270350524,77.93,77.93,-0.0,0.044232,0.003941465025,,,
1784771559.848,4fb4d539,b1e7ec6b-bf99-4572-a57b-e37e9e5821fb,entry,SOL/USD,sell,limit,1,0,0.002425065803,77.93,77.93,0.0,0.000472,0.001516399222,,,
1784772322.109,92f2b8c4,b1e7ec6b-bf99-4572-a57b-e37e9e5821fb,exit,SOL/USD,buy,limit,0,1,0.2294601182,77.76,77.79,-3.857,0.071371,0,tier trail,,
1784772342.111,56778442,7570a097-dc68-4ab2-9d74-f2d68a42579b,entry,DOGE/USD,sell,limit,1,0,247.5645834,0.0727185,0.0727083,-1.403,0.045006,0,,,
1784773245.99,bcfe2c66,7570a097-dc68-4ab2-9d74-f2d68a42579b,exit,DOGE/USD,buy,limit,0,1,247.5645834,0.0726801,0.0726749,0.716,0.071972,0,tier trail,,
1784773381.001,278ac7dd,9886e103-6b48-486f-837c-1e66f4e8879f,entry,ARB/USD,buy,limit,1,0,199.556541,0.0901,0.0902,-11.086,0.044950,0,,,
1784774606.74,7e38b444,9886e103-6b48-486f-837c-1e66f4e8879f,exit,ARB/USD,sell,limit,0,1,199.556541,0.09,0.09,-0.0,0.071840,0,tier trail,,
1784776071.535,d5b9c9c1,d2e00e43-3088-4e51-9df1-adcc11766549,entry,XRP/USD,sell,limit,1,0,14.28437259,1.13515,1.13539,2.114,0.040537,1.569210764,,,
1784776081.536,d5b9c9c1,d2e00e43-3088-4e51-9df1-adcc11766549,entry,XRP/USD,sell,limit,1,0,1.569210764,1.13515,1.13539,2.114,0.004453,0,,,
1784776905.195,d6665598,d2e00e43-3088-4e51-9df1-adcc11766549,exit,XRP/USD,buy,limit,0,1,15.85358335,1.13452,1.13405,4.144,0.071945,0,tier trail,,
1784776985.242,bd8f46a3,a3a3baf5-338c-492a-8735-0213419ffbd5,entry,SUI/USD,sell,limit,1,0,23.60036712,0.7628,0.7627,-1.311,0.045006,0,,,
1784778345.696,c23643fd,a3a3baf5-338c-492a-8735-0213419ffbd5,exit,SUI/USD,buy,limit,0,1,23.60036712,0.7621,0.7619,2.625,0.071943,0,tier trail,,
1784778660.425,2861620a,b08dd37a-069d-4529-8610-1e8135ef78ac,entry,SUI/USD,sell,limit,1,0,23.63135093,0.7608,0.7617,11.816,0.044947,0,,,
1784783008.54,c6ed8b48,7c90e935-2a7a-477d-9bd4-540280058990,exit,LTC/USD,sell,limit,0,1,0.3784693019,47.12,47.13,2.122,0.071334,0,label-mature realization (ML-073),,
1784783578.581,58fa082e,2e4b7082-80b8-40da-9a2d-d307d988a034,entry,BTC/USD,buy,limit,0,0,0.0002744977834,65574.3,65574.3,0.0,0.072000,0,,,
1784785140.497,c5709438,2e4b7082-80b8-40da-9a2d-d307d988a034,exit,BTC/USD,sell,limit,0,1,0.0002744977834,65676,65677.2,0.183,0.072112,0,tier trail,,
1784785150.499,2b952115,2ffe1bf1-a46d-4982-9369-2253f93aa06f,entry,SUI/USD,sell,limit,1,0,23.4956272,0.7659,0.7661,2.611,0.044988,0,,,
1784787509.978,76293b68,2ffe1bf1-a46d-4982-9369-2253f93aa06f,exit,SUI/USD,buy,limit,0,1,23.4956272,0.7663,0.7664,-1.305,0.072019,0,tier trail,,
1784787780.137,0e5da3f6,82ce3a16-56ee-46c7-9b87-2b0f2d56432d,entry,LINK/USD,buy,limit,1,0,2.097733399,8.5778825,8.58069,-3.272,0.044985,0,,,
1784789501.964,96a92636,82ce3a16-56ee-46c7-9b87-2b0f2d56432d,exit,LINK/USD,sell,limit,0,1,2.097733399,8.57301,8.57633,3.871,0.071936,0,tier trail,,
1784789551.97,71272d1d,6e4e01a6-8d4f-492a-8330-3415609d4d71,entry,ADA/USD,buy,limit,1,0,103.3069709,0.17402,0.174238,-12.512,0.044944,0,,,
1784790243.461,a9cf7cc6,6e4e01a6-8d4f-492a-8330-3415609d4d71,exit,ADA/USD,sell,limit,0,1,103.3069709,0.173996,0.173886,-6.326,0.071900,0,tier trail,,
1784791281.35,2854e00d,eb3394a5-c66a-4ebf-8f06-da13b084b05d,entry,MINA/USD,sell,limit,1,0,388.5974441,0.045552,0.04553,-4.832,0.044253,6.746285293,,,
1784795811.241,6f5cdd03,b08dd37a-069d-4529-8610-1e8135ef78ac,exit,SUI/USD,buy,limit,0,1,23.63135093,0.7745,0.7746,-1.291,0.073210,0,stop 0.7745 hit,,
1784795841.244,2c4e20d6,765c9f02-052d-4e71-a1ae-7610cdf8cc0d,entry,DOGE/USD,sell,limit,1,0,152.9487055,0.0724178,0.072409,-1.215,0.027691,95.63917721,,,
1784795846.244,2c4e20d6,765c9f02-052d-4e71-a1ae-7610cdf8cc0d,entry,DOGE/USD,sell,limit,1,0,90.73628186,0.0724178,0.072409,-1.215,0.016427,4.902895347,,,
1784801121.269,9043e1e4,765c9f02-052d-4e71-a1ae-7610cdf8cc0d,exit,DOGE/USD,buy,limit,0,1,243.6849874,0.0723385,0.0723246,1.922,0.070511,0,tier trail,,
1784801353.729,30b87661,d32b5d37-3bf2-4686-b44d-c8899267f5ce,entry,ETH/USD,buy,limit,1,0,0.009354877269,1923.604,1924.13,-2.734,0.044988,0,,,
1784804743.52,a2642c37,d32b5d37-3bf2-4686-b44d-c8899267f5ce,exit,ETH/USD,sell,limit,0,1,0.009354877269,1925.17,1924.92,-1.299,0.072039,0,tier trail,,
1784804795.989,bbae0ab3,bd9d9fd9-d397-4fb1-8ab7-4c59c409203d,entry,ADA/USD,buy,limit,1,0,71.00879496,0.1745152,0.174454,3.508,0.030980,32.17026657,,,
1784804800.99,bbae0ab3,bd9d9fd9-d397-4fb1-8ab7-4c59c409203d,entry,ADA/USD,buy,limit,1,0,28.28866077,0.1745152,0.174454,3.508,0.012342,3.881605801,,,
1784805538.721,7aba791b,bd9d9fd9-d397-4fb1-8ab7-4c59c409203d,exit,ADA/USD,sell,limit,0,1,99.29745573,0.174929,0.174895,-1.944,0.069480,0,tier trail,,
1784805686.216,f0a0dd04,688098d6-b974-408b-9764-20fc3d5ba043,entry,BTC/USD,buy,limit,1,0,0.001984702223,65637.825,65637.9,-0.011,0.325679,0,,,
1784810136.588,df8a61e3,eb3394a5-c66a-4ebf-8f06-da13b084b05d,exit,MINA/USD,buy,limit,0,2,388.5974441,0.04531,0.04532,-2.207,0.070429,0,tier 1,,
1784810161.59,baf16916,e8f2a199-9b77-4c28-929a-0ebbbc5ab900,entry,LTC/USD,buy,limit,1,0,0.3834682573,46.94,46.94,0.0,0.045000,0,,,
1784810233.047,90028e7d,3d1e1c3c-2807-4a58-a6e0-22852d7753e7,exit,XRP/USD,sell,limit,0,1,15.73715455,1.1232,1.12308,-1.068,0.070704,0,stop 1.12313 hit,,
1784810263.049,b3f1fb22,b60d348f-beae-4283-b994-2f677523a765,entry,XRP/USD,sell,limit,1,0,16.03506334,1.1226475,1.12254,-0.958,0.045004,0,,,
1784810783.57,103361a1,f722a95c-1098-4b1e-9362-9de0570b701b,exit,BTC/USD,sell,limit,0,1,0.0002720249538,65031.1,65031.1,-0.0,0.070760,0,stop 65032.50 hit,,
1784810833.628,c324fc08,e8f2a199-9b77-4c28-929a-0ebbbc5ab900,exit,LTC/USD,sell,limit,0,1,0.3834682573,46.88,46.88,-0.0,0.071908,0,tier trail,,
1784810858.63,b3e4e7a1,272c2a97-d242-4f41-a884-d370857df343,entry,LINK/USD,sell,limit,0,0,2.112676056,8.51695,8.52,3.58,0.071974,0,,,
1784811073.644,f70b4971,b60d348f-beae-4283-b994-2f677523a765,exit,XRP/USD,buy,limit,0,1,16.03506334,1.12344,1.12335,0.801,0.072058,0,tier trail,,
1784811098.646,979a166b,d2696c27-cd3e-4c4f-8b17-62323593b5fa,entry,BTC/USD,buy,limit,0,0,0.0002760160457,65219.3,65213.6,0.874,0.072006,0,,,
1784811134.775,30b62426,31a796ae-1c44-41f5-8c52-b3fac00399d7,entry,ARB/USD,buy,limit,0,0,205.7142857,0.0876,0.0875,11.429,0.072082,0,,,
1784813546.298,2d0c4897,272c2a97-d242-4f41-a884-d370857df343,exit,LINK/USD,buy,limit,0,1,2.112676056,8.49272,8.49462,-2.237,0.071769,0,tier trail,,
1784813641.624,34abacf5,8ca67d80-e6be-4551-99c1-5a2daede7c4e,entry,SOL/USD,sell,limit,1,0,0.2340702211,76.94,76.9,-5.202,0.045023,0,,,
1784814023.657,71586585,8ca67d80-e6be-4551-99c1-5a2daede7c4e,exit,SOL/USD,buy,limit,0,1,0.2340702211,76.85,76.85,0.0,0.071953,0,tier trail,,
1784814415.082,eec57d0f,c5f51bf9-2a1f-4c51-9375-6c70f09352fb,entry,LTC/USD,buy,limit,1,0,1.873003895,46.7125,46.71,0.535,0.218732,0,,,
1784817249.504,81f6f38b,c5f51bf9-2a1f-4c51-9375-6c70f09352fb,exit,LTC/USD,sell,limit,0,1,1.873003895,46.64,46.68,8.569,0.349428,0,tier trail,,
1784817254.505,1871610a,c6dbf115-3cf6-4d68-9e2a-047f347839d3,exit,AVAX/USD,buy,limit,0,2,0.6815084053,6.481,6.48,1.543,0.017667,0,tier 1,,
1784817279.837,6b53adb3,c6dbf115-3cf6-4d68-9e2a-047f347839d3,exit,AVAX/USD,buy,limit,1,1,0.5024091785,6.479,6.48,-1.543,0.008138,0.008722125437,tier 2,,
1784817284.837,b977c1db,c6dbf115-3cf6-4d68-9e2a-047f347839d3,exit,AVAX/USD,buy,limit,0,2,1.542116037,6.481,6.48,1.543,0.039978,0,tier 3,,
1784817579.957,70881e51,5cf1d8fa-e824-4c61-97f9-1336b7ebdba1,entry,ADA/USD,sell,limit,1,0,218.2173943,0.171449,0.17136,-5.194,0.093533,0,,,
1784817760.043,fcadf626,40d55b68-609c-4f02-832d-313b09091b31,entry,LTC/USD,buy,limit,0,0,0.3852739726,46.68,46.72,-8.562,0.071938,0,,,
1784817790.151,14f3ff2d,688098d6-b974-408b-9764-20fc3d5ba043,exit,BTC/USD,sell,limit,0,1,0.001984702223,65000,65000.1,0.015,0.516023,0,label-mature realization (ML-073),,
1784818245.615,34468eb9,5cf1d8fa-e824-4c61-97f9-1336b7ebdba1,exit,ADA/USD,buy,limit,1,1,54.55434859,0.170723,0.17074,-0.996,0.023284,0,tier 1,,
1784818380.637,c77b7fa6,e940ad3f-4732-4bb7-959c-fd47179b402b,entry,ARB/USD,buy,limit,1,0,187.4951883,0.0865,0.0865,0.0,0.040546,20.59729722,,,
1784818385.638,dabbaeb7,5cf1d8fa-e824-4c61-97f9-1336b7ebdba1,exit,ADA/USD,buy,limit,0,1,163.6630458,0.170946,0.170977,-1.813,0.111910,0,tier 1,,
1784818540.661,64f1e19b,00be6ca6-e8cf-4c27-98ed-fe003538b62c,entry,SUI/USD,sell,limit,0,0,91.06802856,0.7493,0.7494,1.334,0.272949,0,,,
1784818570.666,096f8cb6,d2696c27-cd3e-4c4f-8b17-62323593b5fa,exit,BTC/USD,sell,limit,0,1,0.0002760160457,64822.6,64816.2,-0.987,0.071568,0,label-mature realization (ML-073),,
1784818665.68,717a4df9,c7a03b8f-dfac-4fad-bb2b-1ea2205b3d39,entry,DOT/USD,sell,limit,1,0,21.72766994,0.8152,0.8143,-11.052,0.044281,0.3772054149,,,
1784818680.682,717a4df9,c7a03b8f-dfac-4fad-bb2b-1ea2205b3d39,entry,DOT/USD,sell,limit,1,0,0.2320832347,0.8152,0.8143,-11.052,0.000473,0.1451221802,,,
1784818690.683,80947b42,31a796ae-1c44-41f5-8c52-b3fac00399d7,exit,ARB/USD,sell,limit,0,1,205.7142857,0.0864,0.0865,11.561,0.071095,0,label-mature realization (ML-073),,
1784818756.519,570ef4ac,b7a385a9-bed6-4ec9-a702-675840ea5404,entry,SOL/USD,sell,limit,1,0,0.235818158,76.33,76.33,-0.0,0.045000,0,,,
1784818926.547,0ce35e26,00be6ca6-e8cf-4c27-98ed-fe003538b62c,exit,SUI/USD,buy,limit,0,1,91.06802856,0.7476,0.7469,9.372,0.272330,0,tier trail,,
1784819149.626,d907c35b,90c953e8-a91e-41fd-becc-ae702fa6b522,entry,LINK/USD,sell,limit,1,0,2.127320108,8.45994,8.46135,1.666,0.044993,0,,,
1784819966.52,4733159b,90c953e8-a91e-41fd-becc-ae702fa6b522,exit,LINK/USD,buy,limit,0,1,2.127320108,8.44036,8.435,6.354,0.071821,0,tier trail,,
1784819991.523,2af53eaf,c7a03b8f-dfac-4fad-bb2b-1ea2205b3d39,exit,DOT/USD,buy,limit,0,1,21.95975317,0.8124879673,0.8121,4.777,0.071368,0,tier trail,,
1784820056.938,bd5b2da0,2d096101-6abd-4a76-beef-c557854737e5,entry,ETH/USD,buy,limit,1,0,0.009523104109,1890.3025,1890.14,0.86,0.045004,0,,,
1784820066.939,6666df0b,ed2db0b4-7ce9-4ed0-bd53-929052851a65,entry,SOL/USD,sell,limit,1,0,0.2365930599,76.0775,76.08,0.329,0.044999,0,,,
1784820251.961,8905192d,b7a385a9-bed6-4ec9-a702-675840ea5404,exit,SOL/USD,buy,limit,0,1,0.235818158,76.26,76.26,0.0,0.071934,0,tier trail,,
1784820296.967,eca6dd2f,349fa1d4-3b1d-4e3f-bf0c-35e8edc0df0b,entry,XRP/USD,sell,limit,1,0,16.24768696,1.1079,1.10785,-0.451,0.045002,0,,,
1784820436.983,8e60ce21,2d096101-6abd-4a76-beef-c557854737e5,exit,ETH/USD,sell,limit,0,1,0.009523104109,1893.71,1893.28,-2.271,0.072136,0,tier trail,,
1784820446.984,61b7ff1e,8b34b53c-2bd5-4f5f-9eaf-18e18534350a,entry,DOT/USD,buy,limit,0,0,6.12832153,0.8142,0.8142,0.0,0.019959,15.97926874,,,
1784820451.984,61b7ff1e,8b34b53c-2bd5-4f5f-9eaf-18e18534350a,entry,DOT/USD,buy,limit,0,0,15.97926874,0.8141,0.8142,-1.228,0.052035,0,,,
1784820822.414,a3e8e8b1,ed2db0b4-7ce9-4ed0-bd53-929052851a65,exit,SOL/USD,buy,limit,0,1,0.2365930599,76.23,76.19,5.25,0.072142,0,tier trail,,
1784821057.747,35aacf51,349fa1d4-3b1d-4e3f-bf0c-35e8edc0df0b,exit,XRP/USD,buy,limit,0,1,16.24768696,1.10734,1.1074,-0.542,0.071967,0,tier trail,,
1784821453.824,e736d754,e8e96b1b-88ce-4907-a8a8-8cb775c378fb,entry,ETH/USD,buy,limit,0,0,0.00952023314,1890.72,1890.71,0.053,0.072000,0,,,
1784821912.333,0fd50f51,e8e96b1b-88ce-4907-a8a8-8cb775c378fb,exit,ETH/USD,sell,limit,0,1,0.00952023314,1893.59,1893.62,0.158,0.072110,0,tier trail,,
1784822283.278,7ff2de00,d65e5f0b-6102-43b5-bfad-86d6f898984b,entry,SUI/USD,buy,limit,1,0,14.14971976,0.74885,0.7483,7.35,0.026490,0,,,
1784822448.292,ec5b8507,e940ad3f-4732-4bb7-959c-fd47179b402b,exit,ARB/USD,sell,limit,0,1,187.4951883,0.0864,0.0865,11.561,0.064798,0,tier trail,,
1784823309.234,aa171f12,a71edafb-38a7-4562-8a09-e4263decb064,entry,DOGE/USD,sell,limit,1,0,152.3833518,0.0695007,0.0694842,-2.375,0.026477,0,,,
1784823701.609,a0767cfa,916f8513-457b-4fec-bb4c-c65aff34b885,entry,DOT/USD,sell,limit,1,0,22.22222222,0.81,0.81,-0.0,0.045000,0,,,
1784824422.268,100e1d5e,a71edafb-38a7-4562-8a09-e4263decb064,exit,DOGE/USD,buy,limit,0,1,152.3833518,0.0696205,0.0695622,8.381,0.042436,0,tier trail,,
1784827135.827,65a9abe3,916f8513-457b-4fec-bb4c-c65aff34b885,exit,DOT/USD,buy,limit,0,1,22.22222222,0.8099,0.81,-1.235,0.071991,0,tier trail,,
1784827306.125,c87e13e7,1224c3d9-4297-4104-a50e-7fee72dbde9c,entry,DOT/USD,buy,limit,1,0,21.84571136,0.810825,0.8099,11.421,0.044283,0.379254685,,,
1784827346.129,2be0de00,f3b4a1fc-34d5-4ed7-a1fe-f53a6b56ac32,entry,ETH/USD,buy,limit,1,0,0.009535059885,1888.3,1887.77,2.808,0.045013,0,,,
1784830765.162,bdfa4791,1224c3d9-4297-4104-a50e-7fee72dbde9c,exit,DOT/USD,sell,limit,0,1,21.84571136,0.8096,0.8103,8.639,0.070745,0,tier trail,,
1784830765.162,288f35a0,f3b4a1fc-34d5-4ed7-a1fe-f53a6b56ac32,exit,ETH/USD,sell,limit,0,1,0.009535059885,1875.17,1874.93,-1.28,0.071519,0,tier trail,,
1784831110.276,8c17fbd8,ae74a286-fc56-4a3a-a7ee-48ad691705da,entry,SOL/USD,sell,limit,1,0,0.5740353375,75.69,75.69,-0.0,0.108622,0,,,
1784831255.287,3a931de6,8b34b53c-2bd5-4f5f-9eaf-18e18534350a,exit,DOT/USD,sell,limit,0,1,22.10759027,0.8119,0.8117,-2.464,0.071797,0,tier trail,,
1784831425.715,1c064d42,bf6c4898-eddc-42ac-a886-d1a60e79a12b,entry,DOGE/USD,buy,limit,0,0,259.2961263,0.0694353,0.0694187,2.391,0.072017,0,,,
1784832524.195,bd14f14a,ae74a286-fc56-4a3a-a7ee-48ad691705da,exit,SOL/USD,buy,limit,0,1,0.5740353375,75.75,75.74,1.32,0.173933,0,tier trail,,
1784832644.221,064a88d8,b5c082f9-6ac6-49a0-a58d-2b3b4627df85,entry,DOGE/USD,buy,limit,1,0,259.9916225,0.0692146,0.069233,-2.658,0.044988,0,,,
1784832979.337,1fc75cbd,5d5e50e9-c140-4ed8-9d89-9dbc400a689c,entry,AVAX/USD,buy,limit,1,0,2.873563218,6.2674,6.264,5.428,0.045024,0,,,
1784833089.465,af380d6c,d65e5f0b-6102-43b5-bfad-86d6f898984b,exit,SUI/USD,sell,limit,0,1,14.14971976,0.7427,0.7426,-1.347,0.042036,0,tier trail,,
1784833424.811,9646d5a6,b5c082f9-6ac6-49a0-a58d-2b3b4627df85,exit,DOGE/USD,sell,limit,0,1,259.9916225,0.0692501,0.0692751,3.609,0.072018,0,tier trail,,
1784839593.795,d79d9465,bf6c4898-eddc-42ac-a886-d1a60e79a12b,exit,DOGE/USD,sell,limit,0,1,259.2961263,0.0695222,0.0695204,-0.259,0.072107,0,tier trail,,
1784843787.117,c17e4019,5d5e50e9-c140-4ed8-9d89-9dbc400a689c,exit,AVAX/USD,sell,limit,0,1,2.873563218,6.293,6.29,-4.769,0.072333,0,time-stop scratch,,
1784850683.344,fd15f3ee,40d55b68-609c-4f02-832d-313b09091b31,exit,LTC/USD,sell,limit,0,2,0.3852739726,47.04,47.04,-0.0,0.072493,0,tier 1,,
1785021941.351,a275b303,c24482a8-f52c-4183-8f1d-85dac69f8d0d,entry,LINK/USD,sell,limit,1,0,0.9665134883,8.3645,8.36247,-2.428,0.020211,0.2996477409,,,
1785021951.352,a275b303,c24482a8-f52c-4183-8f1d-85dac69f8d0d,entry,LINK/USD,sell,limit,1,0,0.09465825725,8.3645,8.36247,-2.428,0.001979,0.2049894836,,,
1785021961.353,a275b303,c24482a8-f52c-4183-8f1d-85dac69f8d0d,entry,LINK/USD,sell,limit,1,0,0.161413693,8.3645,8.36247,-2.428,0.003375,0.04357579065,,,
1785077617.102,2461a866,c24482a8-f52c-4183-8f1d-85dac69f8d0d,exit,LINK/USD,buy,limit,0,1,1.222585439,8.47703,8.47296,4.804,0.041456,0,time-stop scratch,,
1785081242.963,3b44e4e6,89df076c-d235-4117-9dfb-becfc3e07ae4,entry,ETH/USD,buy,limit,1,0,0.01973658292,1904.3305,1913.9,-50.0,0.093962,0.03241461678,,,
1785081247.964,3b44e4e6,89df076c-d235-4117-9dfb-becfc3e07ae4,entry,ETH/USD,buy,limit,1,0,0.0212548201,1904.3305,1913.9,-50.0,0.101191,0.01115979668,,,
1785082155.179,3b44e4e6,89df076c-d235-4117-9dfb-becfc3e07ae4,entry,ETH/USD,buy,limit,1,0,0.005973738476,1904.3305,1913.9,-50.0,0.028440,0.005186058199,,,
1785082304.518,3b44e4e6,89df076c-d235-4117-9dfb-becfc3e07ae4,entry,ETH/USD,buy,limit,1,0,0.003139751973,1904.3305,1913.9,-50.0,0.014948,0.002046306226,,,
1785082459.544,3b44e4e6,89df076c-d235-4117-9dfb-becfc3e07ae4,entry,ETH/USD,buy,limit,1,0,0.0009179606894,1904.3305,1913.9,-50.0,0.004370,0.001128345537,,,
1785088467.204,baaefd5a,89df076c-d235-4117-9dfb-becfc3e07ae4,exit,ETH/USD,sell,limit,0,1,0.05102285415,1911.55,1911.59,0.209,0.390131,0,label-mature realization (ML-073),,
1785108520.361,76e5cad5,ba2a4f76-9dc5-47e0-843f-3de5ac84ad89,entry,BTC/USD,buy,limit,1,0,0.0004753044024,65105.437,65432.6,-50.0,0.077362,0.00105003405,,,
1785108666.662,76e5cad5,ba2a4f76-9dc5-47e0-843f-3de5ac84ad89,entry,BTC/USD,buy,limit,1,0,0.0009001101775,65105.437,65432.6,-50.0,0.146505,0.0001499238728,,,
1785110271.046,76e5cad5,ba2a4f76-9dc5-47e0-843f-3de5ac84ad89,entry,BTC/USD,buy,limit,1,0,9.076716022e-05,65105.437,65432.6,-50.0,0.014774,5.91567126e-05,,,
1785110591.671,76e5cad5,ba2a4f76-9dc5-47e0-843f-3de5ac84ad89,entry,BTC/USD,buy,limit,1,0,2.653734616e-05,65105.437,65432.6,-50.0,0.004319,3.261936643e-05,,,
1785110976.449,76e5cad5,ba2a4f76-9dc5-47e0-843f-3de5ac84ad89,entry,BTC/USD,buy,limit,1,0,1.357761043e-05,65105.437,65432.6,-50.0,0.002210,1.9041756e-05,,,
1785111031.454,76e5cad5,ba2a4f76-9dc5-47e0-843f-3de5ac84ad89,entry,BTC/USD,buy,limit,1,0,1.831557814e-05,65105.437,65432.6,-50.0,0.002981,7.261778595e-07,,,
1785111051.456,76e5cad5,ba2a4f76-9dc5-47e0-843f-3de5ac84ad89,entry,BTC/USD,buy,limit,1,0,2.374452004e-07,65105.437,65432.6,-50.0,0.000039,4.88732659e-07,,,
1785111068.149,76e5cad5,ba2a4f76-9dc5-47e0-843f-3de5ac84ad89,entry,BTC/USD,buy,limit,1,0,4.009670123e-07,65105.437,65432.6,-50.0,0.000065,8.776564671e-08,,,
1785111088.152,76e5cad5,ba2a4f76-9dc5-47e0-843f-3de5ac84ad89,entry,BTC/USD,buy,limit,1,0,7.465826854e-08,65105.437,65432.6,-50.0,0.000012,1.310737817e-08,,,
1785111173.158,76e5cad5,ba2a4f76-9dc5-47e0-843f-3de5ac84ad89,entry,BTC/USD,buy,limit,1,0,1.137293166e-08,65105.437,65432.6,-50.0,0.000002,1.73444651e-09,,,
1785111243.222,76e5cad5,ba2a4f76-9dc5-47e0-843f-3de5ac84ad89,entry,BTC/USD,buy,limit,1,0,1.152227871e-09,65105.43701,65432.6,-50.0,0.000000,5.822186392e-10,,,
1785115728.33,08b1cb3b,ba2a4f76-9dc5-47e0-843f-3de5ac84ad89,exit,BTC/USD,sell,limit,0,1,0.00152533787,64971.65254,64976.4,0.731,0.396415,0,label-mature realization (ML-073),,
1785125858.71,552ba94d,d429254c-3f09-46e3-bda2-52a0a5c83071,entry,LINK/USD,buy,limit,1,0,1.206994129,8.77623,8.7724,4.366,0.026482,0,,,
1785126384.066,7c83d350,d429254c-3f09-46e3-bda2-52a0a5c83071,exit,LINK/USD,sell,limit,0,1,1.206994129,8.76988,8.77551,6.416,0.042341,0,tier trail,,
1785154835.753,a058fbe2,c9f32291-5abc-4384-820b-4548e52921c3,entry,XRP/USD,sell,limit,0,0,27.25207026,1.10112,1.10107,-0.454,0.120031,0,,,
1785155715.368,a719685e,c9f32291-5abc-4384-820b-4548e52921c3,exit,XRP/USD,buy,limit,0,1,27.25207026,1.09995,1.09961,3.092,0.119904,0,tier trail,,
1785169414.49,40816c6c,56005113-cd34-4803-a2c6-b4dbc7af3f5c,entry,ETH/USD,buy,limit,1,0,0.04409479102,1915.7929,1925.42,-50.0,0.211191,0.007729788124,,,
1785176628.376,7c386103,56005113-cd34-4803-a2c6-b4dbc7af3f5c,exit,ETH/USD,sell,limit,0,1,0.04409479102,1935.07,1935.07,-0.0,0.341306,0,label-mature realization (ML-073),,
1785200774.349,e8d3634d,bc15e01f-2dba-47ff-b8b9-872d820d1889,entry,BTC/USD,buy,limit,1,0,0.001570290258,63231.056,63548.8,-50.0,0.248228,0,,,
1785207993.78,415e5a78,bc15e01f-2dba-47ff-b8b9-872d820d1889,exit,BTC/USD,sell,limit,0,1,0.001570290258,63102.4,63112.7,1.632,0.396356,0,label-mature realization (ML-073),,
1785220534.97,e90c6ad5,efc8f3e2-7d1f-4bf8-aa37-55ad06060866,entry,SUI/USD,sell,limit,1,0,15.57780682,0.6803,0.6797,-8.827,0.026494,0,,,
1785227764.276,063be055,efc8f3e2-7d1f-4bf8-aa37-55ad06060866,exit,SUI/USD,buy,limit,0,1,15.57780682,0.68,0.6796,5.886,0.042372,0,label-mature realization (ML-073),,
1785249751.283,2a34635a,3ea2a851-c048-42bf-aa19-58f2a75f8365,entry,LINK/USD,sell,limit,1,0,1.455036256,8.29442,8.29486,0.53,0.030172,0,,,
1785256303.108,81971508,15403f29-8c56-4b04-b397-3480512dabeb,entry,ETH/USD,buy,limit,1,0,0.04433181218,1905.25585,1914.83,-50.0,0.211159,0.007771337777,,,
1785263522.124,b8bcc1ae,15403f29-8c56-4b04-b397-3480512dabeb,exit,ETH/USD,sell,limit,0,1,0.04433181218,1906.38,1906.39,0.052,0.338053,0,label-mature realization (ML-073),,
1785269989.508,d96cab21,3ea2a851-c048-42bf-aa19-58f2a75f8365,exit,LINK/USD,buy,limit,0,1,1.455036256,8.38,8.3783,2.029,0.048773,0,tier trail,,
1785278757.222,448425c0,149bef7d-d413-4e78-b1eb-c081eb4787a5,entry,ARB/USD,sell,limit,1,0,131.5746384,0.07896,0.0791,17.699,0.025973,2.284214839,,,
1785282192.096,27a26db3,149bef7d-d413-4e78-b1eb-c081eb4787a5,exit,ARB/USD,buy,limit,0,1,131.5746384,0.079,0.079,0.0,0.041578,0,tier trail,,
1785308281.386,d29cb2e4,83cbfa97-f8d3-4b31-b415-5c139db94c5a,entry,LINK/USD,buy,limit,1,0,1.237212337,8.41422,8.4121,2.52,0.026025,0.0214787501,,,
1785312159.643,b3f4bd8f,83cbfa97-f8d3-4b31-b415-5c139db94c5a,exit,LINK/USD,sell,limit,0,1,1.237212337,8.41604,8.42309,8.37,0.041650,0,tier trail,,
1785337095.105,7c8cd494,d4df3c73-174f-45de-8d48-bebcd58d405d,entry,DOGE/USD,sell,limit,1,0,196.3595358,0.0701494,0.070118,-4.478,0.034436,0,,,
1785339240.815,70c241ac,d4df3c73-174f-45de-8d48-bebcd58d405d,exit,DOGE/USD,buy,limit,0,1,196.3595358,0.070199,0.0701801,2.693,0.055137,0,tier trail,,
1785371239.447,69706ed5,6a8e6857-ba55-4a10-ad9b-11cd77cea97e,entry,BTC/USD,buy,limit,1,0,0.001326938256,63642.787,63962.6,-50.0,0.211125,0.0002326114114,,,
1785371482.197,a5212600,18c8b5be-3753-4630-9540-984b45dcdafb,entry,ETH/USD,buy,limit,1,0,0.04597891664,1896.2,1909.39,-69.08,0.217963,0.006364764036,,,
1785371547.202,69706ed5,6a8e6857-ba55-4a10-ad9b-11cd77cea97e,entry,BTC/USD,buy,limit,1,0,0.0001406294023,63642.787,63962.6,-50.0,0.022375,9.198200911e-05,,,
1785371618.684,69706ed5,6a8e6857-ba55-4a10-ad9b-11cd77cea97e,entry,BTC/USD,buy,limit,1,0,4.238155886e-05,63642.787,63962.6,-50.0,0.006743,4.960045025e-05,,,
1785371668.688,a5212600,18c8b5be-3753-4630-9540-984b45dcdafb,entry,ETH/USD,buy,limit,1,0,0.004383022384,1896.2,1909.39,-69.08,0.020778,0.001981741652,,,
1785371698.69,69706ed5,6a8e6857-ba55-4a10-ad9b-11cd77cea97e,entry,BTC/USD,buy,limit,1,0,1.866964904e-05,63642.787,63962.6,-50.0,0.002970,3.09308012e-05,,,
1785371752.972,69706ed5,6a8e6857-ba55-4a10-ad9b-11cd77cea97e,entry,BTC/USD,buy,limit,1,0,1.07203435e-05,63642.787,63962.6,-50.0,0.001706,2.02104577e-05,,,
1785371777.974,a5212600,18c8b5be-3753-4630-9540-984b45dcdafb,entry,ETH/USD,buy,limit,1,0,0.0006713680685,1896.2,1909.39,-69.08,0.003183,0.001310373584,,,
1785371782.974,a5212600,18c8b5be-3753-4630-9540-984b45dcdafb,entry,ETH/USD,buy,limit,1,0,0.0009353455438,1896.2,1909.39,-69.08,0.004434,0.0003750280401,,,
1785371802.977,69706ed5,6a8e6857-ba55-4a10-ad9b-11cd77cea97e,entry,BTC/USD,buy,limit,1,0,8.630853462e-06,63642.787,63962.6,-50.0,0.001373,1.157960424e-05,,,
1785371812.978,a5212600,18c8b5be-3753-4630-9540-984b45dcdafb,entry,ETH/USD,buy,limit,1,0,0.0002105894567,1896.2,1909.39,-69.08,0.000998,0.0001644385834,,,
1785371817.978,a5212600,18c8b5be-3753-4630-9540-984b45dcdafb,entry,ETH/USD,buy,limit,1,0,0.0001452684957,1896.2,1909.39,-69.08,0.000689,1.917008764e-05,,,
1785371822.979,69706ed5,6a8e6857-ba55-4a10-ad9b-11cd77cea97e,entry,BTC/USD,buy,limit,1,0,1.097039325e-05,63642.787,63962.6,-50.0,0.001745,6.092109886e-07,,,
1785371822.979,a5212600,18c8b5be-3753-4630-9540-984b45dcdafb,entry,ETH/USD,buy,limit,1,0,1.707101032e-05,1896.2,1909.39,-69.08,0.000081,2.099077321e-06,,,
1785371842.981,69706ed5,6a8e6857-ba55-4a10-ad9b-11cd77cea97e,entry,BTC/USD,buy,limit,1,0,4.113682732e-07,63642.787,63962.6,-50.0,0.000065,1.978427153e-07,,,
1785371857.983,a5212600,18c8b5be-3753-4630-9540-984b45dcdafb,entry,ETH/USD,buy,limit,1,0,1.33189414e-06,1896.2,1909.39,-69.08,0.000006,7.671831811e-07,,,
1785371917.987,a5212600,18c8b5be-3753-4630-9540-984b45dcdafb,entry,ETH/USD,buy,limit,1,0,5.60094217e-07,1896.2,1909.39,-69.08,0.000003,2.070889642e-07,,,
1785371922.988,69706ed5,6a8e6857-ba55-4a10-ad9b-11cd77cea97e,entry,BTC/USD,buy,limit,1,0,1.598570999e-07,63642.787,63962.6,-50.0,0.000025,3.798561541e-08,,,
1785371922.988,a5212600,18c8b5be-3753-4630-9540-984b45dcdafb,entry,ETH/USD,buy,limit,1,0,1.978026551e-07,1896.2,1909.39,-69.08,0.000001,9.286309034e-09,,,
1785371927.988,69706ed5,6a8e6857-ba55-4a10-ad9b-11cd77cea97e,entry,BTC/USD,buy,limit,1,0,3.689224399e-08,63642.787,63962.6,-50.0,0.000006,1.093371415e-09,,,
1785371947.99,a5212600,18c8b5be-3753-4630-9540-984b45dcdafb,entry,ETH/USD,buy,limit,1,0,6.458306889e-09,1896.2,1909.39,-69.08,0.000000,2.828002145e-09,,,
1785371972.991,a5212600,18c8b5be-3753-4630-9540-984b45dcdafb,entry,ETH/USD,buy,limit,1,0,2.150707792e-09,1896.199998,1909.39,-69.08,0.000000,6.772943525e-10,,,
1785395729.5,a035016c,30eed6c0-a72b-4892-9468-7bfcf72601d0,entry,DOGE/USD,sell,limit,1,0,228.9906438,0.0699254,0.0699022,-3.319,0.040031,25.15578341,,,
1785395739.501,a035016c,30eed6c0-a72b-4892-9468-7bfcf72601d0,entry,DOGE/USD,sell,limit,1,0,24.72651622,0.0699254,0.0699022,-3.319,0.004323,0.4292671897,,,
1785397216.753,500f4fec,30eed6c0-a72b-4892-9468-7bfcf72601d0,exit,DOGE/USD,buy,limit,0,1,253.71716,0.0699545,0.0699423,1.744,0.070995,0,tier trail,,
1785431778.965,7e8c1825,b096a6bf-2358-4622-8792-b87c676db83d,entry,LINK/USD,buy,limit,1,0,1.357208779,8.44946,8.44332,7.272,0.028669,0.1490962667,,,
1785431788.966,7e8c1825,b096a6bf-2358-4622-8792-b87c676db83d,entry,LINK/USD,buy,limit,1,0,0.1465520353,8.44946,8.44332,7.272,0.003096,0.002544231454,,,
1785432966.319,8db7bf41,b096a6bf-2358-4622-8792-b87c676db83d,exit,LINK/USD,sell,limit,0,1,1.503760815,8.46396,8.46397,0.012,0.050911,0,tier trail,,
1785460553.091,2330dabb,18c8b5be-3753-4630-9540-984b45dcdafb,entry,ETH/USD,buy,limit,1,0,0.02422669786,1921.15,1932.96,-61.098,0.116358,0.02747571463,,,
1785460578.092,2330dabb,18c8b5be-3753-4630-9540-984b45dcdafb,entry,ETH/USD,buy,limit,1,0,0.009236251118,1921.15,1932.96,-61.098,0.044361,0.01823946351,,,
1785460801.831,77ccfa9c,6a8e6857-ba55-4a10-ad9b-11cd77cea97e,entry,BTC/USD,buy,limit,1,0,0.001361380922,64891.4125,65217.5,-50.0,0.220855,0.0001693006569,,,
1785460801.831,2330dabb,18c8b5be-3753-4630-9540-984b45dcdafb,entry,ETH/USD,buy,limit,1,0,0.009054580487,1921.15,1932.96,-61.098,0.043488,0.009184883021,,,
1785460816.833,77ccfa9c,6a8e6857-ba55-4a10-ad9b-11cd77cea97e,entry,BTC/USD,buy,limit,1,0,0.0001488188999,64891.4125,65217.5,-50.0,0.024143,2.048175693e-05,,,
1785460851.835,2330dabb,18c8b5be-3753-4630-9540-984b45dcdafb,entry,ETH/USD,buy,limit,1,0,0.004099584004,1921.15,1932.96,-61.098,0.019690,0.005085299017,,,
1785460901.84,77ccfa9c,6a8e6857-ba55-4a10-ad9b-11cd77cea97e,entry,BTC/USD,buy,limit,1,0,9.482983808e-06,64891.4125,65217.5,-50.0,0.001538,1.099877312e-05,,,
1785460931.842,77ccfa9c,6a8e6857-ba55-4a10-ad9b-11cd77cea97e,entry,BTC/USD,buy,limit,1,0,6.12220165e-06,64891.4125,65217.5,-50.0,0.000993,4.876571469e-06,,,
1785460983.225,2330dabb,18c8b5be-3753-4630-9540-984b45dcdafb,entry,ETH/USD,buy,limit,1,0,0.004827079336,1921.15,1932.96,-61.098,0.023184,0.0002582196814,,,
1785460993.226,2330dabb,18c8b5be-3753-4630-9540-984b45dcdafb,entry,ETH/USD,buy,limit,1,0,0.0001277194503,1921.15,1932.96,-61.098,0.000613,0.0001305002311,,,
1785461053.232,2330dabb,18c8b5be-3753-4630-9540-984b45dcdafb,entry,ETH/USD,buy,limit,1,0,0.0001101604898,1921.15,1932.96,-61.098,0.000529,2.033974132e-05,,,
1785461083.235,2330dabb,18c8b5be-3753-4630-9540-984b45dcdafb,entry,ETH/USD,buy,limit,1,0,1.140839084e-05,1921.15,1932.96,-61.098,0.000055,8.931350476e-06,,,
1785461088.235,77ccfa9c,6a8e6857-ba55-4a10-ad9b-11cd77cea97e,entry,BTC/USD,buy,limit,1,0,1.836017473e-06,64891.4125,65217.5,-50.0,0.000298,3.040553996e-06,,,
1785461113.237,2330dabb,18c8b5be-3753-4630-9540-984b45dcdafb,entry,ETH/USD,buy,limit,1,0,5.896839657e-06,1921.15,1932.96,-61.098,0.000028,3.03451082e-06,,,
1785461371.273,77ccfa9c,6a8e6857-ba55-4a10-ad9b-11cd77cea97e,entry,BTC/USD,buy,limit,1,0,1.150695409e-06,64891.4125,65217.5,-50.0,0.000187,1.889858587e-06,,,
1785461376.274,77ccfa9c,6a8e6857-ba55-4a10-ad9b-11cd77cea97e,entry,BTC/USD,buy,limit,1,0,1.239212685e-06,64891.4125,65217.5,-50.0,0.000201,6.506459022e-07,,,
1785461426.278,2330dabb,18c8b5be-3753-4630-9540-984b45dcdafb,entry,ETH/USD,buy,limit,1,0,1.310378795e-06,1921.15,1932.96,-61.098,0.000006,1.724132025e-06,,,
1785461446.45,2330dabb,18c8b5be-3753-4630-9540-984b45dcdafb,entry,ETH/USD,buy,limit,1,0,1.547164737e-06,1921.15,1932.96,-61.098,0.000007,1.769672877e-07,,,
1785461496.453,77ccfa9c,6a8e6857-ba55-4a10-ad9b-11cd77cea97e,entry,BTC/USD,buy,limit,1,0,3.529982128e-07,64891.4125,65217.5,-50.0,0.000057,2.976476894e-07,,,
1785461496.453,2330dabb,18c8b5be-3753-4630-9540-984b45dcdafb,entry,ETH/USD,buy,limit,1,0,7.359033002e-08,1921.15,1932.96,-61.098,0.000000,1.033769576e-07,,,
1785461531.457,77ccfa9c,6a8e6857-ba55-4a10-ad9b-11cd77cea97e,entry,BTC/USD,buy,limit,1,0,9.274876463e-08,64891.4125,65217.5,-50.0,0.000015,2.048989248e-07,,,
1785461551.459,2330dabb,18c8b5be-3753-4630-9540-984b45dcdafb,entry,ETH/USD,buy,limit,1,0,7.403830066e-08,1921.15,1932.96,-61.098,0.000000,2.933865698e-08,,,
1785461561.459,2330dabb,18c8b5be-3753-4630-9540-984b45dcdafb,entry,ETH/USD,buy,limit,1,0,2.103580656e-08,1921.15,1932.96,-61.098,0.000000,8.302850421e-09,,,
1785461597.964,2330dabb,18c8b5be-3753-4630-9540-984b45dcdafb,entry,ETH/USD,buy,limit,1,0,7.117369347e-09,1921.150001,1932.96,-61.098,0.000000,1.185481074e-09,,,
1785461672.969,2330dabb,18c8b5be-3753-4630-9540-984b45dcdafb,entry,ETH/USD,buy,limit,1,0,1.168240914e-09,1921.149999,1932.96,-61.098,0.000000,1.724016069e-11,,,
1785461727.973,77ccfa9c,6a8e6857-ba55-4a10-ad9b-11cd77cea97e,entry,BTC/USD,buy,limit,1,0,1.695442698e-07,64891.4125,65217.5,-50.0,0.000028,3.5354655e-08,,,
1785461747.974,77ccfa9c,6a8e6857-ba55-4a10-ad9b-11cd77cea97e,entry,BTC/USD,buy,limit,1,0,2.252246866e-08,64891.4125,65217.5,-50.0,0.000004,1.283218635e-08,,,
1785461757.975,77ccfa9c,6a8e6857-ba55-4a10-ad9b-11cd77cea97e,entry,BTC/USD,buy,limit,1,0,6.117172568e-09,64891.4125,65217.5,-50.0,0.000001,6.715013777e-09,,,
1785461777.976,77ccfa9c,6a8e6857-ba55-4a10-ad9b-11cd77cea97e,entry,BTC/USD,buy,limit,1,0,6.715013777e-09,64891.4125,65217.5,-50.0,0.000001,0,,,
1785462565.29,38b9cf14,67ebcc8a-d4ff-434f-ac8d-3cf50068cc51,entry,ARB/USD,sell,limit,1,0,53.95583361,0.07746,0.0778,43.702,0.010449,82.13973573,,,
1785462580.291,38b9cf14,67ebcc8a-d4ff-434f-ac8d-3cf50068cc51,entry,ARB/USD,sell,limit,1,0,73.27339773,0.07746,0.0778,43.702,0.014189,8.866337994,,,
1785473372.993,fd55779c,67ebcc8a-d4ff-434f-ac8d-3cf50068cc51,exit,ARB/USD,buy,limit,0,1,127.2292313,0.0774,0.0775,-12.903,0.039390,0,time-stop scratch,,
1785477174.64,3ea1cdf5,6453a707-5556-4a49-85fb-5cb1d6b31ddf,entry,XRP/USD,sell,limit,1,0,17.07551195,1.07899,1.07889,-0.927,0.046061,0,,,
1785482803.556,328a88d8,fd2e7a23-b8f8-49fb-841b-f28b8a1ae2d5,entry,ETH/USD,sell,limit,0,0,0.01218648503,1885.48,1885.41,-0.371,0.091909,0,,,
1785487980.485,65fb495a,6453a707-5556-4a49-85fb-5cb1d6b31ddf,exit,XRP/USD,buy,limit,0,1,17.07551195,1.07582,1.07632,-4.645,0.073481,0,time-stop scratch,,
1785489694.592,97a53db5,10fb862f-6fb9-4582-8fa2-4b47a19a50f5,entry,BTC/USD,sell,limit,0,0,0.005969815033,63660.9,63661,0.016,1.520175,0,,,
1785489891.991,5c327f94,226a5f23-b775-454c-b093-aa4e7a30c7d9,entry,ETH/USD,sell,limit,1,0,0.1692556329,1882.16,1882.16,-0.0,0.796415,0,,,
1785493608.664,e2826414,fd2e7a23-b8f8-49fb-841b-f28b8a1ae2d5,exit,ETH/USD,buy,limit,0,1,0.01218648503,1885.05,1885.05,0.0,0.091889,0,time-stop scratch,,
1785493638.668,c65f2040,30fcb429-fe1c-4928-a97f-9511b58fc95f,entry,ETH/USD,buy,limit,1,0,0.2179136542,1885.16,1885.05,0.584,1.027005,0,,,
1785500503.486,2e53f584,10fb862f-6fb9-4582-8fa2-4b47a19a50f5,exit,BTC/USD,buy,limit,0,1,0.005969815033,63682.4,63682.4,0.0,1.520689,0,time-stop scratch,,
1785500598.495,50fe5aef,059f42c7-dd09-4b64-ba5b-6786d6978dce,entry,DOT/USD,sell,limit,1,0,185.1567565,0.75616,0.7564,3.173,0.350020,0,,,
1785500698.504,fc7dd846,226a5f23-b775-454c-b093-aa4e7a30c7d9,exit,ETH/USD,buy,limit,0,1,0.1692556329,1875.83,1875.72,0.586,1.269979,0,time-stop scratch,,
1785500713.505,7f93a9e5,328f155d-e5ab-4d44-898b-d0d3f5f9fb0b,entry,SUI/USD,buy,limit,0,0,42.15043911,0.6879,0.6871,11.643,0.072488,4.630439478,,,
1785500723.506,7f93a9e5,328f155d-e5ab-4d44-898b-d0d3f5f9fb0b,entry,SUI/USD,buy,limit,0,0,4.630439478,0.6879,0.6871,11.643,0.012741,0,,,
1785503514.911,84c5f527,6a8e6857-ba55-4a10-ad9b-11cd77cea97e,exit,BTC/USD,sell,limit,0,1,0.003090230153,63677.4,63680.8,0.534,0.787111,0,"stale loser 37h, regime against",,
1785504444.768,0a67865a,30fcb429-fe1c-4928-a97f-9511b58fc95f,exit,ETH/USD,sell,limit,0,1,0.2179136542,1886.57,1886.17,-2.121,1.644437,0,time-stop scratch,,
1785506829.045,d040ca22,12766648-0120-497a-bea0-c787dd5c9331,entry,SUI/USD,sell,limit,1,0,246.4872463,0.678925,0.6785,-6.264,0.418366,0,,,
1785506834.046,4807a001,12766648-0120-497a-bea0-c787dd5c9331-r1,entry,SUI/USD,sell,limit,1,0,172.5410724,0.67946814,0.6785,-14.269,0.293090,0,,,
1785507100.51,ad0eae72,059f42c7-dd09-4b64-ba5b-6786d6978dce,exit,DOT/USD,buy,limit,0,1,185.1567565,0.7506536851,0.7486,27.434,0.555954,0,tier trail,,
1785508034.033,eb1667a4,328f155d-e5ab-4d44-898b-d0d3f5f9fb0b,exit,SUI/USD,sell,limit,0,1,46.78087858,0.6867359998,0.6871,5.298,0.128504,0,tb_time,,
1785514029.152,a162f131,12766648-0120-497a-bea0-c787dd5c9331,exit,SUI/USD,buy,limit,0,1,246.4872463,0.6833,0.683,4.392,0.673699,0,tb_time,,
1785514029.152,fb5ce2b7,12766648-0120-497a-bea0-c787dd5c9331-r1,exit,SUI/USD,buy,limit,0,1,172.5410724,0.6833,0.683,4.392,0.471589,0,tb_time,,
1785527824.809,5dcb1e13,aa9cc7c7-7f0f-4df7-9cae-a0d8868120d6,entry,ETH/USD,buy,limit,1,0,0.1284513104,1866.1325,1866.13,0.013,0.599268,0.01411102782,,,
1785527834.811,5dcb1e13,aa9cc7c7-7f0f-4df7-9cae-a0d8868120d6,entry,ETH/USD,buy,limit,1,0,0.01387023225,1866.1325,1866.13,0.013,0.064709,0.0002407955719,,,
1785528909.115,b97b17d4,6b8c67d4-b866-49d0-b068-508a95a35579,entry,LINK/USD,sell,limit,1,0,1.275274555,8.16543,8.16103,-5.391,0.026033,0.02213953309,,,
1785530841.555,50d6b900,237fa443-ac84-4b14-ad2d-69959acb7523,entry,ETH/USD,sell,limit,1,0,0.0842344854,1864.38,1864.68,1.609,0.392613,0,,,
1785535024.356,c673ddfb,aa9cc7c7-7f0f-4df7-9cae-a0d8868120d6,exit,ETH/USD,sell,limit,0,1,0.1423215427,1859.190604,1860,4.352,1.058411,0,tb_time,,
1785535373.637,2fe90692,f9a8e4f1-a36e-402d-9e9b-4aec28c0666d,entry,DOGE/USD,sell,limit,1,0,155.5088031,0.0695626,0.0695149,-6.862,0.027044,0,,,
1785536090.855,606d76be,6b8c67d4-b866-49d0-b068-508a95a35579,exit,LINK/USD,buy,limit,0,1,1.275274555,8.16391,8.16,4.792,0.041645,0,tb_time,,
1785538042.204,d88360a4,237fa443-ac84-4b14-ad2d-69959acb7523,exit,ETH/USD,buy,limit,0,1,0.0842344854,1861.36,1861.44,-0.43,0.627163,0,tb_time,,
1785542577.406,0a44314c,f9a8e4f1-a36e-402d-9e9b-4aec28c0666d,exit,DOGE/USD,buy,limit,0,1,155.5088031,0.0697151,0.0697003,2.123,0.043365,0,tb_time,,
1785557663.707,8e22b1b9,95f6d6b2-8374-4b4a-aea9-b2d383fe5894,entry,ETH/USD,buy,limit,1,0,0.009830808091,1868.044,1868.05,-0.032,0.045911,0.0007983076558,,,
1785557668.707,8e22b1b9,95f6d6b2-8374-4b4a-aea9-b2d383fe5894,entry,ETH/USD,buy,limit,1,0,0.0005229506234,1868.044,1868.05,-0.032,0.002442,0.0002753570324,,,
1785557678.708,8e22b1b9,95f6d6b2-8374-4b4a-aea9-b2d383fe5894,entry,ETH/USD,buy,limit,1,0,0.000249581698,1868.044,1868.05,-0.032,0.001166,2.577533433e-05,,,
1785557683.709,8e22b1b9,95f6d6b2-8374-4b4a-aea9-b2d383fe5894,entry,ETH/USD,buy,limit,1,0,2.009633746e-05,1868.044,1868.05,-0.032,0.000094,5.678996869e-06,,,
1785564868.153,e1851766,95f6d6b2-8374-4b4a-aea9-b2d383fe5894,exit,ETH/USD,sell,limit,0,1,0.01062343675,1865.51,1865.6,0.482,0.079273,0,tb_time,,
1785565221.82,45694afd,4c5da180-550c-40bb-9211-37cbdf08a375,entry,ARB/USD,sell,limit,1,0,110.1018528,0.07786,0.0778,-7.712,0.021431,25.99371653,,,
1785565231.821,45694afd,4c5da180-550c-40bb-9211-37cbdf08a375,entry,ARB/USD,sell,limit,1,0,21.80425122,0.07786,0.0778,-7.712,0.004244,4.189465308,,,
1785570669.983,05d8cc13,0d965654-09d4-4c35-8751-4a5d8ce69477,entry,DOGE/USD,sell,limit,1,0,546.4796345,0.0697717,0.0697991,3.926,0.095322,22.19595393,,,
1785572417.875,5b2fc1bf,4c5da180-550c-40bb-9211-37cbdf08a375,exit,ARB/USD,buy,limit,0,1,131.906104,0.078,0.0779,12.837,0.041155,0,tb_time,,
1785577584.711,8ea21b3d,db9af068-7979-4998-8652-7dc6cabf8bac,entry,DOGE/USD,sell,limit,1,0,369.0638536,0.0697986,0.0697968,-0.258,0.064400,199.4463225,,,
1785577862.197,03a6261a,0d965654-09d4-4c35-8751-4a5d8ce69477,exit,DOGE/USD,buy,limit,0,1,546.4796345,0.0697604,0.0697462,2.036,0.152491,0,tb_time,,
1785583300.215,160b60ba,e2ad3f31-6793-44fa-a609-8f27bbf20f83,entry,SUI/USD,sell,limit,0,0,58.08714475,0.6827,0.6824,-4.396,0.158624,0,,,
1785584781.255,fb45c8bb,db9af068-7979-4998-8652-7dc6cabf8bac,exit,DOGE/USD,buy,limit,0,1,369.0638536,0.0697839,0.0697762,1.104,0.103019,0,tb_time,,
1785588446.626,5f9464c7,f43f8564-3fb1-4e9b-ac26-e05194d3ad34,entry,DOT/USD,sell,limit,0,0,18.05305088,0.7686,0.768,-7.812,0.034689,27.53220986,,,
1785588451.626,5f9464c7,f43f8564-3fb1-4e9b-ac26-e05194d3ad34,entry,DOT/USD,sell,limit,0,0,22.64244547,0.7686,0.768,-7.813,0.043507,4.889764389,,,
1785590501.985,b88ff8fd,e2ad3f31-6793-44fa-a609-8f27bbf20f83,exit,SUI/USD,buy,limit,0,1,58.08714475,0.6846,0.6843,4.384,0.159066,0,tb_time,,
1785594137.164,16f96dd3,9bd90d63-f2bc-4cbd-9ccb-45653ebea917,entry,ADA/USD,sell,limit,1,0,78.5546153,0.1737035,0.173719,0.892,0.034113,25.06099381,,,
1785594142.165,16f96dd3,9bd90d63-f2bc-4cbd-9ccb-45653ebea917,entry,ADA/USD,sell,limit,1,0,15.68509953,0.1737035,0.173719,0.892,0.006811,9.375894284,,,
1785594147.165,16f96dd3,9bd90d63-f2bc-4cbd-9ccb-45653ebea917,entry,ADA/USD,sell,limit,1,0,6.037157609,0.1737035,0.173719,0.892,0.002622,3.338736674,,,
1785594152.166,16f96dd3,9bd90d63-f2bc-4cbd-9ccb-45653ebea917,entry,ADA/USD,sell,limit,1,0,1.360431648,0.1737035,0.173719,0.892,0.000591,1.978305027,,,
1785595637.099,9026d726,f43f8564-3fb1-4e9b-ac26-e05194d3ad34,exit,DOT/USD,buy,limit,0,1,40.69549635,0.7713521119,0.7702,14.959,0.125562,0,tb_time,,
1785599799.689,d3ef62cb,41fd77e1-8c0d-4102-ae94-810a6a0fdf00,entry,ADA/USD,sell,limit,1,0,104.3913981,0.172428,0.172428,-0.0,0.045000,0,,,
1785600574.791,06ac6ab4,18c8b5be-3753-4630-9540-984b45dcdafb,entry,ETH/USD,buy,limit,1,0,0.03582104195,1863.86385,1873.23,-50.0,0.166914,0.0171836788,,,
1785600624.795,06ac6ab4,18c8b5be-3753-4630-9540-984b45dcdafb,entry,ETH/USD,buy,limit,1,0,0.01041532348,1863.86385,1873.23,-50.0,0.048532,0.006768355323,,,
1785600966.01,06ac6ab4,18c8b5be-3753-4630-9540-984b45dcdafb,entry,ETH/USD,buy,limit,1,0,0.005906910742,1863.86385,1873.23,-50.0,0.027524,0.0008614445818,,,
1785601094.232,06ac6ab4,18c8b5be-3753-4630-9540-984b45dcdafb,entry,ETH/USD,buy,limit,1,0,0.0004523166104,1863.86385,1873.23,-50.0,0.002108,0.0004091279713,,,
1785601340.913,64e8e0b9,9bd90d63-f2bc-4cbd-9ccb-45653ebea917,exit,ADA/USD,buy,limit,0,1,101.6373041,0.173173,0.173022,8.727,0.070403,0,tb_time,,
1785603379.846,06ac6ab4,18c8b5be-3753-4630-9540-984b45dcdafb,entry,ETH/USD,buy,limit,1,0,0.0001669252942,1863.86385,1873.23,-50.0,0.000778,0.0002422026771,,,
1785604309.322,06ac6ab4,18c8b5be-3753-4630-9540-984b45dcdafb,entry,ETH/USD,buy,limit,1,0,0.0001496867218,1863.86385,1873.23,-50.0,0.000697,9.251595534e-05,,,
1785604374.37,06ac6ab4,18c8b5be-3753-4630-9540-984b45dcdafb,entry,ETH/USD,buy,limit,1,0,2.810642901e-05,1863.86385,1873.23,-50.0,0.000131,6.440952633e-05,,,
1785604389.37,06ac6ab4,18c8b5be-3753-4630-9540-984b45dcdafb,entry,ETH/USD,buy,limit,1,0,5.54356496e-05,1863.86385,1873.23,-50.0,0.000258,8.973876737e-06,,,
1785604469.455,06ac6ab4,18c8b5be-3753-4630-9540-984b45dcdafb,entry,ETH/USD,buy,limit,1,0,8.634817807e-06,1863.86385,1873.23,-50.0,0.000040,3.390589304e-07,,,
1785604484.456,06ac6ab4,18c8b5be-3753-4630-9540-984b45dcdafb,entry,ETH/USD,buy,limit,1,0,2.223707542e-07,1863.86385,1873.23,-50.0,0.000001,1.166881762e-07,,,
1785604494.456,06ac6ab4,18c8b5be-3753-4630-9540-984b45dcdafb,entry,ETH/USD,buy,limit,1,0,5.772014268e-08,1863.86385,1873.23,-50.0,0.000000,5.896803357e-08,,,
1785604511.721,06ac6ab4,18c8b5be-3753-4630-9540-984b45dcdafb,entry,ETH/USD,buy,limit,1,0,2.667359845e-08,1863.86385,1873.23,-50.0,0.000000,3.229443511e-08,,,
1785604516.721,06ac6ab4,18c8b5be-3753-4630-9540-984b45dcdafb,entry,ETH/USD,buy,limit,1,0,3.229443511e-08,1863.86385,1873.23,-50.0,0.000000,0,,,
1785605291.354,f49687b3,9bcd6c59-c039-4e58-b841-2e7dd2680927,entry,BTC/USD,buy,limit,1,0,0.0008834453055,62717.3375,63032.5,-50.0,0.138518,0.0006916277464,,,
1785605291.354,65e7b917,cd599643-775e-4f42-a832-6703a9f838c1,entry,XRP/USD,sell,limit,1,0,8.264371214,1.05734,1.05736,0.189,0.021846,13.68628964,,,
1785605301.354,65e7b917,cd599643-775e-4f42-a832-6703a9f838c1,entry,XRP/USD,sell,limit,1,0,13.68628964,1.05734,1.05736,0.189,0.036178,0,,,
1785605341.363,f49687b3,9bcd6c59-c039-4e58-b841-2e7dd2680927,entry,BTC/USD,buy,limit,1,0,0.0004566406764,62717.3375,63032.5,-50.0,0.071598,0.00023498707,,,
1785605508.139,f49687b3,9bcd6c59-c039-4e58-b841-2e7dd2680927,entry,BTC/USD,buy,limit,1,0,0.0001037198446,62717.3375,63032.5,-50.0,0.016263,0.0001312672254,,,
1785605513.139,f49687b3,9bcd6c59-c039-4e58-b841-2e7dd2680927,entry,BTC/USD,buy,limit,1,0,8.103072551e-05,62717.3375,63032.5,-50.0,0.012705,5.023649991e-05,,,
1785605608.14,f49687b3,9bcd6c59-c039-4e58-b841-2e7dd2680927,entry,BTC/USD,buy,limit,1,0,4.581669544e-05,62717.3375,63032.5,-50.0,0.007184,4.419804464e-06,,,
1785605678.142,f49687b3,9bcd6c59-c039-4e58-b841-2e7dd2680927,entry,BTC/USD,buy,limit,1,0,3.34599303e-06,62717.3375,63032.5,-50.0,0.000525,1.073811434e-06,,,
1785605693.142,f49687b3,9bcd6c59-c039-4e58-b841-2e7dd2680927,entry,BTC/USD,buy,limit,1,0,1.073811434e-06,62717.3375,63032.5,-50.0,0.000168,0,,,
1785606979.591,812a166b,41fd77e1-8c0d-4102-ae94-810a6a0fdf00,exit,ADA/USD,buy,limit,0,1,104.3913981,0.173029,0.173027,0.116,0.072251,0,tb_time,,
1785612489.366,607f3672,cd599643-775e-4f42-a832-6703a9f838c1,exit,XRP/USD,buy,limit,0,1,21.95066086,1.0515,1.05126,2.283,0.092324,0,tb_time,,
1785616802.677,97c63922,ef5ceec1-1222-4838-859a-5fe362826d87,entry,XRP/USD,sell,limit,1,0,20.50548778,1.05281,1.05281,-0.0,0.053971,0,,,
1785623996.796,3b6016fe,ef5ceec1-1222-4838-859a-5fe362826d87,exit,XRP/USD,buy,limit,0,1,20.50548778,1.06015,1.06017,-0.189,0.086956,0,tb_time,,
1785624384.531,27f13a01,247521f6-0e71-4bfe-b5b8-6654ab4ed006,entry,ADA/USD,sell,limit,1,0,19.76712548,0.1741165,0.174134,1.005,0.008604,41.03797458,,,
1785624394.532,27f13a01,247521f6-0e71-4bfe-b5b8-6654ab4ed006,entry,ADA/USD,sell,limit,1,0,13.49145433,0.1741165,0.174134,1.005,0.005873,27.54652026,,,
1785624399.532,27f13a01,247521f6-0e71-4bfe-b5b8-6654ab4ed006,entry,ADA/USD,sell,limit,1,0,9.527550875,0.1741165,0.174134,1.005,0.004147,18.01896938,,,
1785631587.016,8ab1ce3b,247521f6-0e71-4bfe-b5b8-6654ab4ed006,exit,ADA/USD,buy,limit,0,1,42.78613068,0.173469,0.173473,-0.231,0.029688,0,tb_time,,
1785634941.467,fba057eb,bfc324f3-9ecd-43d7-a099-129429b0b76c,entry,ADA/USD,sell,limit,1,0,20.28385531,0.1753105,0.175222,-5.051,0.008890,40.14368972,,,
1785634946.467,fba057eb,bfc324f3-9ecd-43d7-a099-129429b0b76c,entry,ADA/USD,sell,limit,1,0,22.84790403,0.1753105,0.175222,-5.051,0.010014,17.29578569,,,
1785634951.467,fba057eb,bfc324f3-9ecd-43d7-a099-129429b0b76c,entry,ADA/USD,sell,limit,1,0,13.64175361,0.1753105,0.175222,-5.051,0.005979,3.654032078,,,
1785634956.468,fba057eb,bfc324f3-9ecd-43d7-a099-129429b0b76c,entry,ADA/USD,sell,limit,1,0,1.868855065,0.1753105,0.175222,-5.051,0.000819,1.785177013,,,
1785638066.094,41c963a5,bfc324f3-9ecd-43d7-a099-129429b0b76c,exit,ADA/USD,buy,limit,0,1,58.64236801,0.179486,0.179376,6.132,0.042102,0,tb_sl,,
1785646981.405,4f2d243b,d4b33f39-0bfa-445e-a66d-572133ab27d8,entry,LINK/USD,sell,limit,1,0,1.494440462,8.38491,8.38491,-0.0,0.031327,0,,,
1785646991.405,d11e471a,d4b33f39-0bfa-445e-a66d-572133ab27d8-r1,entry,LINK/USD,sell,limit,1,0,0.3958989206,8.391617928,8.38491,-8.0,0.008306,0.6502094029,,,
1785652164.049,7693fe51,5f1b9692-e287-4004-a4a3-45092c9966ff,entry,DOT/USD,sell,limit,0,0,17.12888966,0.7894,0.7896,2.533,0.041305,5.667462923,,,
1785652169.049,7693fe51,5f1b9692-e287-4004-a4a3-45092c9966ff,entry,DOT/USD,sell,limit,0,0,5.667462923,0.7894,0.7896,2.533,0.017896,0,,,
1785654177.844,20ad407e,d4b33f39-0bfa-445e-a66d-572133ab27d8,exit,LINK/USD,buy,limit,0,1,1.494440462,8.3575,8.3634,-7.055,0.049959,0,tb_time,,
1785657011.237,6ea05418,0cc3afb2-2386-45f0-ba8a-dd77bc12c0cd,entry,LTC/USD,buy,limit,1,0,0.2687289619,44.7725,44.78,-1.675,0.030079,0.1777173802,,,
1785657026.238,6ea05418,0cc3afb2-2386-45f0-ba8a-dd77bc12c0cd,entry,LTC/USD,buy,limit,1,0,0.09343372347,44.7725,44.78,-1.675,0.010458,0.08428365672,,,
1785659364.165,e418c092,5f1b9692-e287-4004-a4a3-45092c9966ff,exit,DOT/USD,buy,limit,0,1,22.79635258,0.7911,0.7909,2.529,0.072137,0,tb_time,,
1785663141.673,646bb601,a5a219a5-09ca-4282-82dc-b2c4b58a2662,entry,SOL/USD,sell,limit,1,0,0.1425299582,73.295,73.32,3.41,0.026117,0.08160744768,,,
1785663151.674,646bb601,a5a219a5-09ca-4282-82dc-b2c4b58a2662,entry,SOL/USD,sell,limit,1,0,0.04337558414,73.295,73.32,3.41,0.007948,0.03823186354,,,
1785663161.675,646bb601,a5a219a5-09ca-4282-82dc-b2c4b58a2662,entry,SOL/USD,sell,limit,1,0,0.02380081553,73.295,73.32,3.41,0.004361,0.01443104801,,,
1785664208.987,8ff4376c,0cc3afb2-2386-45f0-ba8a-dd77bc12c0cd,exit,LTC/USD,sell,limit,0,1,0.3621626854,44.78,44.8,4.464,0.064871,0,tb_time,,
1785669784.482,8fcbfcd3,cc31aefc-d334-428f-9524-16fcc85eb43a,entry,BTC/USD,sell,limit,1,0,6.126335646e-05,63072.96,63072.9,-0.01,0.009660,0.0001226213322,,,
1785669789.483,8fcbfcd3,cc31aefc-d334-428f-9524-16fcc85eb43a,entry,BTC/USD,sell,limit,1,0,0.0001156535265,63072.96,63072.9,-0.01,0.018237,6.96780571e-06,,,
1785669794.484,8fcbfcd3,cc31aefc-d334-428f-9524-16fcc85eb43a,entry,BTC/USD,sell,limit,1,0,3.008875365e-06,63072.96,63072.9,-0.01,0.000474,3.958930345e-06,,,
1785669799.485,8fcbfcd3,cc31aefc-d334-428f-9524-16fcc85eb43a,entry,BTC/USD,sell,limit,1,0,1.494261153e-06,63072.96,63072.9,-0.01,0.000236,2.464669192e-06,,,
1785670346.381,7bdd3d51,a5a219a5-09ca-4282-82dc-b2c4b58a2662,exit,SOL/USD,buy,limit,0,1,0.2097063579,73.12,73.12,0.0,0.061335,0,tb_time,,
1785676982.703,7f7bb7de,cc31aefc-d334-428f-9524-16fcc85eb43a,exit,BTC/USD,buy,limit,0,1,0.0001814200195,63013.5,63013.5,0.0,0.045728,0,tb_time,,
1785680678.723,879331a1,3a397e2a-9ab7-4280-8d33-66f377359f0e,entry,ETH/USD,sell,limit,1,0,0.01060954787,1853.82,1853.81,-0.054,0.049170,0,,,
1785687864.833,dd80d425,3a397e2a-9ab7-4280-8d33-66f377359f0e,exit,ETH/USD,buy,limit,0,1,0.01060954787,1857.75,1857.75,0.0,0.078840,0,tb_time,,
1785693941.092,43f8d796,43828858-db7b-4db8-904e-615aaf75ff54,entry,XRP/USD,sell,limit,1,0,8.00331708,1.0809975,1.081,0.023,0.021629,13.49373023,,,
1785696619.962,7433af25,18c8b5be-3753-4630-9540-984b45dcdafb,entry,ETH/USD,buy,limit,1,0,0.03296103969,1871.25,1883.44,-64.722,0.154196,0.01954459227,,,
1785696706.432,7433af25,18c8b5be-3753-4630-9540-984b45dcdafb,entry,ETH/USD,buy,limit,1,0,0.008078935054,1871.25,1883.44,-64.722,0.037794,0.01146565722,,,
1785696746.555,7433af25,18c8b5be-3753-4630-9540-984b45dcdafb,entry,ETH/USD,buy,limit,1,0,0.01040160384,1871.25,1883.44,-64.722,0.048660,0.001064053376,,,
1785696932.728,7433af25,18c8b5be-3753-4630-9540-984b45dcdafb,entry,ETH/USD,buy,limit,1,0,0.0006263682565,1871.25,1883.44,-64.722,0.002930,0.0004376851193,,,
1785697018.674,7433af25,18c8b5be-3753-4630-9540-984b45dcdafb,entry,ETH/USD,buy,limit,1,0,0.0001987574188,1871.25,1883.44,-64.722,0.000930,0.0002389277005,,,
1785697038.978,7433af25,18c8b5be-3753-4630-9540-984b45dcdafb,entry,ETH/USD,buy,limit,1,0,0.0001299272393,1871.25,1883.44,-64.722,0.000608,0.0001090004612,,,
1785697048.979,7433af25,18c8b5be-3753-4630-9540-984b45dcdafb,entry,ETH/USD,buy,limit,1,0,6.294835109e-05,1871.25,1883.44,-64.722,0.000294,4.605211008e-05,,,
1785697058.98,7433af25,18c8b5be-3753-4630-9540-984b45dcdafb,entry,ETH/USD,buy,limit,1,0,3.798350527e-05,1871.25,1883.44,-64.722,0.000178,8.068604815e-06,,,
1785697108.984,7433af25,18c8b5be-3753-4630-9540-984b45dcdafb,entry,ETH/USD,buy,limit,1,0,7.834298225e-06,1871.25,1883.44,-64.722,0.000037,2.343065891e-07,,,
1785697209.522,7433af25,18c8b5be-3753-4630-9540-984b45dcdafb,entry,ETH/USD,buy,limit,1,0,8.999187518e-08,1871.25,1883.44,-64.722,0.000000,1.443147139e-07,,,
1785697214.523,7433af25,18c8b5be-3753-4630-9540-984b45dcdafb,entry,ETH/USD,buy,limit,1,0,1.432866373e-07,1871.25,1883.44,-64.722,0.000001,1.028076603e-09,,,
1785699708.251,96ca20f1,bf031807-85e7-4e87-b092-1a0f7bbe8c92,entry,ADA/USD,sell,limit,1,0,34.09941251,0.188587,0.188612,1.325,0.016077,22.03824201,,,
1785701141.675,c5ea0389,43828858-db7b-4db8-904e-615aaf75ff54,exit,XRP/USD,buy,limit,0,1,8.00331708,1.08045,1.08044,0.093,0.034589,0,tb_time,,
1785704968.837,91a5f694,342d27a4-d698-44fc-a1ab-f05fbc25f479,entry,BTC/USD,buy,limit,0,0,0.00039401,63451.1,63451,0.016,0.100001,0.0002326694453,,,
1785704973.838,91a5f694,342d27a4-d698-44fc-a1ab-f05fbc25f479,entry,BTC/USD,buy,limit,0,0,0.0002326694453,63451.1,63451,0.016,0.059053,0,,,
1785706898.254,eb3bc759,bf031807-85e7-4e87-b092-1a0f7bbe8c92,exit,ADA/USD,buy,limit,0,1,34.09941251,0.1893065312,0.189303,0.187,0.025821,0,tb_time,,
1785712169.071,875eed0b,342d27a4-d698-44fc-a1ab-f05fbc25f479,exit,BTC/USD,sell,limit,0,1,0.0006266794453,63311.8,63311.9,0.016,0.158705,0,tb_time,,
1785717932.713,04bc62d3,043f10d8-6a18-4776-bef5-e1bac028f1b4,entry,ADA/USD,buy,limit,1,0,35.48443163,0.188708,0.188737,-1.537,0.016740,20.61604307,,,
1785724402.773,2638e7ff,485122f4-8f91-4dcb-b2fd-df63c7a1ddba,entry,ETH/USD,buy,limit,1,0,0.005083126091,1864.49,1864.5,-0.054,0.023694,0.00896325273,,,
1785724407.773,2638e7ff,485122f4-8f91-4dcb-b2fd-df63c7a1ddba,entry,ETH/USD,buy,limit,1,0,0.003135983398,1864.49,1864.5,-0.054,0.014618,0.005827269331,,,
1785724417.774,2638e7ff,485122f4-8f91-4dcb-b2fd-df63c7a1ddba,entry,ETH/USD,buy,limit,1,0,0.005197863526,1864.49,1864.5,-0.054,0.024228,0.0006294058053,,,
1785725121.569,6d8bc056,043f10d8-6a18-4776-bef5-e1bac028f1b4,exit,ADA/USD,sell,limit,0,1,35.48443163,0.185811,0.185934,6.615,0.026374,0,tb_time,,
1785728810.574,122b9db2,9bcd6c59-c039-4e58-b841-2e7dd2680927,entry,BTC/USD,buy,limit,1,0,5.638059163e-05,62785.893,63101.4,-50.0,0.008850,0,,,
1785729948.589,c1817262,18c8b5be-3753-4630-9540-984b45dcdafb,exit,ETH/USD,sell,limit,0,1,0.20955644,1857.46,1857.08,-2.046,1.556971,0,"stale loser 100h, regime against",,
1785731604.993,07b2cf22,485122f4-8f91-4dcb-b2fd-df63c7a1ddba,exit,ETH/USD,sell,limit,0,1,0.01341697,1860.49,1860.49,-0.0,0.099849,0,tb_time,,
1785739640.742,c6248a16,d079ae46-7ec1-4f85-abb6-f663f9e4d57a,entry,LINK/USD,sell,limit,1,0,1.178804411,8.22873,8.23289,5.053,0.024250,0.8094636189,,,
1785739645.743,c6248a16,d079ae46-7ec1-4f85-abb6-f663f9e4d57a,entry,LINK/USD,sell,limit,1,0,0.8094636189,8.22873,8.23289,5.053,0.016652,0,,,
1785745240.598,11376988,9bcd6c59-c039-4e58-b841-2e7dd2680927,exit,BTC/USD,sell,limit,0,1,0.00163145,62402.9,62402.9,-0.0,0.407229,0,"stale loser 39h, regime against",,
1785758712.65,d950e170,a72e058e-0e6f-4c42-b1ec-b5a2d70c4c6b,entry,DOGE/USD,sell,limit,1,0,287.7941042,0.0692309,0.0692358,0.708,0.049811,0,,,
1785776108.754,1d92ea94,6f342fdf-3849-4739-b89f-5a15fee019a6,entry,SUI/USD,sell,limit,1,0,20.8028,0.6936,0.6936,-0.0,0.036072,0,,,
1785791689.226,18ccd32c,3f287d7f-ded2-4d48-947c-6c67aacacfbb,entry,BTC/USD,sell,limit,1,0,0.00036511,63657.5,63657.4,-0.016,0.058105,0,,,
1785794099.658,5f052f41,d5513dd5-917d-4bc7-b594-f31853e81bb3,entry,ETH/USD,buy,limit,1,0,0.05287321517,1856.5108,1865.84,-50.0,0.245399,0.0002465848267,,,
1785794612.953,5f052f41,d5513dd5-917d-4bc7-b594-f31853e81bb3,entry,ETH/USD,buy,limit,1,0,0.000131994633,1856.5108,1865.84,-50.0,0.000613,0.0001145901936,,,
1785794731.01,5f052f41,d5513dd5-917d-4bc7-b594-f31853e81bb3,entry,ETH/USD,buy,limit,1,0,0.0001145901936,1856.5108,1865.84,-50.0,0.000532,0,,,
1785807099.295,898b3631,d079ae46-7ec1-4f85-abb6-f663f9e4d57a,exit,LINK/USD,buy,limit,0,1,1.98826802,8.164995361,8.1681,-3.801,0.064937,0,tier trail,,
1785808310.216,00835701,05d317cb-8094-4b37-ae26-f22a17425555,entry,SOL/USD,sell,limit,0,0,0.40102387,73.63,73.62,-1.358,0.118110,0,,,
1785851808.499,016ab120,e35c0a59-36e6-4470-a0c6-d15a433893bc,entry,BTC/USD,buy,limit,1,0,0.0006774209292,63630.25,63950,-50.0,0.107761,0.0008725990708,,,
1785851813.499,016ab120,e35c0a59-36e6-4470-a0c6-d15a433893bc,entry,BTC/USD,buy,limit,1,0,0.0008725990708,63630.25,63950,-50.0,0.138809,0,,,
1785885854.091,84047586,d5513dd5-917d-4bc7-b594-f31853e81bb3,entry,ETH/USD,buy,limit,1,0,0.03463631092,1867.5155,1876.9,-50.0,0.161710,0.01818571908,,,
1785886006.666,84047586,d5513dd5-917d-4bc7-b594-f31853e81bb3,entry,ETH/USD,buy,limit,1,0,0.01631911181,1867.5155,1876.9,-50.0,0.076190,0.001866607275,,,
1785886181.681,84047586,d5513dd5-917d-4bc7-b594-f31853e81bb3,entry,ETH/USD,buy,limit,1,0,0.0005816457676,1867.5155,1876.9,-50.0,0.002716,0.001284961507,,,
1785886252.894,84047586,d5513dd5-917d-4bc7-b594-f31853e81bb3,entry,ETH/USD,buy,limit,1,0,0.0009213169409,1867.5155,1876.9,-50.0,0.004301,0.0003636445662,,,
1785886322.899,84047586,d5513dd5-917d-4bc7-b594-f31853e81bb3,entry,ETH/USD,buy,limit,1,0,0.0003117233912,1867.5155,1876.9,-50.0,0.001455,5.192117501e-05,,,
1785886463.123,84047586,d5513dd5-917d-4bc7-b594-f31853e81bb3,entry,ETH/USD,buy,limit,1,0,5.192117501e-05,1867.5155,1876.9,-50.0,0.000242,0,,,
1785905696.365,72f9ddcd,6f342fdf-3849-4739-b89f-5a15fee019a6,exit,SUI/USD,buy,limit,0,1,20.8028,0.6894,0.6895,-1.45,0.057366,0,tb_time,,
1785921292.199,8cf9187a,3f287d7f-ded2-4d48-947c-6c67aacacfbb,exit,BTC/USD,buy,limit,0,1,0.0003651,64069.5,64069.5,0.0,0.093567,0,tb_time,,
1785937912.912,9b48311c,05d317cb-8094-4b37-ae26-f22a17425555,exit,SOL/USD,buy,limit,0,1,0.40102387,73.61521283,73.67,-7.437,0.118086,0,tb_time,,
1785940699.873,9af50577,e35c0a59-36e6-4470-a0c6-d15a433893bc,entry,BTC/USD,buy,limit,1,0,0.0009314654435,64128.6455,64450.9,-50.0,0.149334,0.0006070745565,,,
1785941011.595,9af50577,e35c0a59-36e6-4470-a0c6-d15a433893bc,entry,BTC/USD,buy,limit,1,0,0.0002723300019,64128.6455,64450.9,-50.0,0.043660,0.0003347445546,,,
1785941418.438,7c0ab196,5e070d92-92fd-4573-a750-52dc03e852d6,entry,SUI/USD,sell,limit,1,0,26.04543,0.6915,0.6911,-5.788,0.045026,0,,,
1785964386.07,d625d624,31b828a8-c6a7-496a-8497-7f20d030b159,entry,XRP/USD,sell,limit,1,0,16.86656671,1.06749,1.0672,-2.717,0.045012,0,,,
1785982567.988,13e994c2,d5513dd5-917d-4bc7-b594-f31853e81bb3,entry,ETH/USD,buy,limit,1,0,0.03136533074,1896.2,1907.39,-58.667,0.148687,0.02070523926,,,
1785982778.003,13e994c2,d5513dd5-917d-4bc7-b594-f31853e81bb3,entry,ETH/USD,buy,limit,1,0,0.02070523926,1896.2,1907.39,-58.667,0.098153,0,,,
1785990746.868,b82c36a4,5e070d92-92fd-4573-a750-52dc03e852d6,exit,SUI/USD,buy,limit,0,1,26.04543,0.6852106627,0.6855,-4.221,0.071386,0,tier trail,,
1786003635.676,3302b705,d57f476b-cae9-4a02-a232-449340cc32e1,entry,LINK/USD,sell,limit,0,0,4.91510103,8.18347,8.18475,1.564,0.160890,0,,,
1786005675.137,6d2bf239,31b828a8-c6a7-496a-8497-7f20d030b159,exit,XRP/USD,buy,limit,0,1,16.86656671,1.05685,1.05421,25.042,0.071302,0,tier trail,,
1786014924.237,0558eec1,d57f476b-cae9-4a02-a232-449340cc32e1,exit,LINK/USD,buy,limit,0,1,4.91510103,8.13246,8.12584,8.147,0.159887,0,tier trail,,
1786018130.192,45fe8728,c741a52a-4820-45ef-a25e-f3f399e67e58,entry,ADA/USD,buy,limit,1,0,55.23595418,0.191587,0.191691,-5.425,0.026456,0,,,
1786027232.084,ce7cf03e,c741a52a-4820-45ef-a25e-f3f399e67e58,exit,ADA/USD,sell,limit,0,2,55.23595418,0.197319,0.19727,-2.484,0.043596,0,tb_pt,,
1786034701.392,eedf446d,0578b861-dd43-40ac-8d23-700de6160a56,entry,LTC/USD,buy,limit,0,0,0.39439088,45.66,45.64,4.382,0.072032,0,,,
1786038256.062,9889f522,e35c0a59-36e6-4470-a0c6-d15a433893bc,entry,BTC/USD,buy,limit,1,0,0.00019821627,64398.2905,64721.9,-50.0,0.031912,6.75373005e-06,,,
1786039660.647,9889f522,e35c0a59-36e6-4470-a0c6-d15a433893bc,entry,BTC/USD,buy,limit,1,0,6.317352185e-06,64398.2905,64721.9,-50.0,0.001017,4.36377865e-07,,,
1786039710.652,9889f522,e35c0a59-36e6-4470-a0c6-d15a433893bc,entry,BTC/USD,buy,limit,1,0,2.543682249e-07,64398.2905,64721.9,-50.0,0.000041,1.820096401e-07,,,
1786039980.696,9889f522,e35c0a59-36e6-4470-a0c6-d15a433893bc,entry,BTC/USD,buy,limit,1,0,9.721572149e-08,64398.2905,64721.9,-50.0,0.000016,8.479391864e-08,,,
1786040270.721,9889f522,e35c0a59-36e6-4470-a0c6-d15a433893bc,entry,BTC/USD,buy,limit,1,0,4.653109552e-08,64398.2905,64721.9,-50.0,0.000007,3.826282311e-08,,,
1786040435.736,9889f522,e35c0a59-36e6-4470-a0c6-d15a433893bc,entry,BTC/USD,buy,limit,1,0,2.807627064e-08,64398.2905,64721.9,-50.0,0.000005,1.018655247e-08,,,
1786040953.763,9889f522,e35c0a59-36e6-4470-a0c6-d15a433893bc,entry,BTC/USD,buy,limit,1,0,3.071904063e-09,64398.2905,64721.9,-50.0,0.000000,7.11464841e-09,,,
1786041108.777,9889f522,e35c0a59-36e6-4470-a0c6-d15a433893bc,entry,BTC/USD,buy,limit,1,0,6.328974752e-09,64398.2905,64721.9,-50.0,0.000001,7.85673658e-10,,,
1786051323.754,275a01fc,a72e058e-0e6f-4c42-b1ec-b5a2d70c4c6b,exit,DOGE/USD,buy,limit,0,1,287.7941042,0.0689823,0.0689638,2.683,0.079411,0,time-stop scratch,,
1786053794.34,3bc2e323,68e37f95-43dc-49a5-9510-be220629942d,entry,XRP/USD,sell,limit,1,0,10.22741219,1.03529,1.03528,-0.097,0.026471,0,,,
1786055962.138,f9d78b26,7663fb8f-dea9-4270-a2d0-28691c5bb4d8,entry,ETH/USD,buy,limit,1,0,0.3085432,1902.9025,1902.91,-0.039,1.467819,0,,,
1786064980.459,bd7cf6d8,67ea76a3-3fc4-427c-9074-466fbbba3e6a,hedge,ADA/USD,sell,limit,0,0,1807.804461,0.202014,0.202018,0.198,1.460807,0,"net delta +1,086 beyond cap 987, beta=0.53",,
1786064985.46,8cdf09b4,67ea76a3-3fc4-427c-9074-466fbbba3e6a,exit,ADA/USD,buy,limit,0,1,1807.804461,0.20207,0.202018,2.574,1.461212,0,hedge unwind: correlation 0.00 below floor,,
1786064990.461,c67dc207,b2aa053e-43fc-4a32-ad63-65e4584be1f9,hedge,ADA/USD,sell,limit,0,0,1808.385553,0.202014,0.202018,0.198,1.461277,0,"net delta +1,085 beyond cap 986, beta=0.53",,
1786064995.462,9e053678,b2aa053e-43fc-4a32-ad63-65e4584be1f9,exit,ADA/USD,buy,limit,0,1,1808.385553,0.2020718506,0.202018,2.666,1.461695,0,hedge unwind: correlation 0.00 below floor,,
1786065000.463,db7b4b4d,1daf0ab7-33d8-4d22-944f-c387bfb085b0,hedge,ADA/USD,sell,limit,0,0,1809.019424,0.202014,0.202018,0.198,1.461789,0,"net delta +1,085 beyond cap 986, beta=0.53",,
1786065005.463,379eddbb,1daf0ab7-33d8-4d22-944f-c387bfb085b0,exit,ADA/USD,buy,limit,0,1,1809.019424,0.2020637034,0.202018,2.262,1.462149,0,hedge unwind: correlation 0.00 below floor,,
1786065010.464,148779e4,174fa7d5-c5d8-4cd4-b645-5313eb3bf347,hedge,ADA/USD,sell,limit,0,0,1809.121744,0.20201,0.202018,0.396,1.461843,0,"net delta +1,085 beyond cap 985, beta=0.53",,
1786065015.465,e3e9a4fa,174fa7d5-c5d8-4cd4-b645-5313eb3bf347,exit,ADA/USD,buy,limit,0,1,1809.121744,0.202069,0.202018,2.525,1.462270,0,hedge unwind: correlation 0.00 below floor,,
1786065020.466,1711c8b8,3145ac4c-d662-4df2-b68b-ea7dcac6818a,hedge,ADA/USD,sell,limit,0,0,1810.010571,0.2019,0.202018,5.841,1.461765,0,"net delta +1,085 beyond cap 984, beta=0.53",,
1786065025.466,bf82f962,3145ac4c-d662-4df2-b68b-ea7dcac6818a,exit,ADA/USD,buy,limit,0,1,1810.010571,0.201958,0.202018,-2.97,1.462184,0,hedge unwind: correlation 0.00 below floor,,
1786065030.467,e08ec465,986f7b69-aad4-4608-bf32-9dd963ac721e,hedge,ADA/USD,sell,limit,0,0,1810.183282,0.201892,0.202018,6.237,1.461846,0,"net delta +1,085 beyond cap 984, beta=0.53",,
1786065035.468,07faf922,986f7b69-aad4-4608-bf32-9dd963ac721e,exit,ADA/USD,buy,limit,0,1,1810.183282,0.201956,0.201876,3.963,1.462309,0,hedge unwind: correlation 0.00 below floor,,
1786065040.469,7dca0d5b,abbd115b-cc0b-44a4-a37d-7e0a87df39a1,hedge,ADA/USD,sell,limit,0,0,1812.031438,0.201897,0.201876,-1.04,1.463375,0,"net delta +1,085 beyond cap 983, beta=0.53",,
1786065045.47,d86d5117,abbd115b-cc0b-44a4-a37d-7e0a87df39a1,exit,ADA/USD,buy,limit,0,1,1812.031438,0.201943,0.201876,3.319,1.463708,0,hedge unwind: correlation 0.00 below floor,,
1786065050.47,4f0e441c,4bd4d243-54bc-4d9a-9eb3-3abfc118e94a,hedge,ADA/USD,sell,limit,0,0,1812.650207,0.2017664792,0.201876,5.425,1.462928,0,"net delta +1,085 beyond cap 983, beta=0.53",,
1786065055.471,891aa80f,4bd4d243-54bc-4d9a-9eb3-3abfc118e94a,exit,ADA/USD,buy,limit,0,1,1812.650207,0.201727,0.201876,-7.381,1.462642,0,hedge unwind: correlation 0.00 below floor,,
1786065060.472,f8fcafcb,3b9f3ee4-ab8d-4cba-b2b3-c95a9845f9d2,hedge,ADA/USD,sell,limit,0,0,1812.970331,0.201651,0.201876,11.145,1.462349,0,"net delta +1,085 beyond cap 982, beta=0.53",,
1786065065.472,020b4eae,3b9f3ee4-ab8d-4cba-b2b3-c95a9845f9d2,exit,ADA/USD,buy,limit,0,1,1812.970331,0.201641,0.201876,-11.641,1.462277,0,hedge unwind: correlation 0.00 below floor,,
1786065070.473,b5e1d17b,3465d1fe-8366-4694-869d-143a8a1a223a,hedge,ADA/USD,sell,limit,0,0,1814.695356,0.201527,0.201712,9.171,1.462840,0,"net delta +1,085 beyond cap 981, beta=0.53",,
1786065075.473,40c4771c,3465d1fe-8366-4694-869d-143a8a1a223a,exit,ADA/USD,buy,limit,0,1,1814.695356,0.201588,0.201712,-6.147,1.463283,0,hedge unwind: correlation 0.00 below floor,,
1786065080.474,06d86348,ce42b0b4-6e60-4588-8a25-58d07041948f,hedge,ADA/USD,sell,limit,0,0,1815.122563,0.201512,0.201712,9.915,1.463076,0,"net delta +1,085 beyond cap 981, beta=0.53",,
1786065085.475,7a630921,ce42b0b4-6e60-4588-8a25-58d07041948f,exit,ADA/USD,buy,limit,0,1,1815.122563,0.20162,0.201712,-4.561,1.463860,0,hedge unwind: correlation 0.00 below floor,,
1786065090.475,6c8e63cf,ae3afea5-9861-4e55-84bc-0b6018f08578,hedge,ADA/USD,sell,limit,0,0,1815.772401,0.201595,0.201712,5.8,1.464203,0,"net delta +1,085 beyond cap 980, beta=0.53",,
1786065095.476,e036b8b1,ae3afea5-9861-4e55-84bc-0b6018f08578,exit,ADA/USD,buy,limit,0,1,1815.772401,0.2015667249,0.201712,-7.202,1.463997,0,hedge unwind: correlation 0.00 below floor,,
1786065100.477,ae089d4d,3f9a3f58-4a0f-4164-8d62-fe086179ec98,hedge,ADA/USD,sell,limit,0,0,1816.204286,0.201475,0.201712,11.749,1.463679,0,"net delta +1,085 beyond cap 979, beta=0.53",,
1786065105.477,a6e01654,3f9a3f58-4a0f-4164-8d62-fe086179ec98,exit,ADA/USD,buy,limit,0,1,1816.204286,0.201567,0.201712,-7.188,1.464347,0,hedge unwind: correlation 0.00 below floor,,
1786065110.478,5206e693,e76fac10-1556-4c58-8354-574bea9e4a30,hedge,ADA/USD,sell,limit,0,0,1818.15099,0.201484,0.201568,4.167,1.465313,0,"net delta +1,085 beyond cap 979, beta=0.53",,
1786065115.479,5cee91ab,e76fac10-1556-4c58-8354-574bea9e4a30,exit,ADA/USD,buy,limit,0,1,1818.15099,0.2015594875,0.201568,-0.422,1.465862,0,hedge unwind: correlation 0.00 below floor,,
1786065120.48,27aa39b7,0dc0fb80-949b-4036-9579-e08e48e84a4a,hedge,ADA/USD,sell,limit,0,0,1818.974238,0.201467,0.201568,5.011,1.465853,0,"net delta +1,085 beyond cap 978, beta=0.53",,
1786065125.48,77c3759f,0dc0fb80-949b-4036-9579-e08e48e84a4a,exit,ADA/USD,buy,limit,0,1,1818.974238,0.2015274944,0.201568,-2.01,1.466293,0,hedge unwind: correlation 0.00 below floor,,
1786065130.481,8e2886d1,ae69420e-3fe5-4f10-b556-155365db4bc0,hedge,ADA/USD,sell,limit,0,0,1821.207656,0.20145,0.201379,-3.526,1.467529,0,"net delta +1,085 beyond cap 978, beta=0.53",,
1786065135.481,9afde21d,ae69420e-3fe5-4f10-b556-155365db4bc0,exit,ADA/USD,buy,limit,0,1,1821.207656,0.2015511894,0.201379,8.551,1.468266,0,hedge unwind: correlation 0.00 below floor,,
1786065140.482,f62ca5cd,e197c3cc-70b1-4df7-9b04-0551eb86c9eb,hedge,ADA/USD,sell,limit,0,0,1820.553458,0.201477,0.201551,3.672,1.467199,0,"net delta +1,085 beyond cap 977, beta=0.53",,
1786065145.482,a8f0cd66,e197c3cc-70b1-4df7-9b04-0551eb86c9eb,exit,ADA/USD,buy,limit,0,1,1820.553458,0.201723,0.201551,8.534,1.468990,0,hedge unwind: correlation 0.00 below floor,,
1786065150.484,8deaffbc,84075597-5327-4eba-bf6e-9887704b1f18,hedge,ADA/USD,sell,limit,0,0,1821.471918,0.201592,0.201635,2.133,1.468777,0,"net delta +1,085 beyond cap 976, beta=0.53",,
1786065155.484,cfd895e2,84075597-5327-4eba-bf6e-9887704b1f18,exit,ADA/USD,buy,limit,0,1,1821.471918,0.201659,0.201616,2.133,1.469265,0,hedge unwind: correlation 0.00 below floor,,
1786065160.485,2005be53,1b1c9d22-dfba-425e-9f53-c2aea22494fa,hedge,ADA/USD,sell,limit,0,0,1821.997114,0.201598,0.201616,0.893,1.469244,0,"net delta +1,085 beyond cap 976, beta=0.53",,
1786065165.486,72a81f9d,1b1c9d22-dfba-425e-9f53-c2aea22494fa,exit,ADA/USD,buy,limit,0,1,1821.997114,0.201662,0.201616,2.282,1.469710,0,hedge unwind: correlation 0.00 below floor,,
1786065170.486,69e588de,1e8a24c6-80f9-452a-b203-669412d63a78,hedge,ADA/USD,sell,limit,0,0,1822.783655,0.20161,0.201616,0.298,1.469966,0,"net delta +1,085 beyond cap 975, beta=0.53",,
1786065175.487,25265941,1e8a24c6-80f9-452a-b203-669412d63a78,exit,ADA/USD,buy,limit,0,1,1822.783655,0.201684,0.201616,3.373,1.470505,0,hedge unwind: correlation 0.00 below floor,,
1786065180.488,8e52c849,97601b65-efa1-41a5-a861-1dc531ed4ee4,hedge,ADA/USD,sell,limit,0,0,1823.438325,0.201612812,0.201616,0.158,1.470514,0,"net delta +1,085 beyond cap 975, beta=0.53",,
1786065186.404,5a24c9fc,97601b65-efa1-41a5-a861-1dc531ed4ee4,exit,ADA/USD,buy,limit,0,1,1823.438325,0.201658,0.201616,2.083,1.470844,0,hedge unwind: correlation 0.00 below floor,,
1786065191.406,e3ffce06,8fe525cf-f160-4dda-9f47-506240f02c69,hedge,ADA/USD,sell,limit,0,0,1824.262261,0.2015180259,0.201616,4.859,1.470487,0,"net delta +1,085 beyond cap 974, beta=0.53",,
1786065196.406,369f3d04,8fe525cf-f160-4dda-9f47-506240f02c69,exit,ADA/USD,buy,limit,0,1,1824.262261,0.2016019869,0.201658,-2.778,1.471100,0,hedge unwind: correlation 0.00 below floor,,
1786065201.407,0015dc48,2d6e524e-683a-45e3-9b5b-75bd63f5ebd1,hedge,ADA/USD,sell,limit,0,0,1824.506427,0.2015180259,0.201658,6.941,1.470684,0,"net delta +1,085 beyond cap 973, beta=0.53",,
1786065206.407,63d6a29d,2d6e524e-683a-45e3-9b5b-75bd63f5ebd1,exit,ADA/USD,buy,limit,0,1,1824.506427,0.2015818832,0.201519,3.12,1.471150,0,hedge unwind: correlation 0.00 below floor,,
1786065211.408,d49434cd,160aee83-29ba-49f0-9648-55bb3518e4e1,hedge,ADA/USD,sell,limit,0,0,1825.70725,0.2014849768,0.201519,1.688,1.471410,0,"net delta +1,085 beyond cap 973, beta=0.53",,
1786065216.408,2ecf4342,160aee83-29ba-49f0-9648-55bb3518e4e1,exit,ADA/USD,buy,limit,0,1,1825.70725,0.2015779872,0.201519,2.927,1.472090,0,hedge unwind: correlation 0.00 below floor,,
1786065221.409,6702174c,66f0bcdb-6bac-4351-a9ce-f1eaa6d62010,hedge,ADA/USD,sell,limit,0,0,1825.663146,0.2014850259,0.20158,4.711,1.471375,0,"net delta +1,085 beyond cap 972, beta=0.53",,
1786065226.41,37fbafd6,66f0bcdb-6bac-4351-a9ce-f1eaa6d62010,exit,ADA/USD,buy,limit,0,1,1825.663146,0.2015316919,0.20158,-2.396,1.471716,0,hedge unwind: correlation 0.00 below floor,,
1786065231.41,de755a8a,cf619c21-15ed-4121-b713-d1ad8b65d01a,hedge,ADA/USD,sell,limit,0,0,1826.259181,0.2014640255,0.20158,5.753,1.471702,0,"net delta +1,085 beyond cap 971, beta=0.53",,
1786065236.411,90e4babf,cf619c21-15ed-4121-b713-d1ad8b65d01a,exit,ADA/USD,buy,limit,0,1,1826.259181,0.2015310511,0.20158,-2.428,1.472192,0,hedge unwind: correlation 0.00 below floor,,
1786065241.412,499fb4c4,73014c1a-b0b8-4c3d-99a2-15865dc215df,hedge,ADA/USD,sell,limit,0,0,1826.853066,0.201496,0.20158,4.167,1.472414,0,"net delta +1,085 beyond cap 971, beta=0.53",,
1786065247.866,9eb64342,73014c1a-b0b8-4c3d-99a2-15865dc215df,exit,ADA/USD,buy,limit,0,1,1826.853066,0.201573,0.20158,-0.347,1.472977,0,hedge unwind: correlation 0.00 below floor,,
1786065252.867,4dae77a9,a26691f8-5809-47a6-a0f6-e8a9de423c77,hedge,ADA/USD,sell,limit,0,0,1524.890691,0.201688,0.20158,-5.358,1.230209,0,"net delta +1,085 beyond cap 970, beta=0.44",,
1786065257.868,e40b581a,a26691f8-5809-47a6-a0f6-e8a9de423c77,exit,ADA/USD,buy,limit,0,1,1524.890691,0.201751,0.201625,6.249,1.230593,0,hedge unwind: correlation 0.00 below floor,,
1786065262.869,d11ea86b,74eddb0d-79d6-43ca-94e3-84ac1e89f3af,hedge,ADA/USD,sell,limit,0,0,1525.00644,0.201681,0.201625,-2.777,1.230259,0,"net delta +1,085 beyond cap 970, beta=0.44",,
1786065267.87,5b953c41,74eddb0d-79d6-43ca-94e3-84ac1e89f3af,exit,ADA/USD,buy,limit,0,1,1525.00644,0.201755,0.201625,6.448,1.230711,0,hedge unwind: correlation 0.00 below floor,,
1786065272.87,a9427054,1bcefcd5-96d5-42dc-b956-4118afabc8f2,hedge,ADA/USD,sell,limit,0,0,1525.436112,0.201696,0.201625,-3.521,1.230697,0,"net delta +1,085 beyond cap 969, beta=0.44",,
1786065278.592,92f194e9,1bcefcd5-96d5-42dc-b956-4118afabc8f2,exit,ADA/USD,buy,limit,0,1,1525.436112,0.20176,0.201625,6.696,1.231088,0,hedge unwind: correlation 0.00 below floor,,
1786065283.593,a1b0f87f,af6d9493-1cff-4054-9868-6ded8312646c,hedge,ADA/USD,sell,limit,0,0,1525.8265,0.201709,0.201625,-4.166,1.231092,0,"net delta +1,085 beyond cap 969, beta=0.44",,
1786065288.593,7e05e74f,af6d9493-1cff-4054-9868-6ded8312646c,exit,ADA/USD,buy,limit,0,1,1525.8265,0.201755,0.201625,6.448,1.231373,0,hedge unwind: correlation 0.00 below floor,,
1786065293.594,0b26e474,37d18140-616d-4d8e-8e3e-ba76bd0f918d,hedge,ADA/USD,sell,limit,0,0,1526.32616,0.201711,0.201625,-4.265,1.231507,0,"net delta +1,085 beyond cap 968, beta=0.44",,
1786065298.594,7fcd0151,37d18140-616d-4d8e-8e3e-ba76bd0f918d,exit,ADA/USD,buy,limit,0,1,1526.32616,0.201759,0.201625,6.646,1.231800,0,hedge unwind: correlation 0.00 below floor,,
1786065303.595,6f8bd246,275ed108-3c96-427d-84be-880b85f1c8bb,hedge,ADA/USD,sell,limit,0,0,1526.770157,0.201783,0.201625,-7.836,1.232305,0,"net delta +1,085 beyond cap 968, beta=0.44",,
1786065309.052,9b6e122c,275ed108-3c96-427d-84be-880b85f1c8bb,exit,ADA/USD,buy,limit,0,1,1526.770157,0.201753,0.201625,6.348,1.232122,0,hedge unwind: correlation 0.00 below floor,,
1786065314.053,b8d5a0a6,6b6599c9-2602-46e0-909e-5a9bdf798eca,hedge,ADA/USD,sell,limit,0,0,1526.102734,0.201659,0.201784,6.195,1.231009,0,"net delta +1,085 beyond cap 967, beta=0.44",,
1786065319.053,aca38dd5,6b6599c9-2602-46e0-909e-5a9bdf798eca,exit,ADA/USD,buy,limit,0,1,1526.102734,0.201707,0.201659,2.38,1.231302,0,hedge unwind: correlation 0.00 below floor,,
1786065324.054,88075ac4,6986a55a-7c0a-4251-b37b-0e6a68ba3595,hedge,ADA/USD,sell,limit,0,0,1527.172801,0.201777,0.201659,-5.851,1.232593,0,"net delta +1,085 beyond cap 967, beta=0.44",,
1786065329.055,ce3b299b,6986a55a-7c0a-4251-b37b-0e6a68ba3595,exit,ADA/USD,buy,limit,0,1,1527.172801,0.201882,0.201659,11.058,1.233235,0,hedge unwind: correlation 0.00 below floor,,
1786065334.055,b9a4b780,780d3cb8-75df-426a-93f1-143c3f5cf2c5,hedge,ADA/USD,sell,limit,0,0,1527.76446,0.201878,0.201659,-10.86,1.233688,0,"net delta +1,085 beyond cap 966, beta=0.44",,
1786065339.055,2f2a64a1,780d3cb8-75df-426a-93f1-143c3f5cf2c5,exit,ADA/USD,buy,limit,0,1,1527.76446,0.201996,0.201659,16.711,1.234409,0,hedge unwind: correlation 0.00 below floor,,
1786065344.056,8282f82e,f75bb90c-1a08-49bf-9a53-aab07c5afcbf,hedge,ADA/USD,sell,limit,0,0,1528.452711,0.201894,0.201659,-11.653,1.234342,0,"net delta +1,085 beyond cap 966, beta=0.44",,
1786065349.056,661ed857,f75bb90c-1a08-49bf-9a53-aab07c5afcbf,exit,ADA/USD,buy,limit,0,1,1528.452711,0.201961,0.201659,14.976,1.234751,0,hedge unwind: correlation 0.00 below floor,,
1786065354.057,5d403d4e,8eefa520-9c5f-462a-89e2-cabcf39a1b5b,hedge,ADA/USD,sell,limit,0,0,1528.918818,0.201905,0.201659,-12.199,1.234785,0,"net delta +1,085 beyond cap 965, beta=0.44",,
1786065359.058,c82fee9d,8eefa520-9c5f-462a-89e2-cabcf39a1b5b,exit,ADA/USD,buy,limit,0,1,1528.918818,0.202169,0.201659,25.29,1.236400,0,hedge unwind: correlation 0.00 below floor,,
1786065364.059,f36a3798,02effc25-25a5-47fd-94e2-977582f05ce4,hedge,ADA/USD,sell,limit,0,0,1526.651149,0.202113,0.202025,-4.356,1.234224,0,"net delta +1,085 beyond cap 965, beta=0.44",,
1786065369.059,510e72d2,02effc25-25a5-47fd-94e2-977582f05ce4,exit,ADA/USD,buy,limit,0,1,1526.651149,0.202212,0.202025,9.256,1.234829,0,hedge unwind: correlation 0.00 below floor,,
1786065374.06,9cc9cc2e,2b88d5a6-9690-4337-8723-58fd665bf6b9,hedge,ADA/USD,sell,limit,0,0,1527.006431,0.202111,0.202025,-4.257,1.234499,0,"net delta +1,085 beyond cap 964, beta=0.44",,
1786065379.06,5ee62a31,2b88d5a6-9690-4337-8723-58fd665bf6b9,exit,ADA/USD,buy,limit,0,1,1527.006431,0.202171,0.202139,1.583,1.234866,0,hedge unwind: correlation 0.00 below floor,,
1786065384.061,ef37220f,62e3bba5-e414-4f9f-95b9-c00027a93c11,hedge,ADA/USD,sell,limit,0,0,1526.168504,0.202097,0.202139,2.078,1.233736,0,"net delta +1,085 beyond cap 963, beta=0.44",,
1786065389.062,f468cafe,62e3bba5-e414-4f9f-95b9-c00027a93c11,exit,ADA/USD,buy,limit,0,1,1526.168504,0.202162,0.202139,1.138,1.234133,0,hedge unwind: correlation 0.00 below floor,,
1786065394.062,ab2b676a,b7a24753-d7c1-4d88-96cf-84c81b96bd4a,hedge,ADA/USD,sell,limit,0,0,1526.588525,0.202123,0.202139,0.792,1.234235,0,"net delta +1,085 beyond cap 963, beta=0.44",,
1786065399.063,8962b474,b7a24753-d7c1-4d88-96cf-84c81b96bd4a,exit,ADA/USD,buy,limit,0,1,1526.588525,0.202161,0.202139,1.088,1.234467,0,hedge unwind: correlation 0.00 below floor,,
1786065404.064,353f8451,0591c80c-4d28-4dae-8cc2-f9ad8d7d325b,hedge,ADA/USD,sell,limit,0,0,1526.996012,0.202127,0.202139,0.594,1.234588,0,"net delta +1,085 beyond cap 962, beta=0.44",,
1786065409.065,a28703a2,0591c80c-4d28-4dae-8cc2-f9ad8d7d325b,exit,ADA/USD,buy,limit,0,1,1526.996012,0.202166,0.202139,1.336,1.234827,0,hedge unwind: correlation 0.00 below floor,,
1786065414.066,78ecabdc,caff27ac-3bc1-40dd-a1fb-0a8970ab2190,hedge,ADA/USD,sell,limit,0,0,1526.847188,0.202127,0.202139,0.594,1.234468,0,"net delta +1,084 beyond cap 962, beta=0.44",,
1786065419.066,49add230,caff27ac-3bc1-40dd-a1fb-0a8970ab2190,exit,ADA/USD,buy,limit,0,1,1526.847188,0.202168,0.202139,1.435,1.234719,0,hedge unwind: correlation 0.00 below floor,,
1786065424.067,677ec44f,215b2ec5-9b32-4386-83aa-339988ebfbe9,hedge,ADA/USD,sell,limit,0,0,1527.267241,0.202119,0.202139,0.989,1.234759,0,"net delta +1,084 beyond cap 961, beta=0.44",,
1786065429.067,3c2724e9,215b2ec5-9b32-4386-83aa-339988ebfbe9,exit,ADA/USD,buy,limit,0,1,1527.267241,0.202159,0.202139,0.989,1.235003,0,hedge unwind: correlation 0.00 below floor,,
1786065434.068,6a68bd47,909bb0fc-b077-41dd-99c5-7ece8fac6187,hedge,ADA/USD,sell,limit,0,0,1527.792825,0.202102,0.202139,1.83,1.235080,0,"net delta +1,084 beyond cap 961, beta=0.44",,
1786065439.068,36680ead,909bb0fc-b077-41dd-99c5-7ece8fac6187,exit,ADA/USD,buy,limit,0,1,1527.792825,0.202357,0.202139,10.785,1.236638,0,hedge unwind: correlation 0.00 below floor,,
1786065444.069,a2637c1d,48e565c6-aebf-4307-811c-11c851ad3a14,hedge,ADA/USD,sell,limit,0,0,1528.298954,0.202285,0.202139,-7.223,1.236608,0,"net delta +1,084 beyond cap 960, beta=0.44",,
1786065449.07,22185782,48e565c6-aebf-4307-811c-11c851ad3a14,exit,ADA/USD,buy,limit,0,1,1528.298954,0.202366,0.202139,11.23,1.237103,0,hedge unwind: correlation 0.00 below floor,,
1786065454.071,e59b0fd9,35cf10a9-da17-4126-8ccb-5696fd828ee7,hedge,ADA/USD,sell,limit,0,0,1529.818679,0.202317,0.202139,-8.806,1.238033,0,"net delta +1,085 beyond cap 960, beta=0.44",,
1786065459.071,11e3c49b,35cf10a9-da17-4126-8ccb-5696fd828ee7,exit,ADA/USD,buy,limit,0,1,1529.818679,0.202463,0.202139,16.029,1.238927,0,hedge unwind: correlation 0.00 below floor,,
1786065464.072,64721519,55c47289-a9b7-45e0-a2bf-aa3fea09cbb0,hedge,ADA/USD,sell,limit,0,0,1530.781228,0.202388,0.202139,-12.318,1.239247,0,"net delta +1,085 beyond cap 959, beta=0.44",,
1786065469.073,d7abef16,55c47289-a9b7-45e0-a2bf-aa3fea09cbb0,exit,ADA/USD,buy,limit,0,1,1530.781228,0.202387,0.202139,12.269,1.239241,0,hedge unwind: correlation 0.00 below floor,,
1786065474.074,7cfba634,14ef0c5e-b5ef-46a8-91e5-a5bf320e4643,hedge,ADA/USD,sell,limit,0,0,1529.419918,0.202295,0.202372,3.805,1.237576,0,"net delta +1,085 beyond cap 959, beta=0.44",,
1786065479.075,f7e57638,14ef0c5e-b5ef-46a8-91e5-a5bf320e4643,exit,ADA/USD,buy,limit,0,1,1529.419918,0.2023608528,0.202372,-0.551,1.237979,0,hedge unwind: correlation 0.00 below floor,,
1786065484.076,8fa3b63d,27ce66bc-78b4-4ad1-8ec1-4d0cce3b7a26,hedge,ADA/USD,sell,limit,0,0,1529.538606,0.202217,0.202372,7.659,1.237195,0,"net delta +1,085 beyond cap 958, beta=0.44",,
1786065489.076,be0a221b,27ce66bc-78b4-4ad1-8ec1-4d0cce3b7a26,exit,ADA/USD,buy,limit,0,1,1529.538606,0.202388,0.202272,5.735,1.238241,0,hedge unwind: correlation 0.00 below floor,,
1786065494.077,02734ba3,cce2e1cd-ae35-40c2-903b-3fa06f3f0402,hedge,ADA/USD,sell,limit,0,0,1530.47927,0.202218,0.202272,2.67,1.237962,0,"net delta +1,085 beyond cap 958, beta=0.44",,
1786065499.077,8127d5fd,cce2e1cd-ae35-40c2-903b-3fa06f3f0402,exit,ADA/USD,buy,limit,0,1,1530.47927,0.2022466337,0.202389,-7.034,1.238137,0,hedge unwind: correlation 0.00 below floor,,
1786065504.078,c3f65c2e,7729f7c2-f9dd-42e0-893e-3642084c8557,hedge,ADA/USD,sell,limit,0,0,1529.990706,0.202185,0.202389,10.08,1.237365,0,"net delta +1,085 beyond cap 957, beta=0.44",,
1786065509.079,b125b169,7729f7c2-f9dd-42e0-893e-3642084c8557,exit,ADA/USD,buy,limit,0,1,1529.990706,0.2022495638,0.202389,-6.89,1.237760,0,hedge unwind: correlation 0.00 below floor,,
1786065514.08,26365868,ee9d1a91-b669-4e03-91d2-f10e6453f24a,hedge,ADA/USD,sell,limit,0,0,1530.174232,0.202168,0.202389,10.92,1.237409,0,"net delta +1,085 beyond cap 957, beta=0.44",,
1786065519.08,cf1bd0ed,ee9d1a91-b669-4e03-91d2-f10e6453f24a,exit,ADA/USD,buy,limit,0,1,1530.174232,0.2022456566,0.202389,-7.083,1.237884,0,hedge unwind: correlation 0.00 below floor,,
1786065524.081,d63d5149,a4be4206-d921-425a-9ecc-35fce8e72dc4,hedge,ADA/USD,sell,limit,0,0,1530.64454,0.2021819646,0.202389,10.23,1.237875,0,"net delta +1,085 beyond cap 956, beta=0.44",,
1786065529.081,46a27669,a4be4206-d921-425a-9ecc-35fce8e72dc4,exit,ADA/USD,buy,limit,0,1,1530.64454,0.202253,0.202389,-6.72,1.238310,0,hedge unwind: correlation 0.00 below floor,,
1786065534.082,ed0653d1,ca8e15de-8a1a-42ff-8683-fec98a2d1c40,hedge,ADA/USD,sell,limit,0,0,1531.095292,0.202232,0.202389,7.757,1.238546,0,"net delta +1,085 beyond cap 956, beta=0.44",,
1786065539.083,9cf40922,ca8e15de-8a1a-42ff-8683-fec98a2d1c40,exit,ADA/USD,buy,limit,0,1,1531.095292,0.2023042344,0.202389,-4.188,1.238988,0,hedge unwind: correlation 0.00 below floor,,
1786065544.083,e1fede7f,2506a2ac-30bb-4196-967f-02bf3279d009,hedge,ADA/USD,sell,limit,0,0,1531.910748,0.202147,0.202389,11.957,1.238685,0,"net delta +1,085 beyond cap 955, beta=0.44",,
1786065549.083,b01983ae,2506a2ac-30bb-4196-967f-02bf3279d009,exit,ADA/USD,buy,limit,0,1,1531.910748,0.202143,0.202389,-12.155,1.238660,0,hedge unwind: correlation 0.00 below floor,,
1786065554.084,c905cf34,43ad336f-9c3d-4154-a0ea-566015e93350,hedge,ADA/USD,sell,limit,0,0,1309.715008,0.202085,0.202389,15.021,1.058695,0,"net delta +1,085 beyond cap 955, beta=0.38",,
1786065559.085,6e5ea813,43ad336f-9c3d-4154-a0ea-566015e93350,exit,ADA/USD,buy,limit,0,1,1309.715008,0.202134,0.202389,-12.599,1.058952,0,hedge unwind: correlation 0.00 below floor,,
1786065564.085,b072558a,6ed31e1f-4fe7-4bdd-ac27-f2b203b4d620,hedge,ADA/USD,sell,limit,0,0,1309.814313,0.202074,0.202389,15.564,1.058718,0,"net delta +1,085 beyond cap 954, beta=0.38",,
1786065569.086,b95a8183,6ed31e1f-4fe7-4bdd-ac27-f2b203b4d620,exit,ADA/USD,buy,limit,0,1,1309.814313,0.202126,0.202389,-12.995,1.058990,0,hedge unwind: correlation 0.00 below floor,,
1786065574.087,266bd4f7,fa6dea2d-ff98-4c5b-8c90-b10e1a4514df,hedge,ADA/USD,sell,limit,0,0,1310.140158,0.202078,0.202389,15.366,1.059002,0,"net delta +1,085 beyond cap 954, beta=0.38",,
1786065579.088,563cb846,fa6dea2d-ff98-4c5b-8c90-b10e1a4514df,exit,ADA/USD,buy,limit,0,1,1310.140158,0.20214,0.202389,-12.303,1.059327,0,hedge unwind: correlation 0.00 below floor,,
1786065584.088,5537d7ae,038a61d2-e51e-4fdf-93bb-dc5bd6b76044,hedge,ADA/USD,sell,limit,0,0,1310.610696,0.202083,0.202389,15.119,1.059409,0,"net delta +1,085 beyond cap 953, beta=0.38",,
1786065589.089,ef86c7e9,038a61d2-e51e-4fdf-93bb-dc5bd6b76044,exit,ADA/USD,buy,limit,0,1,1310.610696,0.2022638202,0.202389,-6.185,1.060357,0,hedge unwind: correlation 0.00 below floor,,
1786065594.09,17753c25,08fe72bc-63ac-4495-9344-4cc8c7885aa0,hedge,ADA/USD,sell,limit,0,0,1311.005137,0.202158,0.202389,11.414,1.060121,0,"net delta +1,085 beyond cap 953, beta=0.38",,
1786065599.09,27f0a123,08fe72bc-63ac-4495-9344-4cc8c7885aa0,exit,ADA/USD,buy,limit,0,1,1311.005137,0.202204,0.202389,-9.141,1.060362,0,hedge unwind: correlation 0.00 below floor,,
1786065604.091,9d766252,c40608cc-3ffd-44f3-83ad-fd0d40bb31ca,hedge,ADA/USD,sell,limit,0,0,1311.667918,0.202083,0.202389,15.119,1.060263,0,"net delta +1,085 beyond cap 953, beta=0.38",,
1786065609.091,2840c4ee,c40608cc-3ffd-44f3-83ad-fd0d40bb31ca,exit,ADA/USD,buy,limit,0,1,1311.667918,0.2021359662,0.202389,-12.502,1.060541,0,hedge unwind: correlation 0.00 below floor,,
1786065614.092,3c3283bc,702e6191-7200-463a-a3ef-832635f6ea6c,hedge,ADA/USD,sell,limit,0,0,1311.994429,0.202072,0.202389,15.663,1.060469,0,"net delta +1,085 beyond cap 952, beta=0.38",,
1786065619.092,a605017f,702e6191-7200-463a-a3ef-832635f6ea6c,exit,ADA/USD,buy,limit,0,1,1311.994429,0.202145,0.202389,-12.056,1.060852,0,hedge unwind: correlation 0.00 below floor,,
1786065624.093,797f0214,529d96af-11ec-4c1e-8b78-b9c75b2cdbeb,hedge,ADA/USD,sell,limit,0,0,1312.35182,0.2020686165,0.202389,15.83,1.060740,0,"net delta +1,085 beyond cap 952, beta=0.38",,
1786065629.094,83e61153,529d96af-11ec-4c1e-8b78-b9c75b2cdbeb,exit,ADA/USD,buy,limit,0,1,1312.35182,0.2021588251,0.202389,-11.373,1.061214,0,hedge unwind: correlation 0.00 below floor,,
1786065634.094,993c318d,41dfe226-d4d9-4a8c-86f0-6ac7178e60d9,hedge,ADA/USD,sell,limit,0,0,1313.678963,0.202069,0.202217,7.319,1.061815,0,"net delta +1,085 beyond cap 951, beta=0.38",,
1786065639.095,f64a0690,41dfe226-d4d9-4a8c-86f0-6ac7178e60d9,exit,ADA/USD,buy,limit,0,1,1313.678963,0.2021484382,0.202217,-3.391,1.062233,0,hedge unwind: correlation 0.00 below floor,,
1786065644.095,ff673b93,91ebeff3-ca13-46bc-b431-acdb830dff51,hedge,ADA/USD,sell,limit,0,0,1313.694143,0.202069,0.202217,7.319,1.061827,0,"net delta +1,085 beyond cap 951, beta=0.38",,
1786065649.096,a315077b,91ebeff3-ca13-46bc-b431-acdb830dff51,exit,ADA/USD,buy,limit,0,1,1313.694143,0.2020624756,0.202217,-7.642,1.061793,0,hedge unwind: correlation 0.00 below floor,,
1786065654.096,6dc29fb0,67ef4708-48bb-45c2-a675-fb6e254a9f8e,hedge,ADA/USD,sell,limit,0,0,1314.010214,0.201964,0.202217,12.511,1.061531,0,"net delta +1,085 beyond cap 950, beta=0.38",,
1786065659.097,5b50cfb0,67ef4708-48bb-45c2-a675-fb6e254a9f8e,exit,ADA/USD,buy,limit,0,1,1314.010214,0.202042485,0.202217,-8.63,1.061944,0,hedge unwind: correlation 0.00 below floor,,
1786065664.098,3887c0e4,a1ce3833-86ac-4475-945e-58803456404e,hedge,ADA/USD,sell,limit,0,0,1314.289625,0.201964,0.202217,12.511,1.061757,0,"net delta +1,085 beyond cap 950, beta=0.38",,
1786065669.098,1a39bba2,a1ce3833-86ac-4475-945e-58803456404e,exit,ADA/USD,buy,limit,0,1,1314.289625,0.202034737,0.202217,-9.013,1.062129,0,hedge unwind: correlation 0.00 below floor,,
1786065674.099,2466df61,8c63e97a-e7cc-44ee-9692-9bd6ac9e9bab,hedge,ADA/USD,sell,limit,0,0,1314.349783,0.201973,0.202217,12.066,1.061853,0,"net delta +1,084 beyond cap 949, beta=0.38",,
1786065679.1,a4f57b9a,8c63e97a-e7cc-44ee-9692-9bd6ac9e9bab,exit,ADA/USD,buy,limit,0,1,1314.349783,0.20206,0.202217,-7.764,1.062310,0,hedge unwind: correlation 0.00 below floor,,
1786065684.1,1e60ff02,e238d513-7bee-431b-adb5-5b501344d884,hedge,ADA/USD,sell,limit,0,0,1315.34494,0.201989,0.202217,11.275,1.062741,0,"net delta +1,085 beyond cap 949, beta=0.38",,
1786065689.101,1f9f16f1,e238d513-7bee-431b-adb5-5b501344d884,exit,ADA/USD,buy,limit,0,1,1315.34494,0.202057,0.202217,-7.912,1.063099,0,hedge unwind: correlation 0.00 below floor,,
1786065694.102,42bfa7cf,0191d197-e99a-465c-a713-18ef53d756df,hedge,ADA/USD,sell,limit,0,0,1315.899153,0.201963,0.202217,12.561,1.063052,0,"net delta +1,085 beyond cap 949, beta=0.38",,
1786065699.103,fc0c7e64,0191d197-e99a-465c-a713-18ef53d756df,exit,ADA/USD,buy,limit,0,1,1315.899153,0.202055,0.202217,-8.011,1.063536,0,hedge unwind: correlation 0.00 below floor,,
1786065704.103,90f896b8,1d05486c-a1e7-4f16-a233-fd6003b48ec1,hedge,ADA/USD,sell,limit,0,0,1316.425396,0.201988,0.202217,11.324,1.063609,0,"net delta +1,085 beyond cap 948, beta=0.38",,
1786065709.104,388c08a8,1d05486c-a1e7-4f16-a233-fd6003b48ec1,exit,ADA/USD,buy,limit,0,1,1316.425396,0.2020546171,0.202217,-8.03,1.063959,0,hedge unwind: correlation 0.00 below floor,,
1786065714.105,9ef515f4,68e2214b-f7af-4fac-b4e1-e7d840295dce,hedge,ADA/USD,sell,limit,0,0,1316.798298,0.201987,0.202217,11.374,1.063905,0,"net delta +1,085 beyond cap 948, beta=0.38",,
1786065719.106,714bf20d,68e2214b-f7af-4fac-b4e1-e7d840295dce,exit,ADA/USD,buy,limit,0,1,1316.798298,0.2020461866,0.202217,-8.447,1.064216,0,hedge unwind: correlation 0.00 below floor,,
1786065724.106,73ca3a89,310a1ec8-f8ec-4a72-ac84-c34abe5c168a,hedge,ADA/USD,sell,limit,0,0,1317.132989,0.201968,0.202217,12.314,1.064075,0,"net delta +1,085 beyond cap 947, beta=0.38",,
1786065729.107,7392e0a5,310a1ec8-f8ec-4a72-ac84-c34abe5c168a,exit,ADA/USD,buy,limit,0,1,1317.132989,0.2020364452,0.202217,-8.929,1.064435,0,hedge unwind: correlation 0.00 below floor,,
1786065734.108,b8d116e2,b2e0d166-087c-466e-92df-eb46a618e17c,hedge,ADA/USD,sell,limit,0,0,1317.465942,0.2018757865,0.202217,16.874,1.063858,0,"net delta +1,085 beyond cap 947, beta=0.38",,
1786065739.108,556f6cf6,b2e0d166-087c-466e-92df-eb46a618e17c,exit,ADA/USD,buy,limit,0,1,1317.465942,0.201874,0.202217,-16.962,1.063848,0,hedge unwind: correlation 0.00 below floor,,
1786065744.109,a2acdd9d,1af51db4-d7a3-404b-afb1-f326086c9f59,hedge,ADA/USD,sell,limit,0,0,1316.942698,0.201759,0.202217,22.649,1.062820,0,"net delta +1,085 beyond cap 946, beta=0.38",,
1786065749.11,27525a1f,1af51db4-d7a3-404b-afb1-f326086c9f59,exit,ADA/USD,buy,limit,0,1,1316.942698,0.2017583728,0.202217,-22.68,1.062817,0,hedge unwind: correlation 0.00 below floor,,
1786065754.11,40788e75,fe9a1ee5-44db-44ea-8313-4c3dfc58dedb,hedge,ADA/USD,sell,limit,0,0,1317.231121,0.201678,0.202217,26.655,1.062626,0,"net delta +1,085 beyond cap 946, beta=0.38",,
1786065759.111,fec87f57,fe9a1ee5-44db-44ea-8313-4c3dfc58dedb,exit,ADA/USD,buy,limit,0,1,1317.231121,0.201843,0.202217,-18.495,1.063496,0,hedge unwind: correlation 0.00 below floor,,
1786065764.111,37b1b31f,e7c347ac-c4d9-47f8-a803-97dc9564457c,hedge,ADA/USD,sell,limit,0,0,1317.806202,0.201809473,0.202217,20.153,1.063783,0,"net delta +1,085 beyond cap 945, beta=0.38",,
1786065769.112,1c14de7c,e7c347ac-c4d9-47f8-a803-97dc9564457c,exit,ADA/USD,buy,limit,0,1,1317.806202,0.201909,0.202217,-15.231,1.064308,0,hedge unwind: correlation 0.00 below floor,,
1786065774.113,594a982d,a9c3143a-760f-4584-b45d-396577a6089e,hedge,ADA/USD,sell,limit,0,0,1318.143787,0.201852,0.202217,18.05,1.064280,0,"net delta +1,085 beyond cap 945, beta=0.38",,
1786065779.114,b55372d4,a9c3143a-760f-4584-b45d-396577a6089e,exit,ADA/USD,buy,limit,0,1,1318.143787,0.2019154831,0.202217,-14.911,1.064615,0,hedge unwind: correlation 0.00 below floor,,
1786065784.115,5075aee7,38d17b17-b616-45c6-ba1b-0dc6daadf83e,hedge,ADA/USD,sell,limit,0,0,1318.512679,0.2017815143,0.202217,21.536,1.064206,0,"net delta +1,085 beyond cap 945, beta=0.38",,
1786065789.115,77908fd2,38d17b17-b616-45c6-ba1b-0dc6daadf83e,exit,ADA/USD,buy,limit,0,1,1318.512679,0.2018419817,0.202217,-18.545,1.064525,0,hedge unwind: correlation 0.00 below floor,,
1786065794.115,65b5037b,0d04dd3b-16d4-4354-9c0b-92346f71c199,hedge,ADA/USD,sell,limit,0,0,1318.841671,0.2017910363,0.202217,21.065,1.064522,0,"net delta +1,085 beyond cap 944, beta=0.38",,
1786065799.116,4ddd66e9,0d04dd3b-16d4-4354-9c0b-92346f71c199,exit,ADA/USD,buy,limit,0,1,1318.841671,0.2018394487,0.201788,2.55,1.064777,0,hedge unwind: correlation 0.00 below floor,,
1786065804.117,f16b4e31,069a71b8-8bed-4f81-9b89-1c9dbe37bed1,hedge,ADA/USD,sell,limit,0,0,1322.32921,0.201788,0.201788,-0.0,1.067321,0,"net delta +1,085 beyond cap 944, beta=0.38",,
1786065809.118,2f85f4eb,069a71b8-8bed-4f81-9b89-1c9dbe37bed1,exit,ADA/USD,buy,limit,0,1,1322.32921,0.2018739823,0.201788,4.261,1.067775,0,hedge unwind: correlation 0.00 below floor,,
1786065814.118,f2b3d8ce,309a9359-c73d-40db-a2d5-d9eaa0b5d1b8,hedge,ADA/USD,sell,limit,0,0,1322.665442,0.201788,0.201788,-0.0,1.067592,0,"net delta +1,085 beyond cap 943, beta=0.38",,
1786065819.119,1d414775,309a9359-c73d-40db-a2d5-d9eaa0b5d1b8,exit,ADA/USD,buy,limit,0,1,1322.665442,0.2017573333,0.201788,-1.52,1.067430,0,hedge unwind: correlation 0.00 below floor,,
1786065824.12,e6e3f1c4,6be93d65-ab19-4fc7-81e3-311778967c59,hedge,ADA/USD,sell,limit,0,0,1322.93431,0.2016807899,0.201788,5.313,1.067242,0,"net delta +1,085 beyond cap 943, beta=0.38",,
1786065829.121,e2743069,6be93d65-ab19-4fc7-81e3-311778967c59,exit,ADA/USD,buy,limit,0,1,1322.93431,0.2017449823,0.201788,-2.132,1.067581,0,hedge unwind: correlation 0.00 below floor,,
1786065834.122,3d6a7a56,66687d78-5938-4a66-8b7a-a87c373a43a3,hedge,ADA/USD,sell,limit,0,0,1323.220244,0.2016850791,0.201788,5.1,1.067495,0,"net delta +1,085 beyond cap 942, beta=0.38",,
1786065839.123,3ac5b1d5,66687d78-5938-4a66-8b7a-a87c373a43a3,exit,ADA/USD,buy,limit,0,1,1323.220244,0.2018478976,0.201788,2.968,1.068357,0,hedge unwind: correlation 0.00 below floor,,
1786065844.123,d54d1aec,fd6f5bec-abd2-493e-9750-ca2073eed5ac,hedge,ADA/USD,sell,limit,0,0,1323.933356,0.2017850361,0.201744,-2.034,1.068600,0,"net delta +1,085 beyond cap 942, beta=0.38",,
1786065858.589,39bed94e,fd6f5bec-abd2-493e-9750-ca2073eed5ac,exit,ADA/USD,buy,limit,0,1,1323.933356,0.201953,0.201744,10.36,1.069489,0,hedge unwind: correlation 0.00 below floor,,
1786065863.59,62df848e,f6639465-0abb-4220-a4b8-37b18bbb3387,hedge,ADA/USD,sell,limit,0,0,870.0809099,0.20187,0.201836,-1.685,0.702573,0,"net delta +1,085 beyond cap 941, beta=0.25",,
1786065868.591,55a94bc2,f6639465-0abb-4220-a4b8-37b18bbb3387,exit,ADA/USD,buy,limit,0,1,870.0809099,0.2018634153,0.201876,-0.623,0.702550,1.136868377e-13,hedge unwind: correlation 0.00 below floor,,
1786065873.591,ddef735b,5aa60ce2-64a6-44be-8336-3915a89b4118,hedge,ADA/USD,sell,limit,0,0,870.0198008,0.201789,0.201876,4.31,0.702242,0,"net delta +1,085 beyond cap 941, beta=0.25",,
1786065878.592,369995c6,5aa60ce2-64a6-44be-8336-3915a89b4118,exit,ADA/USD,buy,limit,0,1,870.0198008,0.2018557615,0.201876,-1.003,0.702474,0,hedge unwind: correlation 0.00 below floor,,
1786065883.592,7a3e7e88,e36db616-59d2-4f94-ad48-9090c6162ed9,hedge,ADA/USD,sell,limit,0,0,870.055689,0.201764,0.201876,5.548,0.702184,0,"net delta +1,085 beyond cap 941, beta=0.25",,
1786065888.592,72bcc342,e36db616-59d2-4f94-ad48-9090c6162ed9,exit,ADA/USD,buy,limit,0,1,870.055689,0.2017650554,0.201876,-5.496,0.702187,0,hedge unwind: correlation 0.00 below floor,,
1786065893.593,1fe2019c,5e2058c4-70a3-4995-8509-850e7d3a95f4,hedge,ADA/USD,sell,limit,0,0,870.2990499,0.201763,0.201852,4.409,0.702377,0,"net delta +1,085 beyond cap 941, beta=0.25",,
1786065898.594,d82da333,5e2058c4-70a3-4995-8509-850e7d3a95f4,exit,ADA/USD,buy,limit,0,1,870.2990499,0.2014881566,0.201852,-18.025,0.701420,0,hedge unwind: correlation 0.00 below floor,,
1786065903.594,5171642e,6e5f5d9c-6fda-40bd-83d6-bb77b5987841,hedge,ADA/USD,sell,limit,0,0,871.021767,0.201694,0.201697,0.149,0.702719,0,"net delta +1,085 beyond cap 940, beta=0.25",,
1786065908.595,569c9ae1,6e5f5d9c-6fda-40bd-83d6-bb77b5987841,exit,ADA/USD,buy,limit,0,1,871.021767,0.2017719851,0.201757,0.743,0.702991,0,hedge unwind: correlation 0.00 below floor,,
1786065913.595,a4d66ab6,db621248-e342-4af4-a4ee-aed99c56f1f2,hedge,ADA/USD,sell,limit,0,0,870.8952078,0.201666,0.201757,4.51,0.702520,0,"net delta +1,085 beyond cap 940, beta=0.25",,
1786065918.596,af4b9ecd,db621248-e342-4af4-a4ee-aed99c56f1f2,exit,ADA/USD,buy,limit,0,1,870.8952078,0.2017633238,0.201757,0.313,0.702859,0,hedge unwind: correlation 0.00 below floor,,
1786065923.596,ec69a4c6,20b85fd7-0818-4a35-a6d4-28775f933fae,hedge,ADA/USD,sell,limit,0,0,871.0737829,0.201665,0.201757,4.56,0.702660,0,"net delta +1,085 beyond cap 940, beta=0.25",,
1786065928.597,874b292b,20b85fd7-0818-4a35-a6d4-28775f933fae,exit,ADA/USD,buy,limit,0,1,871.0737829,0.2017496397,0.201757,-0.365,0.702955,0,hedge unwind: correlation 0.00 below floor,,
1786065933.597,0c324c78,9dcc4285-2cd3-4623-b52a-1e0cf3629267,hedge,ADA/USD,sell,limit,0,0,871.7463344,0.2014775055,0.201757,13.853,0.702549,0,"net delta +1,085 beyond cap 940, beta=0.25",,
1786065938.598,159448d2,9dcc4285-2cd3-4623-b52a-1e0cf3629267,exit,ADA/USD,buy,limit,0,1,871.7463344,0.201612,0.201665,-2.628,0.703018,0,hedge unwind: correlation 0.00 below floor,,
1786065943.599,4419cf8e,ec644cfc-0b6b-4e14-b46b-3db48059fd0d,hedge,ADA/USD,sell,limit,0,0,872.2917674,0.201493,0.201665,8.529,0.703043,0,"net delta +1,085 beyond cap 939, beta=0.25",,
1786065948.599,c86982ea,ec644cfc-0b6b-4e14-b46b-3db48059fd0d,exit,ADA/USD,buy,limit,0,1,872.2917674,0.201623,0.201665,-2.083,0.703496,0,hedge unwind: correlation 0.00 below floor,,
1786065953.6,e383f028,9aadef9c-e113-449a-96c8-ca832896bd19,hedge,ADA/USD,sell,limit,0,0,872.0982838,0.201582,0.201665,4.116,0.703197,0,"net delta +1,085 beyond cap 939, beta=0.25",,
1786065958.6,b205de21,9aadef9c-e113-449a-96c8-ca832896bd19,exit,ADA/USD,buy,limit,0,1,872.0982838,0.2017292596,0.201665,3.186,0.703711,0,hedge unwind: correlation 0.00 below floor,,
1786065963.601,c8ddd47d,7080bb92-93e8-4ee6-915e-654c172dda13,hedge,ADA/USD,sell,limit,0,0,872.265808,0.201588,0.201649,3.025,0.703353,0,"net delta +1,085 beyond cap 939, beta=0.25",,
1786065968.602,5487d8c4,7080bb92-93e8-4ee6-915e-654c172dda13,exit,ADA/USD,buy,limit,0,1,872.265808,0.201652,0.201649,0.149,0.703577,0,hedge unwind: correlation 0.00 below floor,,
1786065973.602,09fef855,a73e5439-25b2-40c3-aa70-7aa598f7ea1b,hedge,ADA/USD,sell,limit,0,0,872.3617595,0.201594,0.201649,2.728,0.703452,0,"net delta +1,085 beyond cap 938, beta=0.25",,
1786065978.603,b015eef9,a73e5439-25b2-40c3-aa70-7aa598f7ea1b,exit,ADA/USD,buy,limit,0,1,872.3617595,0.201713,0.201649,3.174,0.703867,0,hedge unwind: correlation 0.00 below floor,,
1786065983.604,2968eb89,9c619f75-d283-47aa-9604-238a74d62c59,hedge,ADA/USD,sell,limit,0,0,872.7494764,0.201612,0.201649,1.835,0.703827,0,"net delta +1,085 beyond cap 938, beta=0.25",,
1786065988.605,acd38046,9c619f75-d283-47aa-9604-238a74d62c59,exit,ADA/USD,buy,limit,0,1,872.7494764,0.201756,0.201649,5.306,0.704330,0,hedge unwind: correlation 0.00 below floor,,
1786065993.605,d9588415,90cf47b9-5b11-4bc7-b45b-0a5829ea4d5f,hedge,ADA/USD,sell,limit,0,0,872.8623423,0.201699,0.201649,-2.48,0.704222,0,"net delta +1,085 beyond cap 938, beta=0.25",,
1786065998.606,d9a7a951,90cf47b9-5b11-4bc7-b45b-0a5829ea4d5f,exit,ADA/USD,buy,limit,0,1,872.8623423,0.201819,0.201649,8.43,0.704641,0,hedge unwind: correlation 0.00 below floor,,
1786066003.607,8db0ae06,b1f7d85b-c827-4574-8ffd-71ce07de30e8,hedge,ADA/USD,sell,limit,0,0,873.0624269,0.201767,0.201649,-5.852,0.704621,0,"net delta +1,085 beyond cap 937, beta=0.25",,
1786066008.608,f67ee24d,b1f7d85b-c827-4574-8ffd-71ce07de30e8,exit,ADA/USD,buy,limit,0,1,873.0624269,0.201835,0.201649,9.224,0.704858,0,hedge unwind: correlation 0.00 below floor,,
1786066013.608,1ae93753,fdbdc0c2-01c6-4035-8a71-44c01ab2d097,hedge,ADA/USD,sell,limit,0,0,873.2623616,0.201758,0.201649,-5.405,0.704751,0,"net delta +1,085 beyond cap 937, beta=0.25",,
1786066018.609,5866b777,fdbdc0c2-01c6-4035-8a71-44c01ab2d097,exit,ADA/USD,buy,limit,0,1,873.2623616,0.201837,0.201649,9.323,0.705027,0,hedge unwind: correlation 0.00 below floor,,
1786066023.609,2553c087,0c0574ae-54ab-43de-ba09-1a915ed905a1,hedge,ADA/USD,sell,limit,0,0,873.9142699,0.201757,0.201649,-5.356,0.705273,0,"net delta +1,086 beyond cap 937, beta=0.25",,
1786066028.61,e6f6d941,0c0574ae-54ab-43de-ba09-1a915ed905a1,exit,ADA/USD,buy,limit,0,1,873.9142699,0.20176,0.201649,5.505,0.705284,0,hedge unwind: correlation 0.00 below floor,,
1786066033.611,17ad18ca,6c0e7d1f-5ee5-4a5c-8148-a4362073aec7,hedge,ADA/USD,sell,limit,0,0,874.0806875,0.2017,0.201649,-2.529,0.705208,0,"net delta +1,086 beyond cap 937, beta=0.25",,
1786066038.611,5c0ebdf0,6c0e7d1f-5ee5-4a5c-8148-a4362073aec7,exit,ADA/USD,buy,limit,0,1,874.0806875,0.2018208297,0.201649,8.521,0.705631,0,hedge unwind: correlation 0.00 below floor,,
1786066043.612,29f73f95,cac60991-1fd1-444a-a2b6-0c9986fe8917,hedge,ADA/USD,sell,limit,0,0,874.0289218,0.201575,0.201649,3.67,0.704730,0,"net delta +1,085 beyond cap 936, beta=0.25",,
1786066048.613,3fabf5d2,cac60991-1fd1-444a-a2b6-0c9986fe8917,exit,ADA/USD,buy,limit,0,1,874.0289218,0.201641,0.201661,-0.992,0.704960,0,hedge unwind: correlation 0.00 below floor,,
1786066053.613,685e2e3d,f83948ea-479c-4b13-b5e9-f583d8b6e4fb,hedge,ADA/USD,sell,limit,0,0,874.4988199,0.201573,0.201574,0.05,0.705101,0,"net delta +1,085 beyond cap 936, beta=0.25",,
1786066058.614,db41d1f1,f83948ea-479c-4b13-b5e9-f583d8b6e4fb,exit,ADA/USD,buy,limit,0,1,874.4988199,0.201732,0.201574,7.838,0.705658,0,hedge unwind: correlation 0.00 below floor,,
1786066063.615,7fa3078c,d33f6ff5-9dfe-4a5d-bba0-abe70fb7fb26,hedge,ADA/USD,sell,limit,0,0,874.6516383,0.201654,0.201574,-3.969,0.705508,0,"net delta +1,085 beyond cap 936, beta=0.25",,
1786066068.668,4a537488,d33f6ff5-9dfe-4a5d-bba0-abe70fb7fb26,exit,ADA/USD,buy,limit,0,1,874.6516383,0.201672,0.201574,4.862,0.705571,0,hedge unwind: correlation 0.00 below floor,,
1786066073.668,df605df8,c7c4491d-7942-4f9e-88e2-88f511ee5ee9,hedge,ADA/USD,sell,limit,0,0,874.9374948,0.201613,0.201574,-1.935,0.705595,0,"net delta +1,086 beyond cap 935, beta=0.25",,
1786066078.668,8e462771,c7c4491d-7942-4f9e-88e2-88f511ee5ee9,exit,ADA/USD,buy,limit,0,1,874.9374948,0.201656,0.201574,4.068,0.705746,0,hedge unwind: correlation 0.00 below floor,,
1786066083.669,4b3196af,f17a5fd4-e787-4858-84fb-f838cfd5f534,hedge,ADA/USD,sell,limit,0,0,875.0800452,0.201582,0.201574,-0.397,0.705602,0,"net delta +1,086 beyond cap 935, beta=0.25",,
1786066088.67,5c7d794c,f17a5fd4-e787-4858-84fb-f838cfd5f534,exit,ADA/USD,buy,limit,0,1,875.0800452,0.201674,0.201574,4.961,0.705924,0,hedge unwind: correlation 0.00 below floor,,
1786066093.671,787d910d,59211939-365b-4800-bd18-c88cb2ecfe2e,hedge,ADA/USD,sell,limit,0,0,875.2394747,0.201596,0.201574,-1.091,0.705779,0,"net delta +1,086 beyond cap 935, beta=0.25",,
1786066098.671,1117bc2f,59211939-365b-4800-bd18-c88cb2ecfe2e,exit,ADA/USD,buy,limit,0,1,875.2394747,0.201692,0.201574,5.854,0.706115,0,hedge unwind: correlation 0.00 below floor,,
1786066103.671,bf980dc3,7b8351c9-93b2-4366-a257-7bcedad29c4c,hedge,ADA/USD,sell,limit,0,0,875.4381763,0.201558,0.201574,0.794,0.705806,0,"net delta +1,086 beyond cap 935, beta=0.25",,
1786066108.672,3f7f16c4,7b8351c9-93b2-4366-a257-7bcedad29c4c,exit,ADA/USD,buy,limit,0,1,875.4381763,0.201602,0.201574,1.389,0.705960,0,hedge unwind: correlation 0.00 below floor,,
1786066113.701,fc67d5ed,30097f9f-fde3-4ad7-80e0-4d8e5ba902ef,hedge,ADA/USD,sell,limit,0,0,875.5959744,0.20159,0.201574,-0.794,0.706046,0,"net delta +1,086 beyond cap 934, beta=0.25",,
1786066118.702,78512c08,30097f9f-fde3-4ad7-80e0-4d8e5ba902ef,exit,ADA/USD,buy,limit,0,1,875.5959744,0.201717,0.201574,7.094,0.706490,0,hedge unwind: correlation 0.00 below floor,,
1786066123.702,ccf29892,2cd449bd-aa4a-4387-a8d8-e18b11e20d16,hedge,ADA/USD,sell,limit,0,0,875.378045,0.201752,0.201651,-5.009,0.706437,0,"net delta +1,086 beyond cap 934, beta=0.25",,
1786066128.702,ff02ea9d,2cd449bd-aa4a-4387-a8d8-e18b11e20d16,exit,ADA/USD,buy,limit,0,1,875.378045,0.201818,0.201648,8.431,0.706668,0,hedge unwind: correlation 0.00 below floor,,
1786066133.703,8301c950,878744ba-2e14-40ac-a823-821abc7ef97f,hedge,ADA/USD,sell,limit,0,0,875.5679603,0.201768,0.201648,-5.951,0.706646,0,"net delta +1,086 beyond cap 934, beta=0.25",,
1786066138.703,6e637954,878744ba-2e14-40ac-a823-821abc7ef97f,exit,ADA/USD,buy,limit,0,1,875.5679603,0.201822,0.201648,8.629,0.706836,0,hedge unwind: correlation 0.00 below floor,,
1786066143.704,729ca04b,dc7590a5-d732-42e3-b9a0-3661ed43f761,hedge,ADA/USD,sell,limit,0,0,875.7768433,0.201582,0.201648,3.273,0.706163,0,"net delta +1,086 beyond cap 933, beta=0.25",,
1786066148.704,4f4cea0d,dc7590a5-d732-42e3-b9a0-3661ed43f761,exit,ADA/USD,buy,limit,0,1,875.7768433,0.201649,0.201759,-5.452,0.706398,0,hedge unwind: correlation 0.00 below floor,,
1786066153.705,55d1c528,bfc671d7-9b04-45ac-9b4d-fb9df6fb6634,hedge,ADA/USD,sell,limit,0,0,875.7012338,0.201584,0.201759,8.674,0.706109,0,"net delta +1,086 beyond cap 933, beta=0.25",,
1786066158.705,b182e926,bfc671d7-9b04-45ac-9b4d-fb9df6fb6634,exit,ADA/USD,buy,limit,0,1,875.7012338,0.201244,0.201759,-25.526,0.704918,0,hedge unwind: correlation 0.00 below floor,,
1786066163.706,45743268,b9f1b726-1546-4090-96d2-7599b55c294f,hedge,ADA/USD,sell,limit,0,0,628.3695199,0.200931,0.201118,9.298,0.505036,0,"net delta +1,086 beyond cap 933, beta=0.18",,
1786066168.706,2bf8b477,b9f1b726-1546-4090-96d2-7599b55c294f,exit,ADA/USD,buy,limit,0,1,628.3695199,0.2010396919,0.200885,7.701,0.505309,0,hedge unwind: correlation 0.00 below floor,,
1786066173.707,c8383cd0,dfb8edeb-256a-4151-a43b-d04cacf68f14,hedge,ADA/USD,sell,limit,0,0,629.0272593,0.200971,0.200931,-1.991,0.505665,0,"net delta +1,086 beyond cap 933, beta=0.18",,
1786066178.708,06b7d565,dfb8edeb-256a-4151-a43b-d04cacf68f14,exit,ADA/USD,buy,limit,0,1,629.0272593,0.201117,0.200931,9.257,0.506032,0,hedge unwind: correlation 0.00 below floor,,
1786066183.709,1720e5bd,0f9f8d24-cffe-41ea-a732-97913a1cc7ca,hedge,ADA/USD,sell,limit,0,0,629.1040005,0.200898,0.200931,1.642,0.505543,0,"net delta +1,086 beyond cap 932, beta=0.18",,
1786066188.709,ef31f38c,0f9f8d24-cffe-41ea-a732-97913a1cc7ca,exit,ADA/USD,buy,limit,0,1,629.1040005,0.200951,0.200997,-2.289,0.505676,0,hedge unwind: correlation 0.00 below floor,,
1786066193.71,f2f005a1,77566911-bc41-43cb-b0a6-9959bb3e80ee,hedge,ADA/USD,sell,limit,0,0,628.9448718,0.200988,0.200997,0.448,0.505641,0,"net delta +1,086 beyond cap 932, beta=0.18",,
1786066198.71,5121a62c,77566911-bc41-43cb-b0a6-9959bb3e80ee,exit,ADA/USD,buy,limit,0,1,628.9448718,0.201148,0.200997,7.513,0.506044,0,hedge unwind: correlation 0.00 below floor,,
1786066203.711,3b00a7a5,b2ce297a-3afd-416f-8ee3-81ef5e37ee93,hedge,ADA/USD,sell,limit,0,0,629.0095127,0.2009572429,0.200997,1.978,0.505616,0,"net delta +1,086 beyond cap 932, beta=0.18",,
1786066208.711,f84f4bb7,b2ce297a-3afd-416f-8ee3-81ef5e37ee93,exit,ADA/USD,buy,limit,0,1,629.0095127,0.201142,0.200997,7.214,0.506081,0,hedge unwind: correlation 0.00 below floor,,
1786066213.712,74792c13,bfc6bdc5-0fad-432e-92be-0c32c399fd24,hedge,ADA/USD,sell,limit,0,0,629.1176535,0.200975,0.200997,1.095,0.505748,0,"net delta +1,086 beyond cap 932, beta=0.18",,
1786066218.713,e822917b,bfc6bdc5-0fad-432e-92be-0c32c399fd24,exit,ADA/USD,buy,limit,0,1,629.1176535,0.2009352197,0.200997,-3.074,0.505648,0,hedge unwind: correlation 0.00 below floor,,
1786066223.713,0f158f1c,1a1ba1ff-ef0d-4298-8665-a41c59cc3eff,hedge,ADA/USD,sell,limit,0,0,629.5218769,0.200868,0.200892,1.195,0.505803,0,"net delta +1,086 beyond cap 932, beta=0.18",,
1786066228.714,ac7e8f88,1a1ba1ff-ef0d-4298-8665-a41c59cc3eff,exit,ADA/USD,buy,limit,0,1,629.5218769,0.2009601876,0.200892,3.394,0.506035,0,hedge unwind: correlation 0.00 below floor,,
1786066233.714,4b66ca36,f0f355f6-8e1b-482b-af22-d20e54b9befa,hedge,ADA/USD,sell,limit,0,0,629.6305691,0.200844,0.200892,2.389,0.505830,0,"net delta +1,086 beyond cap 931, beta=0.18",,
1786066238.715,9292eac2,f0f355f6-8e1b-482b-af22-d20e54b9befa,exit,ADA/USD,buy,limit,0,1,629.6305691,0.2009533,0.200966,-0.632,0.506105,0,hedge unwind: correlation 0.00 below floor,,
1786066243.716,96539125,8609f82f-4a3c-49c1-9b16-49dba0639046,hedge,ADA/USD,sell,limit,0,0,629.4759208,0.200849,0.200966,5.822,0.505718,0,"net delta +1,086 beyond cap 931, beta=0.18",,
1786066248.716,9bf5e7a4,8609f82f-4a3c-49c1-9b16-49dba0639046,exit,ADA/USD,buy,limit,0,1,629.4759208,0.201071,0.200966,5.225,0.506277,0,hedge unwind: correlation 0.00 below floor,,
1786066253.717,7693613e,e4312085-79d5-45d4-beca-a9d3fad28563,hedge,ADA/USD,sell,limit,0,0,629.4953197,0.201053,0.200982,-3.533,0.506248,0,"net delta +1,086 beyond cap 931, beta=0.18",,
1786066258.717,f09c15b6,e4312085-79d5-45d4-beca-a9d3fad28563,exit,ADA/USD,buy,limit,0,1,629.4953197,0.20116,0.200982,8.857,0.506517,0,hedge unwind: correlation 0.00 below floor,,
1786066263.718,46029ad8,2a6650a5-72ea-49e9-bf18-78c9bcbd50de,hedge,ADA/USD,sell,limit,0,0,629.5705817,0.20106,0.200982,-3.881,0.506326,0,"net delta +1,086 beyond cap 931, beta=0.18",,
1786066268.719,7eaddebe,2a6650a5-72ea-49e9-bf18-78c9bcbd50de,exit,ADA/USD,buy,limit,0,1,629.5705817,0.201136,0.200982,7.662,0.506517,0,hedge unwind: correlation 0.00 below floor,,
1786066273.719,eae99f55,b71b2f22-263c-4ad1-b58b-ca2106f06398,hedge,ADA/USD,sell,limit,0,0,629.6443541,0.20106,0.200982,-3.881,0.506385,0,"net delta +1,086 beyond cap 931, beta=0.18",,
1786066278.719,771512f3,b71b2f22-263c-4ad1-b58b-ca2106f06398,exit,ADA/USD,buy,limit,0,1,629.6443541,0.20116,0.200982,8.857,0.506637,0,hedge unwind: correlation 0.00 below floor,,
1786066283.72,32d0b4c2,3324bc7e-e698-4b68-94e6-c74182c49ba7,hedge,ADA/USD,sell,limit,0,0,629.7165816,0.201074,0.200982,-4.578,0.506479,0,"net delta +1,086 beyond cap 930, beta=0.18",,
1786066288.72,fde69c96,3324bc7e-e698-4b68-94e6-c74182c49ba7,exit,ADA/USD,buy,limit,0,1,629.7165816,0.20115,0.200982,8.359,0.506670,0,hedge unwind: correlation 0.00 below floor,,
1786066293.721,e0d0a25b,624c3f54-91b2-408b-8537-2ab5807c0d12,hedge,ADA/USD,sell,limit,0,0,629.7905513,0.201059,0.200982,-3.831,0.506500,0,"net delta +1,086 beyond cap 930, beta=0.18",,
1786066298.721,443b6603,624c3f54-91b2-408b-8537-2ab5807c0d12,exit,ADA/USD,buy,limit,0,1,629.7905513,0.201181,0.200982,9.901,0.506808,0,hedge unwind: correlation 0.00 below floor,,
1786066303.722,e66345f7,dea813ef-572f-4f99-b18d-999b45ed84e1,hedge,ADA/USD,sell,limit,0,0,629.8712673,0.201059,0.200982,-3.831,0.506565,0,"net delta +1,086 beyond cap 930, beta=0.18",,
1786066308.723,a2fc19d5,dea813ef-572f-4f99-b18d-999b45ed84e1,exit,ADA/USD,buy,limit,0,1,629.8712673,0.201098,0.20117,-3.579,0.506663,0,hedge unwind: correlation 0.00 below floor,,
1786066313.724,96d34879,a9263dc7-54d6-4202-bb3e-a458f707b437,hedge,ADA/USD,sell,limit,0,0,629.3581435,0.201005,0.20117,8.202,0.506017,0,"net delta +1,086 beyond cap 930, beta=0.18",,
1786066318.724,4e41bbff,a9263dc7-54d6-4202-bb3e-a458f707b437,exit,ADA/USD,buy,limit,0,1,629.3581435,0.20109,0.201003,4.328,0.506231,0,hedge unwind: correlation 0.00 below floor,,
1786066323.725,dc567839,38a55dad-bbca-4cf7-b5f3-93a82cec5c01,hedge,ADA/USD,sell,limit,0,0,629.8805177,0.201071,0.201003,-3.383,0.506603,0,"net delta +1,086 beyond cap 929, beta=0.18",,
1786066328.726,30fa87e6,38a55dad-bbca-4cf7-b5f3-93a82cec5c01,exit,ADA/USD,buy,limit,0,1,629.8805177,0.201223,0.201003,10.945,0.506986,0,hedge unwind: correlation 0.00 below floor,,
1786066333.726,3c8468c6,f5337c37-386e-493e-a608-504f9289add0,hedge,ADA/USD,sell,limit,0,0,629.9638661,0.201144,0.201003,-7.015,0.506854,0,"net delta +1,086 beyond cap 929, beta=0.18",,
1786066338.734,cc7c2a02,f5337c37-386e-493e-a608-504f9289add0,exit,ADA/USD,buy,limit,0,1,629.9638661,0.201259,0.201003,12.736,0.507144,0,hedge unwind: correlation 0.00 below floor,,
1786066343.734,7ce6639f,001d7303-aa58-4418-a984-f35b52cdbdfb,hedge,ADA/USD,sell,limit,0,0,630.1172086,0.201225,0.201003,-11.045,0.507181,0,"net delta +1,086 beyond cap 929, beta=0.18",,
1786066348.735,f7a519c3,001d7303-aa58-4418-a984-f35b52cdbdfb,exit,ADA/USD,buy,limit,0,1,630.1172086,0.201287,0.201003,14.129,0.507338,0,hedge unwind: correlation 0.00 below floor,,
1786066353.735,4b1d0ee0,1ab14ea9-4f28-43ad-ac88-4991824ac5c9,hedge,ADA/USD,sell,limit,0,0,630.1996696,0.201096,0.201003,-4.627,0.506923,0,"net delta +1,086 beyond cap 929, beta=0.18",,
1786066358.736,e9075ee5,1ab14ea9-4f28-43ad-ac88-4991824ac5c9,exit,ADA/USD,buy,limit,0,1,630.1996696,0.2012107306,0.201003,10.335,0.507212,0,hedge unwind: correlation 0.00 below floor,,
1786066363.737,3232af70,1c3eaa93-6402-4534-bfbf-9b8484640a63,hedge,ADA/USD,sell,limit,0,0,630.2763299,0.201096,0.201003,-4.627,0.506984,0,"net delta +1,086 beyond cap 929, beta=0.18",,
1786066368.737,d64868d2,1c3eaa93-6402-4534-bfbf-9b8484640a63,exit,ADA/USD,buy,limit,0,1,630.2763299,0.201184,0.201003,9.005,0.507206,0,hedge unwind: correlation 0.00 below floor,,
1786066373.738,d69b87c8,0f63ef3a-7bb3-4c7f-9c8b-0062bce0e331,hedge,ADA/USD,sell,limit,0,0,630.3547662,0.20105,0.201003,-2.338,0.506931,0,"net delta +1,086 beyond cap 928, beta=0.18",,
1786066378.738,411cd3c6,0f63ef3a-7bb3-4c7f-9c8b-0062bce0e331,exit,ADA/USD,buy,limit,0,1,630.3547662,0.201187,0.201071,5.769,0.507277,0,hedge unwind: correlation 0.00 below floor,,
1786066383.739,57aa24f4,f6f8c9b5-4870-4c0e-b9ae-dd857f460592,hedge,ADA/USD,sell,limit,0,0,630.2201307,0.201191,0.201071,-5.968,0.507178,0,"net delta +1,086 beyond cap 928, beta=0.18",,
1786066388.74,b59627d1,f6f8c9b5-4870-4c0e-b9ae-dd857f460592,exit,ADA/USD,buy,limit,0,1,630.2201307,0.2012622398,0.201071,9.511,0.507358,0,hedge unwind: correlation 0.00 below floor,,
1786066393.741,8050a16b,b65a4340-6e73-4da5-a4cf-2319c316a5c4,hedge,ADA/USD,sell,limit,0,0,630.5946328,0.201168,0.201071,-4.824,0.507422,0,"net delta +1,086 beyond cap 928, beta=0.18",,
1786066398.741,13b6e979,b65a4340-6e73-4da5-a4cf-2319c316a5c4,exit,ADA/USD,buy,limit,0,1,630.5946328,0.2012752999,0.201071,10.161,0.507692,0,hedge unwind: correlation 0.00 below floor,,
1786066403.742,c340905b,751a178e-e63f-48fc-a0c3-4f84e99e00c2,hedge,ADA/USD,sell,limit,0,0,630.6752913,0.201191,0.201071,-5.968,0.507545,0,"net delta +1,086 beyond cap 928, beta=0.18",,
1786066408.742,32e45f3b,751a178e-e63f-48fc-a0c3-4f84e99e00c2,exit,ADA/USD,buy,limit,0,1,630.6752913,0.2012789475,0.201071,10.342,0.507767,0,hedge unwind: correlation 0.00 below floor,,
1786066413.743,ede1561e,3a71314d-ab58-41bf-a4dd-0a15c4c5fb62,hedge,ADA/USD,sell,limit,0,0,630.7505811,0.2011970776,0.201071,-6.27,0.507621,0,"net delta +1,086 beyond cap 928, beta=0.18",,
1786066418.744,500449d3,3a71314d-ab58-41bf-a4dd-0a15c4c5fb62,exit,ADA/USD,buy,limit,0,1,630.7505811,0.2012549475,0.201274,-0.947,0.507767,0,hedge unwind: correlation 0.00 below floor,,
1786066423.744,1d92c501,108a9338-d616-4204-bd8c-b49f7cefec91,hedge,ADA/USD,sell,limit,0,0,630.2552175,0.2011940776,0.201274,3.971,0.507214,0,"net delta +1,086 beyond cap 927, beta=0.18",,
1786066428.745,87bad720,108a9338-d616-4204-bd8c-b49f7cefec91,exit,ADA/USD,buy,limit,0,1,630.2552175,0.2011499474,0.201274,-6.163,0.507103,0,hedge unwind: correlation 0.00 below floor,,
1786066433.746,c2f70b7b,dc4a9c88-58a5-4b6b-b4f6-da13286832fa,hedge,ADA/USD,sell,limit,0,0,630.3115774,0.2009780777,0.201274,14.702,0.506715,0,"net delta +1,086 beyond cap 927, beta=0.18",,
1786066438.746,26c5712a,dc4a9c88-58a5-4b6b-b4f6-da13286832fa,exit,ADA/USD,buy,limit,0,1,630.3115774,0.2011429474,0.201274,-6.511,0.507131,0,hedge unwind: correlation 0.00 below floor,,
1786066443.747,1d075a6f,eab34f7b-9301-4046-b1f9-921ad322fe5d,hedge,ADA/USD,sell,limit,0,0,629.8215998,0.2010630778,0.201274,10.479,0.506535,0,"net delta +1,086 beyond cap 927, beta=0.18",,
1786066448.748,9c8a1cef,eab34f7b-9301-4046-b1f9-921ad322fe5d,exit,ADA/USD,buy,limit,0,1,629.8215998,0.2011559474,0.201274,-5.865,0.506769,0,hedge unwind: correlation 0.00 below floor,,
1786066453.748,0c6956d7,ef56b0c4-0873-4008-a3b6-5fb4e5f7185f,hedge,ADA/USD,sell,limit,0,0,629.9135685,0.2011770777,0.201274,4.815,0.506897,0,"net delta +1,086 beyond cap 927, beta=0.18",,
1786066459.303,a092586d,ef56b0c4-0873-4008-a3b6-5fb4e5f7185f,exit,ADA/USD,buy,limit,0,1,629.9135685,0.201251,0.201274,-1.143,0.507083,0,hedge unwind: correlation 0.00 below floor,,
1786067798.338,729bd25f,cc0dc0fc-70f4-4085-88a7-bddadf1d9634,hedge,ADA/USD,sell,limit,0,0,6237.569616,0.1997893293,0.199865,3.786,4.984799,0,"net delta +1,085 beyond cap 926, beta=-1.75",,
1786067803.338,493c373e,cc0dc0fc-70f4-4085-88a7-bddadf1d9634,exit,ADA/USD,buy,limit,0,1,2766.299778,0.199881,0.199865,0.801,2.211723,0,"hard cap breach (-1,247 USD)",,
1786068098.401,e5e54a67,cc0dc0fc-70f4-4085-88a7-bddadf1d9634,exit,ADA/USD,buy,limit,0,1,3471.269838,0.2001302152,0.200115,0.76,2.778824,0,hedge unwind: correlation 0.34 below floor,,
1786069157.418,848875c6,e2eb8c4a-cf49-4fc9-8fef-07873f4b59ad,hedge,ADA/USD,sell,limit,0,0,998.5099457,0.200425,0.200448,1.147,0.800505,0,"net delta +1,087 beyond cap 924, beta=0.28",,
1786069457.949,49c62f6d,e2eb8c4a-cf49-4fc9-8fef-07873f4b59ad,exit,ADA/USD,buy,limit,0,1,998.5099457,0.1995858886,0.199745,-7.966,0.797154,0,hedge unwind: correlation 0.46 below floor,,
1786069810.367,d395245a,86504cf8-28e5-47be-8aa4-b1e3b1627715,hedge,ADA/USD,sell,limit,0,0,1101.702633,0.198919,0.198932,0.653,0.876598,0,"net delta +1,084 beyond cap 924, beta=0.31",,
1786070080.747,ebd77675,86504cf8-28e5-47be-8aa4-b1e3b1627715,exit,ADA/USD,buy,limit,0,1,1101.702633,0.1989253218,0.199,-3.753,0.876626,0,hedge unwind: correlation 0.55 below floor,,
1786070350.774,5ba80f63,885d0e5c-b1f3-4df8-8d94-b2c9fb5c88d2,hedge,ADA/USD,sell,limit,0,0,922.1914546,0.198774,0.198782,0.402,0.733231,0,"net delta +1,084 beyond cap 923, beta=0.26",,
1786070672.996,52daa59a,885d0e5c-b1f3-4df8-8d94-b2c9fb5c88d2,exit,ADA/USD,buy,limit,0,1,922.1914546,0.199168,0.199168,0.0,0.734684,0,hedge unwind: correlation 0.54 below floor,,
1786070973.051,00aa6f35,599a2f8e-6a1d-4ed3-9a6e-ba846f9c2da8,hedge,ADA/USD,sell,limit,0,0,1033.619403,0.199788,0.199778,-0.501,0.826019,0,"net delta +1,085 beyond cap 923, beta=0.29",,
1786075527.174,0b56e282,599a2f8e-6a1d-4ed3-9a6e-ba846f9c2da8,exit,ADA/USD,buy,limit,0,1,1033.619403,0.199213,0.199164,2.46,0.823642,0,hedge unwind: correlation 0.53 below floor,,
1786082364.56,d0573d9c,bcc0f174-1042-4492-ace8-d6ead6d2346d,hedge,ADA/USD,sell,limit,0,0,781.0765668,0.201555,0.201673,5.851,0.629720,0,"net delta +1,084 beyond cap 923, beta=0.22",,
1786082369.561,86e80e5f,e0607ced-8e92-40fb-ae33-fda3c98c4824,hedge,ADA/USD,sell,limit,0,0,609.467643,0.201555,0.201574,0.943,0.491365,0,"net delta +927 beyond cap 923, beta=0.22",,
1786082664.584,8648054f,bcc0f174-1042-4492-ace8-d6ead6d2346d,exit,ADA/USD,buy,limit,0,1,781.0765668,0.201473,0.201376,4.817,0.629463,0,hedge unwind: correlation 0.54 below floor,,
1786082664.584,24fe7345,e0607ced-8e92-40fb-ae33-fda3c98c4824,exit,ADA/USD,buy,limit,0,1,609.467643,0.201473,0.201376,4.817,0.491165,0,hedge unwind: correlation 0.54 below floor,,
1786083064.615,7c52bf13,68e37f95-43dc-49a5-9510-be220629942d,exit,XRP/USD,buy,limit,0,1,10.22741219,1.02286,1.02291,-0.489,0.041845,0,tier trail,,
1786083571.664,88cb513b,c895ed81-573f-4854-9a93-942770165ffd,hedge,ADA/USD,sell,limit,0,0,793.8404199,0.203284,0.203505,10.86,0.645500,0,"net delta +1,096 beyond cap 923, beta=0.22",,
1786083576.664,267fa9a5,24143eb2-e1f1-44f9-92fb-c44fdd7961cf,hedge,ADA/USD,sell,limit,0,0,617.868045,0.203311,0.203415,5.113,0.502477,0,"net delta +935 beyond cap 922, beta=0.22",,
1786084179.369,61f603c8,c895ed81-573f-4854-9a93-942770165ffd,exit,ADA/USD,buy,limit,0,1,793.8404199,0.2023877963,0.20237,0.879,0.642654,0,hedge unwind: correlation 0.53 below floor,,
1786084179.369,ed91aeb0,24143eb2-e1f1-44f9-92fb-c44fdd7961cf,exit,ADA/USD,buy,limit,0,1,617.868045,0.2023874535,0.20237,0.862,0.500195,0,hedge unwind: correlation 0.53 below floor,,
1786085403.724,64a0bd4e,b80061e2-a4d6-475a-befc-bfa1659a5651,hedge,ADA/USD,sell,limit,0,0,550.8776235,0.202374,0.202519,7.16,0.445933,0,"net delta +1,095 beyond cap 922, beta=0.15",,
1786085408.725,9ae08fd5,73829838-aea3-471c-881a-cce3da2e353b,hedge,ADA/USD,sell,limit,0,0,466.3257991,0.202443,0.202519,3.753,0.377618,0,"net delta +984 beyond cap 922, beta=0.15",,
1786086012.67,c152e508,b80061e2-a4d6-475a-befc-bfa1659a5651,exit,ADA/USD,buy,limit,0,1,550.8776235,0.201220812,0.201358,-6.813,0.443392,0,hedge unwind: correlation 0.49 below floor,,
1786086012.67,86f4c005,73829838-aea3-471c-881a-cce3da2e353b,exit,ADA/USD,buy,limit,0,1,466.3257991,0.2012175143,0.201358,-6.977,0.375332,0,hedge unwind: correlation 0.49 below floor,,
1786102261.529,f7e9007f,e15b1f87-66eb-4c8d-b8bd-ff8cbeabac95,hedge,ADA/USD,sell,limit,0,0,2080.786985,0.202648,0.202734,4.242,1.686669,0,"net delta +1,104 beyond cap 924, beta=-0.57",,
1786102531.553,e3e137c4,e15b1f87-66eb-4c8d-b8bd-ff8cbeabac95,exit,ADA/USD,buy,limit,0,1,2080.786985,0.202373,0.202387,-0.692,1.684380,0,hedge unwind: correlation 0.10 below floor,,
1786106100.844,604157e6,7663fb8f-dea9-4270-a2d0-28691c5bb4d8,exit,ETH/USD,sell,limit,0,1,0.3085432,1921.58,1922.88,6.761,2.371562,0,tier trail,,
1786164302.985,83baabaa,0578b861-dd43-40ac-8d23-700de6160a56,exit,LTC/USD,sell,limit,0,1,0.39439088,45.53,45.54,2.196,0.071826,0,tb_time,,
1786213022.354,ad416d96,f153635f-6305-4e4c-b4fd-940beef7fb39,entry,XRP/USD,sell,limit,1,0,10.15774985,1.04253,1.04238,-1.439,0.026474,0,,,
1786213307.567,9ad29f9a,136ba5f4-6ba2-42c1-8b76-1c2fa769b776,entry,LINK/USD,sell,limit,1,0,1.27201747,8.326215,8.32397,-2.697,0.026478,0,,,
1786214648.244,aab805fc,04116044-4a9e-4d39-bb36-5eb93b99dc07,entry,PAXG/USD,buy,limit,0,0,0.00414539,4342.55,4342.17,0.875,0.072006,0,,,
1786269732.623,06a5bbcf,f153635f-6305-4e4c-b4fd-940beef7fb39,exit,XRP/USD,buy,limit,0,1,10.15774985,1.03547,1.0354,0.676,0.042072,0,tier trail,,
1786269787.631,f553eb92,77667763-5614-41c3-b547-8e6ad2d5d7aa,entry,PAXG/USD,sell,limit,0,0,0.0041439,4343.71,4343.73,0.046,0.072000,0,,,
1786344249.113,530bcc6f,04116044-4a9e-4d39-bb36-5eb93b99dc07,exit,PAXG/USD,sell,limit,0,1,0.00414539,4346.73,4340.7,-13.892,0.072076,0,tb_time,,
1786344623.746,a251cd06,6b6cda87-3d05-4440-b5b2-04ebf56e0057,entry,SOL/USD,sell,limit,0,0,0.23400936,76.93,76.92,-1.3,0.072009,0,,,
1786391014.928,508754e0,6b6cda87-3d05-4440-b5b2-04ebf56e0057,exit,SOL/USD,buy,limit,0,1,0.23400936,76.19,76.19,0.0,0.071317,0,tier trail,,
1786398151.48,871ff674,92c5df56-d1c4-4dc5-9327-b206bca0536a,entry,ADA/USD,sell,limit,1,0,93.4239892,0.19268,0.19267,-0.519,0.045002,0,,,
1786399390.15,661c8934,77667763-5614-41c3-b547-8e6ad2d5d7aa,exit,PAXG/USD,buy,limit,0,1,0.0041439,4384.7,4384.74,-0.091,0.072679,0,tb_time,,
1786400919.733,f2378ebb,136ba5f4-6ba2-42c1-8b76-1c2fa769b776,exit,LINK/USD,buy,limit,0,1,1.27201747,8.278714787,8.27663,2.519,0.042123,0,time-stop scratch,4-aeeaae36,
1786403093.311,0472e249,d5513dd5-917d-4bc7-b594-f31853e81bb3,exit,ETH/USD,sell,limit,0,1,0.1580124,1873.11,1873.18,0.374,1.183898,0,operator flatten_all,4-aeeaae36,
1786403093.311,a97fd117,e35c0a59-36e6-4470-a0c6-d15a433893bc,exit,BTC/USD,sell,limit,0,1,0.00295878,63940.13389,63940.9,0.12,0.756739,0,operator flatten_all,4-aeeaae36,
1786403093.311,acb5b74c,92c5df56-d1c4-4dc5-9327-b206bca0536a,exit,ADA/USD,buy,limit,0,1,93.4239892,0.191778,0.191734,2.295,0.071667,0,operator flatten_all,4-aeeaae36,
1786494432.204,f23289ea,97ce75ff-181e-4d60-8fd5-70d8ea348b36,entry,ADA/USD,buy,limit,0,0,79.31822218,0.186074,0.186081,-0.376,0.059036,17.41384611,,7-e7d5ca1a,
1786494437.204,f23289ea,97ce75ff-181e-4d60-8fd5-70d8ea348b36,entry,ADA/USD,buy,limit,0,0,17.41384611,0.186074,0.186081,-0.376,0.012961,0,,7-e7d5ca1a,
1786494642.356,c28fa364,9e0f297e-7a3b-4588-9234-0008f75f15d4,entry,BTC/USD,sell,limit,0,0,0.00028284,63638.7,63638.8,0.016,0.071998,0,,7-e7d5ca1a,
1786495508.067,12ede9e8,68744e4d-4a06-48c2-b3ed-af53efb160be,entry,ETH/USD,sell,limit,1,0,0.00957467,1879.9575,1879.96,0.013,0.045000,0,,7-e7d5ca1a,
1786504480.142,61d225c9,97ce75ff-181e-4d60-8fd5-70d8ea348b36,exit,ADA/USD,sell,limit,0,1,96.73206829,0.187477,0.187478,0.053,0.072540,0,tier trail,7-e7d5ca1a,
1786504565.151,514a53e9,6753716c-90ce-4539-97c0-b6bdc69c9753,entry,ADA/USD,sell,limit,1,0,96.01126532,0.18769275,0.187478,-11.455,0.045052,0,,7-e7d5ca1a,
1786526718.543,8fe38679,6753716c-90ce-4539-97c0-b6bdc69c9753,exit,ADA/USD,buy,limit,0,1,96.01126532,0.18631,0.18622,4.833,0.071551,0,tier trail,7-e7d5ca1a,
1786526798.55,1ba74fbf,c37926ad-ae00-4cb3-a3f7-1d83ff0d76aa,entry,ADA/USD,buy,limit,1,0,96.62354393,0.186248,0.18629,-2.255,0.044990,0,,7-e7d5ca1a,
1786568136.378,122cf82e,911f9e88-23e4-49a5-adfd-a30f35bff337,entry,ETH/USD,buy,limit,1,0,0.00844607,1893.37555,1902.89,-50.0,0.039979,0,,,
1786568136.378,49c71540,42bdcaec-7154-498f-b52a-e9db1b1a5384,entry,BTC/USD,buy,limit,1,0,0.00025102,63705.9695,64026.1,-50.0,0.039979,0,,,
1786568647.845,b44dd88f,c37926ad-ae00-4cb3-a3f7-1d83ff0d76aa,exit,ADA/USD,sell,limit,0,1,96.62354393,0.1823657931,0.182317,-2.676,0.070483,0,tb_sl,,
1786568667.846,ec74b6fc,d6fcc6df-47c7-4b82-8d5e-c1531bfba72f,entry,DOGE/USD,buy,limit,1,0,255.2901798,0.0705003,0.070508,-1.092,0.044995,0,,,
1786572090.717,633ec8c9,d6fcc6df-47c7-4b82-8d5e-c1531bfba72f,exit,DOGE/USD,sell,limit,0,1,255.2901798,0.0689749,0.0689237,-7.429,0.070434,0,tb_sl,,
1786572137.035,54252af3,ef2a8c80-4694-4422-a094-ee4b0f7db0be,entry,DOGE/USD,sell,limit,1,0,260.3778661,0.0690764,0.0691303,7.797,0.044965,0,,,
1786600843.674,11ccee73,ef2a8c80-4694-4422-a094-ee4b0f7db0be,exit,DOGE/USD,buy,limit,0,1,260.3778661,0.070573,0.0705749,-0.269,0.073503,0,tb_sl,7-e7d5ca1a,
1786601094.667,42c8be2a,16847b5a-9978-46e2-b9c3-af05e10abfff,entry,XRP/USD,sell,limit,1,0,17.78462815,1.01209,1.01211,0.198,0.044999,0,,7-e7d5ca1a,
1786624242.497,aece6b8e,9e0f297e-7a3b-4588-9234-0008f75f15d4,exit,BTC/USD,buy,limit,0,1,0.00028284,63489.1,63493.2,-0.646,0.071829,0,tb_time,7-e7d5ca1a,
1786624442.844,a26134b9,04e39e86-f3bc-4063-9544-41838921bfc0,entry,SUI/USD,sell,limit,1,0,26.24289,0.6873,0.6859,-20.411,0.045092,0,,7-e7d5ca1a,
1786625088.004,8acab505,68744e4d-4a06-48c2-b3ed-af53efb160be,exit,ETH/USD,buy,limit,0,1,0.00957467,1885.17,1885.05,0.637,0.072200,0,tb_time,7-e7d5ca1a,
1786625637.285,6715a111,f15a71c2-35e9-42e3-87db-d81d36e9167a,entry,ADA/USD,sell,limit,1,0,98.36441831,0.183001,0.182993,-0.437,0.045002,0,,7-e7d5ca1a,
1786639674.154,df22d9d2,16847b5a-9978-46e2-b9c3-af05e10abfff,exit,XRP/USD,buy,limit,0,1,17.78462815,1.00391,1.00381,0.996,0.071417,0,tier trail,7-e7d5ca1a,
1786640425.256,2e043258,f15a71c2-35e9-42e3-87db-d81d36e9167a,exit,ADA/USD,buy,limit,0,1,98.36441831,0.181582,0.181486,5.29,0.071445,0,tier trail,7-e7d5ca1a,
1786647522.515,79b69391,36e47953-d6b0-4ff2-862a-6c32d6457781,entry,LINK/USD,buy,limit,1,0,1.20184282,8.80627,8.81,-4.234,0.026459,0,,7-e7d5ca1a,
1786678832.612,102ab483,647252d7-0157-4fd6-a7f3-5e2ecdd27d6f,entry,SUI/USD,sell,limit,0,0,7.1766,0.6837,0.6843,8.768,0.019627,19.12765,,7-e7d5ca1a,
1786678837.612,102ab483,647252d7-0157-4fd6-a7f3-5e2ecdd27d6f,entry,SUI/USD,sell,limit,0,0,7.1766,0.6837,0.6843,8.768,0.019627,11.95105,,7-e7d5ca1a,
1786678842.613,102ab483,647252d7-0157-4fd6-a7f3-5e2ecdd27d6f,entry,SUI/USD,sell,limit,0,0,7.1766,0.6837,0.6843,8.768,0.019627,4.77445,,7-e7d5ca1a,
1786678847.613,102ab483,647252d7-0157-4fd6-a7f3-5e2ecdd27d6f,entry,SUI/USD,sell,limit,0,0,4.77445,0.6837,0.6843,8.768,0.013057,0,,7-e7d5ca1a,
1786690774.892,74a61685,911f9e88-23e4-49a5-adfd-a30f35bff337,entry,ETH/USD,buy,limit,1,0,0.00852933,1871.25,1882.71,-60.87,0.039901,0,,7-e7d5ca1a,
1786694376.768,3e9f3e7b,42bdcaec-7154-498f-b52a-e9db1b1a5384,entry,BTC/USD,buy,limit,1,0,0.00025384,62874,63312,-69.181,0.039900,0,,7-e7d5ca1a,
1786697742.332,d10a5d28,42bdcaec-7154-498f-b52a-e9db1b1a5384,exit,BTC/USD,sell,limit,0,1,0.00050486,62859.2,62859.3,0.016,0.126940,0,"stale loser 36h, regime against",7-e7d5ca1a,
1786697893.442,00cfcc24,388a209f-8589-46ca-a4d3-cde1ba7e8cba,entry,ADA/USD,sell,limit,1,0,98.7719356,0.182218,0.182238,1.097,0.044995,0,,7-e7d5ca1a,
1786715321.343,ae288b96,647252d7-0157-4fd6-a7f3-5e2ecdd27d6f,exit,SUI/USD,buy,limit,0,1,26.30425,0.6775,0.6776,-1.476,0.071285,0,tier trail,7-e7d5ca1a,
1786715341.345,f4ccd2ae,9716db79-1c77-4a4c-9e88-ce7905d64ad9,entry,ETH/USD,buy,limit,1,0,0.00963798,1867.6025,1867.61,-0.04,0.045000,0,,7-e7d5ca1a,
1786721973.782,a8464a07,388a209f-8589-46ca-a4d3-cde1ba7e8cba,exit,ADA/USD,buy,limit,0,1,98.77193559,0.1797501776,0.179734,0.9,0.071017,0,tier trail,7-e7d5ca1a,
1786722465.909,44cb01f8,04e39e86-f3bc-4063-9544-41838921bfc0,exit,SUI/USD,buy,limit,0,1,26.24289,0.6784,0.6783,1.474,0.071213,0,tier trail,7-e7d5ca1a,
1786723886.756,1c29f858,c031d650-f66c-4941-a5c6-a9d3b05d3413,entry,SOL/USD,buy,limit,1,0,0.14007455,75.61,75.59,2.646,0.026478,0,,7-e7d5ca1a,
1786744956.572,517b8982,e76c580e-02a7-486f-aeae-e6bbc56f80a0,entry,ADA/USD,sell,limit,1,0,100.7697691,0.178718,0.178625,-5.206,0.045023,0,,7-e7d5ca1a,
1786764278.599,90c109a0,36e47953-d6b0-4ff2-862a-6c32d6457781,exit,LINK/USD,sell,limit,0,2,1.20184282,9.638742897,9.65259,14.345,0.046337,0,tb_pt,7-e7d5ca1a,
1786764334.144,e7cfa7fe,3cc0e558-b949-4228-beea-b33981821761,entry,SUI/USD,sell,limit,0,0,112.67403,0.6856,0.6861,7.288,0.308997,0,,7-e7d5ca1a,
1786844929.774,2914cb57,9716db79-1c77-4a4c-9e88-ce7905d64ad9,exit,ETH/USD,sell,limit,0,1,0.00963798,1878.18,1878.19,0.053,0.072407,0,tb_time,7-e7d5ca1a,
1786894135.563,4bfaaf03,3cc0e558-b949-4228-beea-b33981821761,exit,SUI/USD,buy,limit,0,1,112.67403,0.6787,0.6781,8.848,0.305887,0,tb_time,7-e7d5ca1a,
1786915524.055,8b9d7133,911f9e88-23e4-49a5-adfd-a30f35bff337,entry,ETH/USD,buy,limit,1,0,0.0085078,1878.62965,1888.07,-50.0,0.039958,0,,7-e7d5ca1a,
1786919568.212,82ae61c7,a761d1fa-0a24-4f9e-9353-8261df167ad8,entry,BTC/USD,buy,limit,1,0,0.00025419,62874,63285.1,-64.96,0.039955,0,,7-e7d5ca1a,
1786919610.856,a12327fc,e76c580e-02a7-486f-aeae-e6bbc56f80a0,exit,ADA/USD,buy,limit,0,1,100.7697691,0.175645,0.175722,-4.382,0.070799,0,tb_time,7-e7d5ca1a,
1786926487.211,96c6fc0e,911f9e88-23e4-49a5-adfd-a30f35bff337,exit,ETH/USD,sell,limit,0,1,0.02548319,1871.58,1871,-3.1,0.190775,0,"stale loser 100h, regime against",7-e7d5ca1a,
1786929056.982,b49f0af5,c031d650-f66c-4941-a5c6-a9d3b05d3413,exit,SOL/USD,sell,limit,0,1,0.14007455,74.9,74.91,1.335,0.041966,0,time-stop scratch,7-e7d5ca1a,
1786962998.455,72c2b9b5,febd3619-736c-4b2f-b8d2-be2c21e020f4,entry,XRP/USD,sell,limit,1,0,10.59904632,0.99899,0.99898,-0.1,0.026471,0,,7-e7d5ca1a,
1786968152.764,aec6484e,d8ea91aa-9f47-4ca9-a806-526a7f26022f,entry,SUI/USD,sell,limit,0,0,26.59574,0.677,0.6768,-2.955,0.072021,0,,7-e7d5ca1a,
1786993850.021,6cf6c8e1,69696102-2b15-48b2-b4d2-39b4abf9d0f0,entry,LINK/USD,buy,limit,0,0,1.89872416,9.47001,9.48005,-10.591,0.071924,0,,7-e7d5ca1a,
1787019916.308,f56dbabe,7f6d0a77-7954-4689-8119-b442a013d6d8,entry,ETH/USD,buy,limit,1,0,0.00839325,1903.86285,1913.43,-50.0,0.039949,0,,7-e7d5ca1a,
1787020042.831,024aa14e,a761d1fa-0a24-4f9e-9353-8261df167ad8,entry,BTC/USD,buy,limit,1,0,0.00024928,64099.3925,64421.5,-50.0,0.039947,0,,7-e7d5ca1a,
1787021748.81,18383b9e,d8ea91aa-9f47-4ca9-a806-526a7f26022f,exit,SUI/USD,buy,limit,1,1,26.59574,0.6515,0.6533,-27.552,0.043318,0,tb_pt,7-e7d5ca1a,
1787025766.095,57fc4714,700fac5c-67bd-4552-b9c2-83178d7d64f2,entry,PAXG/USD,sell,limit,1,0,0.00410509,4383.962,4384.8,1.911,0.044991,0,,7-e7d5ca1a,
1787092600.984,fa08e54c,febd3619-736c-4b2f-b8d2-be2c21e020f4,exit,XRP/USD,buy,limit,0,1,10.59904632,1.00029,1.00081,-5.196,0.042408,0,tb_time,7-e7d5ca1a,
1787092625.985,56ce7005,6381f131-2ef3-45f5-b89e-d7b38399e739,entry,PAXG/USD,buy,limit,1,0,0.00415328,4333.15,4333.92,-1.777,0.044992,0,,7-e7d5ca1a,
1787103525.848,79703168,700fac5c-67bd-4552-b9c2-83178d7d64f2,exit,PAXG/USD,buy,limit,0,1,0.00410509,4348.99,4347.94,2.415,0.071412,0,tier trail,7-e7d5ca1a,
1787112929.606,856b1944,69696102-2b15-48b2-b4d2-39b4abf9d0f0,exit,LINK/USD,sell,limit,0,1,1.89872415,9.61049,9.61331,2.933,0.072991,0,tier trail,7-e7d5ca1a,
1787145633.531,7c39798a,6381f131-2ef3-45f5-b89e-d7b38399e739,exit,PAXG/USD,sell,limit,0,2,0.00415328,4448.73,4450.34,3.618,0.073907,0,tb_pt,7-e7d5ca1a,
1787146347.774,df5dbfb2,ef54d6d3-d209-4101-9310-219e8ade5197,entry,SOL/USD,buy,limit,1,0,0.22900763,78.5725,78.6,-3.499,0.044984,0,,7-e7d5ca1a,
1787146608.595,e38c9b0b,7f6d0a77-7954-4689-8119-b442a013d6d8,entry,ETH/USD,buy,limit,1,0,0.0081097,1931.20545,1940.91,-50.0,0.039154,0,,7-e7d5ca1a,
1787146668.6,bbeb94a5,a761d1fa-0a24-4f9e-9353-8261df167ad8,entry,BTC/USD,buy,limit,1,0,0.00023657,64824.1505,65149.9,-50.0,0.038339,0,,7-e7d5ca1a,
1787151550.337,dff8b848,ef54d6d3-d209-4101-9310-219e8ade5197,exit,SOL/USD,sell,limit,0,2,0.22900763,80.86,80.9,4.944,0.074070,0,tb_pt,7-e7d5ca1a,
1787153259.733,2944dc83,7f6d0a77-7954-4689-8119-b442a013d6d8,exit,ETH/USD,sell,limit,1,1,0.00330059,2082.28,2075.31,-33.585,0.017182,0,tier 1,7-e7d5ca1a,
1787153394.751,6deeb31a,a761d1fa-0a24-4f9e-9353-8261df167ad8,exit,BTC/USD,sell,limit,0,2,0.00074004,68104,68123.8,2.906,0.201599,0,tier trail,7-e7d5ca1a,
1787153454.757,e054b94d,7f6d0a77-7954-4689-8119-b442a013d6d8,exit,ETH/USD,sell,limit,0,1,0.01320236,2060.246942,2062.09,8.938,0.108800,0,tier 1,7-e7d5ca1a,
1787155283.958,a2842343,a2643518-1766-43c8-b834-ae39d75c5ec4,entry,SUI/USD,sell,limit,1,0,15.5778,0.6799,0.6797,-2.942,0.026478,0,,7-e7d5ca1a,
1787155288.958,e302149f,a2643518-1766-43c8-b834-ae39d75c5ec4-r1,entry,SUI/USD,sell,limit,1,0,10.90446,0.6805638162,0.6797,-12.709,0.018553,0,,7-e7d5ca1a,
1787169558.101,0b652f88,a2643518-1766-43c8-b834-ae39d75c5ec4,exit,SUI/USD,buy,limit,0,1,15.5778,0.696,0.6965,-7.179,0.043369,0,tb_sl,7-e7d5ca1a,
1787169558.101,102aea78,a2643518-1766-43c8-b834-ae39d75c5ec4-r1,exit,SUI/USD,buy,limit,0,1,10.90445,0.696,0.6965,-7.179,0.030358,0,tb_sl,7-e7d5ca1a,
1787171798.288,6fe934d7,e58efd95-c18e-40f0-a5f7-609ec5ce8831,entry,ETH/USD,buy,limit,1,0,0.00498344,2124.85,2124.68,0.8,0.026473,0,,7-e7d5ca1a,
1787172672.015,b73c3751,e58efd95-c18e-40f0-a5f7-609ec5ce8831,exit,ETH/USD,sell,limit,1,1,0.00498344,2219.44,2215.45,-18.01,0.027651,0,tb_pt,7-e7d5ca1a,
1787261743.33,76b29caa,dc5d09ec-6b42-406a-bc7e-ca40dfae214e,entry,ETH/USD,buy,limit,1,0,0.00456216,2320.88,2320.88,0.0,0.026471,0,,7-e7d5ca1a,
1787261960.087,9907eb08,b4155ef7-532e-4761-a92c-e309dd590da8,entry,ADA/USD,buy,limit,1,0,53.49025392,0.197945,0.197947,-0.101,0.026470,0,,7-e7d5ca1a,
1787262135.782,2a7e48fb,7e998cec-4525-4805-a703-27f99a737adc,entry,XRP/USD,buy,limit,1,0,8.33949143,1.26965,1.26965,0.0,0.026471,0,,7-e7d5ca1a,
1787272653.996,7501f83d,b4155ef7-532e-4761-a92c-e309dd590da8,exit,ADA/USD,sell,limit,0,1,53.49025392,0.199337,0.199417,4.012,0.042650,0,tier trail,7-e7d5ca1a,
1787275299.833,ad09b7ce,dc5d09ec-6b42-406a-bc7e-ca40dfae214e,exit,ETH/USD,sell,limit,0,1,0.00456216,2340.51,2342.39,8.026,0.042711,0,tier trail,7-e7d5ca1a,
1787276299.197,31d99811,7e998cec-4525-4805-a703-27f99a737adc,exit,XRP/USD,sell,limit,0,1,8.33949143,1.28361,1.28382,1.636,0.042819,0,tier trail,7-e7d5ca1a,
1787449303.651,23de6431,22cbe087-55cb-4c70-a2b5-b0f9ccfdc44c,entry,SUI/USD,buy,limit,1,0,12.91563,0.81884,0.8198,-11.71,0.026440,0,,7-e7d5ca1a,
1787450966.6,bfde81fe,38bd8232-a28b-417a-8f35-ba026b81bf6b,entry,SUI/USD,buy,limit,1,0,22.07776,0.8148,0.8153,-6.133,0.044972,0,,7-e7d5ca1a,
1787451291.626,55ffdbe4,6b0e93b3-243b-4101-85f1-586ee15b26ef,entry,ETH/USD,buy,limit,1,0,0.00666393,2416.0988,2428.24,-50.0,0.040252,0,,7-e7d5ca1a,
1787451847.825,4b781426,87d11410-c2ed-4f0c-bf67-fc4a6c548726,entry,ETH/USD,buy,limit,1,0,0.00746841,2410.644,2410.15,2.05,0.045009,0,,7-e7d5ca1a,
1787455423.778,9ad0976c,22cbe087-55cb-4c70-a2b5-b0f9ccfdc44c,exit,SUI/USD,sell,limit,0,1,12.91563,0.7954,0.7954,-0.0,0.041092,0,tb_sl,7-e7d5ca1a,
1787455423.778,e9dc26f1,38bd8232-a28b-417a-8f35-ba026b81bf6b,exit,SUI/USD,sell,limit,0,1,22.07776,0.7954,0.7954,0.0,0.070243,0,tb_sl,7-e7d5ca1a,
1787455543.984,57fe0240,64a4ebb1-6c1c-4178-b715-073f2f8971d1,entry,DOGE/USD,sell,limit,0,0,196.918876,0.0914016,0.0914082,0.722,0.071995,0,,7-e7d5ca1a,
1787456629.717,b6fdb680,6037e442-0ba4-425c-af73-6697d628cf98,entry,BTC/USD,buy,limit,1,0,0.00020951,76846,77395.5,-70.999,0.040250,0,,7-e7d5ca1a,
1787458738.787,590ad5a4,40304f3c-c54c-4763-9cce-6d1bc82ae9f4,entry,LTC/USD,sell,limit,1,0,0.3510825,51.27,51.27,-0.0,0.045000,0,,7-e7d5ca1a,
1787462232.619,07e98c9e,87d11410-c2ed-4f0c-bf67-fc4a6c548726,exit,ETH/USD,sell,limit,0,1,0.00746841,2357.5,2359.63,9.027,0.070427,0,tb_sl,7-e7d5ca1a,
1787462432.634,70af1a11,64a4ebb1-6c1c-4178-b715-073f2f8971d1,exit,DOGE/USD,buy,limit,0,1,196.918876,0.0898962,0.0898976,-0.156,0.070809,0,tier trail,7-e7d5ca1a,
1787463281.838,f7847b0f,ca31cad6-4dbd-433b-ac3d-f969408f76fa,entry,LINK/USD,sell,limit,1,0,0.94249344,11.207178,11.23428,24.124,0.026407,0,,7-e7d5ca1a,
1787472644.063,336d3f4e,34867653-1191-4ced-b0c2-a200cd0690ee,entry,ETH/USD,buy,limit,1,0,0.00747281,2408.56,2408.73,-0.706,0.044997,0,,7-e7d5ca1a,
1787484280.486,9e94e583,40304f3c-c54c-4763-9cce-6d1bc82ae9f4,exit,LTC/USD,buy,limit,0,1,0.3510825,52.47,52.46,1.906,0.073685,0,tb_sl,7-e7d5ca1a,
1787486796.653,4c4aee83,34867653-1191-4ced-b0c2-a200cd0690ee,exit,ETH/USD,sell,limit,0,1,0.00747281,2423.06,2422.44,-2.559,0.072428,0,tier trail,7-e7d5ca1a,
1787491054.889,115c35b5,ca31cad6-4dbd-433b-ac3d-f969408f76fa,exit,LINK/USD,buy,limit,0,1,0.94249344,11.46748,11.46827,-0.689,0.043232,0,tb_sl,7-e7d5ca1a,
1787493404.207,b6e1ab8e,3e3368e4-8652-4a72-a74d-504fabfff220,entry,BTC/USD,buy,limit,1,0,0.0002323,77482.7,77482.8,-0.013,0.044998,0,,7-e7d5ca1a,
1787525387.045,9fa08c6f,946e65db-b2b4-4d00-af0c-71e07f9e1602,entry,SUI/USD,sell,limit,0,0,21.25649,0.847,0.8468,-2.362,0.072017,0,,7-e7d5ca1a,
1787531605.806,9cd1e312,946e65db-b2b4-4d00-af0c-71e07f9e1602,exit,SUI/USD,buy,limit,0,1,21.25649,0.835,0.8351,-1.197,0.070997,0,tier trail,7-e7d5ca1a,
1787542230.723,2e0ca8c8,6b0e93b3-243b-4101-85f1-586ee15b26ef,entry,ETH/USD,buy,limit,1,0,0.00660554,2431.7402,2443.96,-50.0,0.040157,0,,7-e7d5ca1a,
1787547404.648,28237e95,92187823-2d5c-4a40-8b61-b49e57260d20,entry,ARB/USD,buy,limit,1,0,105.77657,0.0998,0.1001,-29.97,0.026391,0,,7-e7d5ca1a,
1787565438.531,03755275,4e505f3d-242e-4031-9e3c-08a2b93e8583,entry,LINK/USD,buy,limit,1,0,1.55649291,11.570132,11.56446,4.905,0.045022,0,,7-e7d5ca1a,
1787572270.132,65f4f78b,3e3368e4-8652-4a72-a74d-504fabfff220,exit,BTC/USD,sell,limit,0,1,0.0002323,78125,78130.9,0.755,0.072594,0,tier trail,7-e7d5ca1a,
1787572615.158,659205ca,4e505f3d-242e-4031-9e3c-08a2b93e8583,exit,LINK/USD,sell,limit,0,1,1.55649291,11.67291,11.6685,-3.779,0.072675,0,tier trail,7-e7d5ca1a,
1787578371.913,97302bc1,6037e442-0ba4-425c-af73-6697d628cf98,entry,BTC/USD,buy,limit,1,0,0.00020422,78788.876,79184.8,-50.0,0.040226,0,,7-e7d5ca1a,
1787579168.961,60fdfc66,92187823-2d5c-4a40-8b61-b49e57260d20,exit,ARB/USD,sell,limit,0,1,105.77657,0.0974,0.0973,-10.277,0.041211,0,tb_sl,7-e7d5ca1a,
1787582315.839,28c35221,30994c4a-6dee-41ac-8022-a1a58ddd0eff,entry,PAXG/USD,buy,limit,0,0,0.00385476,4668.8,4669.54,-1.585,0.071988,0,,7-e7d5ca1a,
1787602960.981,1bc8b924,75033dce-57f7-4b6e-99fc-fafbe24c91fe,entry,SUI/USD,sell,limit,1,0,13.20558,0.801,0.8018,9.978,0.026444,0,,7-e7d5ca1a,
1787613860.379,3b1ac03b,75033dce-57f7-4b6e-99fc-fafbe24c91fe,exit,SUI/USD,buy,limit,0,1,13.20558,0.7969,0.797,-1.255,0.042094,0,tier trail,7-e7d5ca1a,
1787618876.73,cf86f3ef,6b92bfbf-a672-4b49-8833-9d53919168a9,entry,ETH/USD,buy,limit,1,0,0.00719706,2500.6825,2501.02,-1.349,0.044994,0,,7-e7d5ca1a,
1787626156.599,ff0e392c,6b92bfbf-a672-4b49-8833-9d53919168a9,exit,ETH/USD,sell,limit,0,1,0.00719706,2513.95,2513.43,-2.069,0.072372,0,tier trail,7-e7d5ca1a,
1787629756.927,40ce46d8,6b0e93b3-243b-4101-85f1-586ee15b26ef,entry,ETH/USD,buy,limit,1,0,0.0055726,2491.29095,2503.81,-50.0,0.034707,0,,7-e7d5ca1a,
1787636330.136,4c3bb7e8,abd2cbad-edd9-40fa-8487-880147a49d42,entry,DOGE/USD,buy,limit,1,0,113.9642411,0.0929035,0.0929084,-0.527,0.026469,0,,7-e7d5ca1a,
1787644190.22,1084392b,abd2cbad-edd9-40fa-8487-880147a49d42,exit,DOGE/USD,sell,limit,0,1,113.9642411,0.0907367,0.090748,1.245,0.041363,0,tb_sl,7-e7d5ca1a,
1787654507.567,47da7144,7d2d3490-a4d0-4866-be54-911d1e75eeb2,entry,XRP/USD,sell,limit,1,0,7.14166686,1.4828,1.4826,-1.349,0.026474,0,,7-e7d5ca1a,
1787664925.97,d1aca669,7d2d3490-a4d0-4866-be54-911d1e75eeb2,exit,XRP/USD,buy,limit,0,1,7.14166686,1.465023991,1.46465,2.553,0.041851,0,tier trail,7-e7d5ca1a,
1787671296.374,6f35061b,ad638a6a-2f08-42a5-9819-11bb3dccfda0,entry,PAXG/USD,buy,limit,1,0,0.00388655,4632.82,4631.35,3.174,0.045014,0,,7-e7d5ca1a,
1787686877.547,a3f8e82b,4a414704-0278-41fd-954a-b52c6dddb32e,entry,ADA/USD,sell,limit,1,0,84.29886758,0.21367125,0.213526,-6.802,0.045031,0,,7-e7d5ca1a,
1787693726.519,b6420068,4a414704-0278-41fd-954a-b52c6dddb32e,exit,ADA/USD,buy,limit,0,2,84.29886758,0.20967,0.209582,4.199,0.070700,0,tier trail,7-e7d5ca1a,
1787710978.275,f57e36bb,b8d7a8ff-b496-4211-b290-325280f988d8,entry,ARB/USD,buy,limit,0,0,191.89765,0.0936,0.0938,-21.322,0.071846,0,,7-e7d5ca1a,
1787711920.402,6bf93dbe,30994c4a-6dee-41ac-8022-a1a58ddd0eff,exit,PAXG/USD,sell,limit,0,1,0.00385476,4654.44,4655.12,1.461,0.071767,0,tb_time,7-e7d5ca1a,
1787728394.635,56fba347,0310be6f-e8e4-4cd3-b42d-8f48f4578e3c,entry,DOGE/USD,sell,limit,1,0,207.5176736,0.0866834,0.0867396,6.479,0.044971,0,,7-e7d5ca1a,
1787737943.624,64bce6ca,0310be6f-e8e4-4cd3-b42d-8f48f4578e3c,exit,DOGE/USD,buy,limit,0,1,207.5176736,0.0859683,0.0859826,-1.663,0.071360,0,tier trail,7-e7d5ca1a,
1787747166.828,ce043fa9,45af4f82-6034-4d1e-9962-f05ddacee1c7,entry,ADA/USD,buy,limit,0,0,84.92528933,0.211984,0.211951,1.557,0.072011,0,,7-e7d5ca1a,
1787750871.631,7e70c4d5,b8d7a8ff-b496-4211-b290-325280f988d8,exit,ARB/USD,sell,limit,0,1,191.89765,0.0908,0.0908,0.0,0.069697,0,tb_sl,7-e7d5ca1a,
1787754691.875,688a5b15,45af4f82-6034-4d1e-9962-f05ddacee1c7,exit,ADA/USD,sell,limit,0,1,84.92528933,0.206688891,0.206715,1.263,0.070212,0,tb_sl,7-e7d5ca1a,
1787767475.705,bd4ceb52,ad4e3e7b-4021-40dd-9bc7-57803648bffd,entry,ETH/USD,buy,limit,1,0,0.00730685,2462.69,2463.44,-3.045,0.044986,0,,7-e7d5ca1a,
1787782001.993,443719b5,d9f280a2-1fec-462c-8fc5-455e03e46611,entry,LTC/USD,buy,limit,1,0,0.35820895,50.2525,50.25,0.498,0.045002,0,,7-e7d5ca1a,
1787784552.862,8b0195f6,ad4e3e7b-4021-40dd-9bc7-57803648bffd,exit,ETH/USD,sell,limit,0,1,0.00730685,2493.31,2493.49,0.722,0.072873,0,tier trail,7-e7d5ca1a,
1787800883.109,96c2e853,ad638a6a-2f08-42a5-9819-11bb3dccfda0,exit,PAXG/USD,sell,limit,0,1,0.00388655,4628.94,4628.89,-0.108,0.071962,0,tb_time,7-e7d5ca1a,
1787801019.552,bd51d502,802c93c3-cc77-454c-8e22-cfc0f00798b6,entry,MINA/USD,buy,limit,0,0,286.6698519,0.06291,0.06279,19.111,0.072138,0,,7-e7d5ca1a,
1787808615.73,75d5bde6,802c93c3-cc77-454c-8e22-cfc0f00798b6,exit,MINA/USD,sell,limit,0,1,286.6698519,0.06093,0.06092,-1.641,0.069867,0,tb_sl,7-e7d5ca1a,
1787817988.507,2c082874,4587b1db-d81e-4c85-b938-2093f26eed96,entry,XRP/USD,buy,limit,1,0,7.45183321,1.42136,1.42089,3.308,0.026479,0,,7-e7d5ca1a,
1787817998.507,eab822ad,4587b1db-d81e-4c85-b938-2093f26eed96-r1,entry,XRP/USD,buy,limit,1,0,5.21628324,1.420222912,1.42089,-4.695,0.018521,0,,7-e7d5ca1a,
1787818334.236,a355f0fa,4587b1db-d81e-4c85-b938-2093f26eed96-r1,exit,XRP/USD,sell,limit,0,1,5.21628324,1.43053,1.43021,-2.237,0.029848,0,tier trail,7-e7d5ca1a,
1787819833.334,77cc4da5,4587b1db-d81e-4c85-b938-2093f26eed96,exit,XRP/USD,sell,limit,0,1,7.45183321,1.43478,1.43206,-18.994,0.042767,0,tier trail,7-e7d5ca1a,
1787838962.647,1dc5faa9,fa03397e-7c91-4295-8c4b-ff78b93fb6ab,entry,DOGE/USD,buy,limit,1,0,120.4136288,0.0879508,0.0879322,2.115,0.026476,0,,7-e7d5ca1a,
1787844712.358,1fabb192,fa03397e-7c91-4295-8c4b-ff78b93fb6ab,exit,DOGE/USD,sell,limit,0,1,120.4136288,0.0889797,0.0890023,2.539,0.042857,0,tier trail,7-e7d5ca1a,
1787855799.847,e2a0f025,7adbc4ac-8b1e-445d-a4ac-1aef8baca561,entry,SOL/USD,sell,limit,1,0,0.09849521,107.51,107.5,-0.93,0.026473,0,,7-e7d5ca1a,
1787869097.181,19f6b3bd,7adbc4ac-8b1e-445d-a4ac-1aef8baca561,exit,SOL/USD,buy,limit,0,1,0.09849521,110.55,110.07,43.609,0.043555,0,tb_sl,7-e7d5ca1a,
1787873403.504,54aaa6dd,ce970d0f-a16c-4af9-b11c-520334175a11,entry,BTC/USD,buy,limit,1,0,0.00022404,80341.3,80341.4,-0.012,0.044999,0,,7-e7d5ca1a,
1787881647.245,e9b3804b,ce970d0f-a16c-4af9-b11c-520334175a11,exit,BTC/USD,sell,limit,0,1,0.00022404,80741.2,80779.2,4.704,0.072357,0,tier trail,7-e7d5ca1a,
1787885511.212,b302e0ab,d9f280a2-1fec-462c-8fc5-455e03e46611,exit,LTC/USD,sell,limit,0,1,0.35820895,49.09,49.01,-16.323,0.070338,0,tb_sl,8-ca55e2ba,
1787891649.393,c55a6655,b2ef1127-f0b4-499a-a7e6-0d7f790d6bbd,entry,DOT/USD,buy,limit,1,0,12.16619015,0.86946,0.8703,-9.652,0.042312,0,,8-ca55e2ba,
1787909150.559,0f607fb1,8ce1353c-8ea3-4801-8f03-f3eff0c01eac,entry,ETH/USD,buy,limit,0,0,0.00722012,2492.69,2493.03,-1.364,0.143980,0,,8-ca55e2ba,
1787928516.21,612270f0,5ad4bb5b-5eab-420c-be3a-e6316090806e,entry,SOL/USD,buy,limit,0,0,0.17024496,105.7,105.73,-2.837,0.143959,0,,8-ca55e2ba,
1787984597.022,cdbb6da8,b2ef1127-f0b4-499a-a7e6-0d7f790d6bbd,exit,DOT/USD,sell,limit,0,1,12.16619015,0.8355,0.8356,1.197,0.081319,0,tb_sl,8-ca55e2ba,
1787984864.635,5d7409f5,ede71692-a7c6-48a6-88c3-30f1d3394955,entry,SUI/USD,sell,limit,1,0,24.40677,0.73755,0.7375,-0.678,0.072005,0,,8-ca55e2ba,
1788038733.513,cf2205b1,8ce1353c-8ea3-4801-8f03-f3eff0c01eac,exit,ETH/USD,sell,limit,0,1,0.00722012,2451,2451.2,0.816,0.141572,0,tb_time,8-ca55e2ba,
1788038961.254,3504f5a4,9b40e8c1-64a6-4da2-b4c8-1afc0fe83eef,entry,XRP/USD,buy,limit,1,0,12.9090557,1.39416,1.39437,-1.506,0.071989,0,,8-ca55e2ba,
1788058117.014,6bcae6f4,5ad4bb5b-5eab-420c-be3a-e6316090806e,exit,SOL/USD,sell,limit,0,1,0.17024496,105.25,105.25,-0.0,0.143346,0,tb_time,8-ca55e2ba,
1788059760.386,8cabd6ce,17c4447c-3015-403a-8270-68ab9e20762d,entry,SUI/USD,buy,limit,1,0,24.32103,0.7402,0.7401,1.351,0.072010,0,,8-ca55e2ba,
1788110677.061,0c81ed3a,9b40e8c1-64a6-4da2-b4c8-1afc0fe83eef,exit,XRP/USD,sell,limit,0,1,12.9090557,1.41228,1.41318,6.369,0.069279,0,tier trail,9-16ec821e,
1788110689.922,3d820b57,17c4447c-3015-403a-8270-68ab9e20762d,exit,SUI/USD,sell,limit,0,1,24.32103,0.751,0.7514,5.323,0.069407,0,tier trail,9-16ec821e,
1788110744.926,87874e52,66a5b05c-1ace-467a-87f0-0c094f46825c,entry,DOGE/USD,sell,limit,0,0,452.9438003,0.085528,0.0854905,-4.386,0.147210,0,,9-16ec821e,
1788110774.93,a0c343af,3d6ba0af-44f7-477c-985a-a83872b7cb29,entry,XRP/USD,buy,limit,1,0,22.0229063,1.40955,1.40987,-2.27,0.068293,0,,9-16ec821e,
1788114449.222,1003004c,ede71692-a7c6-48a6-88c3-30f1d3394955,exit,SUI/USD,buy,limit,0,1,24.40677,0.7572,0.7564,10.576,0.070227,0,tb_time,9-16ec821e,
1788114559.231,a9a591ea,104f812a-bf2c-4eb8-9467-9c4ac416b11d,entry,SOL/USD,buy,limit,1,0,0.3302973,106.6825,106.66,2.11,0.077521,0,,9-16ec821e,
1788115652.171,26fb6a25,3d6ba0af-44f7-477c-985a-a83872b7cb29,exit,XRP/USD,sell,limit,0,1,22.0229063,1.42414,1.42339,-5.269,0.119182,0,tier trail,9-16ec821e,
1788115829.072,1e3c129e,76031317-7f3a-430e-bc03-c67943d93a1d,entry,XRP/USD,buy,limit,1,0,16.67159353,1.4257,1.42606,-2.524,0.052291,0,,9-16ec821e,
1788122598.451,154b7d9e,76031317-7f3a-430e-bc03-c67943d93a1d,exit,XRP/USD,sell,limit,0,1,16.67159353,1.39509,1.39469,-2.868,0.088382,0,tb_sl,9-16ec821e,
1788122700.011,654a0587,104f812a-bf2c-4eb8-9467-9c4ac416b11d,exit,SOL/USD,sell,limit,0,1,0.3302973,104.63,104.48,-14.357,0.131324,0,tb_sl,9-16ec821e,
1788124219.627,6980192c,66a5b05c-1ace-467a-87f0-0c094f46825c,exit,DOGE/USD,buy,limit,0,1,452.9438003,0.084737,0.084826,-10.492,0.145848,0,tier trail,9-16ec821e,
1788130777.889,d3042748,684cafb3-0f03-4fd3-a52c-5e78c9a25202,entry,XRP/USD,buy,limit,1,0,10.01116034,1.38608,1.3859,1.299,0.030528,0,,9-16ec821e,
1788132979.119,27c6d354,684cafb3-0f03-4fd3-a52c-5e78c9a25202,exit,XRP/USD,sell,limit,0,1,10.01116034,1.35644,1.35614,-2.212,0.051602,0,tb_sl,9-16ec821e,
1788136400.995,8351784b,6b0e93b3-243b-4101-85f1-586ee15b26ef,exit,ETH/USD,sell,limit,0,1,0.01884207,2429.963635,2430.05,0.355,0.173985,0,"stale loser 190h, regime against",9-16ec821e,
1788138243.022,f407f078,e602d04f-ed8a-42b1-8e43-f30ca5277c2e,entry,ETH/USD,buy,limit,1,0,0.00655954,2425.6707,2437.86,-50.0,0.035005,0,,9-16ec821e,
1788138368.155,30bdb4fe,6037e442-0ba4-425c-af73-6697d628cf98,entry,BTC/USD,buy,limit,1,0,0.00020472,77721.838,78112.4,-50.0,0.035005,0,,9-16ec821e,
1788160079.888,8162dc04,716d34fe-bf48-42de-a83b-5b03998ddf88,entry,XRP/USD,sell,limit,1,0,8.15257292,1.36393,1.36393,-0.0,0.024463,0,,9-16ec821e,
1788160084.888,7c9e1aa4,716d34fe-bf48-42de-a83b-5b03998ddf88-r1,entry,XRP/USD,sell,limit,1,0,5.70680105,1.365152912,1.36393,-8.966,0.017139,0,,9-16ec821e,
1788187404.32,7107cc77,a36d6a69-d1b0-4ef0-abc4-78d792c7be25,entry,DOGE/USD,buy,limit,0,0,452.6316999,0.0831486,0.0831819,-4.003,0.143016,0,,9-16ec821e,
1788201832.631,49c8b9a3,716d34fe-bf48-42de-a83b-5b03998ddf88,exit,XRP/USD,buy,limit,0,1,8.15257292,1.39401,1.39412,-0.789,0.043186,0,tb_sl,9-16ec821e,
1788201832.631,ee74ea82,716d34fe-bf48-42de-a83b-5b03998ddf88-r1,exit,XRP/USD,buy,limit,0,1,5.70680105,1.39401,1.39412,-0.789,0.030230,0,tb_sl,9-16ec821e,
1788219385.301,92ab23c8,e29db449-999b-4803-ae27-9f0efa01919e,entry,SOL/USD,buy,limit,1,0,0.21733983,103.07,103.08,-0.97,0.049283,0,,9-16ec821e,
1788243878.741,831b1f70,e29db449-999b-4803-ae27-9f0efa01919e,exit,SOL/USD,sell,limit,0,1,0.21733983,103.74,103.71,-2.893,0.085678,0,tier trail,9-16ec821e,
1788287291.739,54221cc2,a36d6a69-d1b0-4ef0-abc4-78d792c7be25,exit,DOGE/USD,sell,limit,0,1,452.6316999,0.0812024,0.0811691,-4.103,0.139668,0,tb_sl,9-16ec821e,
1788310199.437,8e15c673,2cd27fd1-44d0-4744-a6d4-046aab8a8440,entry,ETH/USD,sell,limit,1,0,0.00760361,2409.22,2409.15,-0.291,0.040301,0,,9-16ec821e,
1788310225.409,e26c5470,83688c17-9f33-4071-873e-76007b54c09c,entry,DOT/USD,buy,limit,0,0,20.71584762,0.8692,0.8689,3.453,0.068424,0,,9-16ec821e,
1788313489.344,8faa825d,6037e442-0ba4-425c-af73-6697d628cf98,entry,BTC/USD,buy,limit,1,0,0.00020513,76819.97,77206,-50.0,0.034668,0,,9-16ec821e,
1788313570.152,91d86f1b,a9a57fe6-829a-4e31-9b10-2ff1ac7aa629,entry,SUI/USD,sell,limit,1,0,25.29155,0.7118,0.7117,-1.405,0.039606,0,,9-16ec821e,
1788319599.791,eee5b7cd,a9a57fe6-829a-4e31-9b10-2ff1ac7aa629,exit,SUI/USD,buy,limit,0,1,25.29155,0.7267,0.7272,-6.876,0.069842,0,tb_sl,9-16ec821e,
1788319634.793,30c95d49,f11ca179-7fc5-4e5c-a00d-ead5206c934d,entry,ADA/USD,buy,limit,1,0,101.5224735,0.198732,0.198733,-0.05,0.044387,0,,9-16ec821e,
1788322087.171,dd5f9aa4,83688c17-9f33-4071-873e-76007b54c09c,exit,DOT/USD,sell,limit,0,1,20.71584761,0.8814047507,0.8815,1.081,0.069384,0,tier trail,9-16ec821e,
1788322192.977,32e82bd9,dc5cdb6a-25c4-4614-946a-3bd68d5484b5,entry,ETH/USD,buy,limit,1,0,0.01881308,2407.83,2407.89,-0.249,0.099657,0,,9-16ec821e,
1788339151.054,3813c7aa,f11ca179-7fc5-4e5c-a00d-ead5206c934d,exit,ADA/USD,sell,limit,0,1,101.5224734,0.194471486,0.194518,2.391,0.075024,0,tb_sl,9-16ec821e,
1788341140.853,77f97b09,55eb718f-6526-4933-b507-6cdea4224dbe,entry,SUI/USD,sell,limit,1,0,25.05567,0.718875,0.7184,-6.612,0.039626,0,,9-16ec821e,
1788345203.313,e036fb08,dc5cdb6a-25c4-4614-946a-3bd68d5484b5,exit,ETH/USD,sell,limit,0,1,0.01881308,2360.08,2357.62,-10.434,0.168721,0,tb_sl,9-16ec821e,
1788346742.163,55b88f6b,55eb718f-6526-4933-b507-6cdea4224dbe,exit,SUI/USD,buy,limit,0,1,25.05567,0.7096,0.7096,0.0,0.067562,0,tier trail,9-16ec821e,
1788348905.762,44d983a1,2cd27fd1-44d0-4744-a6d4-046aab8a8440,exit,ETH/USD,buy,limit,0,1,0.00760361,2377.7,2377.66,0.168,0.068701,0,tier trail,9-16ec821e,
1788366491.272,4c59859b,b6baaa82-3b47-4e81-8b98-71962fbca0b3,entry,BTC/USD,buy,limit,1,0,0.00055053,77523.525,77536.8,-1.712,0.093894,0,,9-16ec821e,
1788387740.749,27f0a1e5,94861d33-09a1-4466-b057-b5dca7686df6,entry,SUI/USD,sell,limit,1,0,14.39988,0.7353,0.7353,-0.0,0.023294,0,,9-16ec821e,
1788393782.683,4f6123b0,94861d33-09a1-4466-b057-b5dca7686df6,exit,SUI/USD,buy,limit,0,1,14.39988,0.7517,0.7516,1.33,0.041133,0,tb_sl,9-16ec821e,
1788405323.058,0287ca3d,05313cef-d0b7-4b14-83ec-d2165d2c0d3e,entry,ARB/USD,buy,limit,1,0,80.94981,0.1308,0.1308,0.0,0.023294,0,,9-16ec821e,
1788408199.415,1a385815,05313cef-d0b7-4b14-83ec-d2165d2c0d3e,exit,ARB/USD,sell,limit,0,1,80.94981,0.1268,0.1269,7.88,0.039005,0,tb_sl,9-16ec821e,
1788428587.378,c5033f08,1e642bbd-e1f9-4e25-aeec-7b98e97921ba,entry,ADA/USD,sell,limit,1,0,51.28592329,0.2065705,0.206455,-5.594,0.023307,0,,9-16ec821e,
1788428597.379,a40c05bf,1e642bbd-e1f9-4e25-aeec-7b98e97921ba-r1,entry,ADA/USD,sell,limit,1,0,35.9001463,0.2067460825,0.206455,-14.099,0.016329,0,,9-16ec821e,
1788444859.79,aba213a3,1e642bbd-e1f9-4e25-aeec-7b98e97921ba,exit,ADA/USD,buy,limit,0,1,51.28592329,0.2111561114,0.211093,2.99,0.041151,0,tb_sl,9-16ec821e,
1788444876.636,c51a2bd0,1e642bbd-e1f9-4e25-aeec-7b98e97921ba-r1,exit,ADA/USD,buy,limit,0,1,35.9001463,0.2113,0.211213,4.119,0.028826,0,tb_sl,9-16ec821e,
1788445624.997,87f7e67e,b6baaa82-3b47-4e81-8b98-71962fbca0b3,exit,BTC/USD,sell,limit,1,1,0.00055053,79550,79549.9,-0.013,0.096348,0,tb_pt,9-16ec821e,
1788446452.235,4aa0e815,b940cd09-3674-439f-93fd-6d02dbb30f0b,entry,BTC/USD,buy,limit,1,0,0.00074712,79657.6,79657.6,0.0,0.130930,0,,9-16ec821e,
1788448343.63,6d813932,b940cd09-3674-439f-93fd-6d02dbb30f0b,exit,BTC/USD,sell,limit,0,1,0.00074712,80373.1,80400,3.346,0.228184,0,tier trail,9-16ec821e,
1788469867.862,4f61b73f,d1433d01-8ca6-4680-8df9-33395a47638f,entry,DOGE/USD,buy,limit,1,0,131.4839571,0.0887372,0.0887347,0.282,0.025669,0,,9-16ec821e,
1788474749.428,8b57d70a,6037e442-0ba4-425c-af73-6697d628cf98,exit,BTC/USD,sell,limit,0,1,0.00082358,81071.8,81077.4,0.691,0.253723,0,tier trail,9-16ec821e,
1788486856.507,3df730cd,5ca1fd6c-cca3-44d8-ab0f-b8d789b4785c,entry,SUI/USD,sell,limit,1,0,13.69758,0.7731,0.773,-1.294,0.023297,0,,9-16ec821e,
1788488568.389,06925d3f,d1433d01-8ca6-4680-8df9-33395a47638f,exit,DOGE/USD,sell,limit,0,1,131.4839571,0.0866826,0.0866898,0.831,0.043310,0,tb_sl,9-16ec821e,
1788501508.972,c719f3dd,5ca1fd6c-cca3-44d8-ab0f-b8d789b4785c,exit,SUI/USD,buy,limit,0,1,13.69758,0.7686,0.7686,0.0,0.040006,0,tier trail,9-16ec821e,
1788503065.918,c789b369,99ec3b2c-a013-42cb-b935-08499e212b0c,entry,BTC/USD,buy,limit,1,0,0.00019653,80859.272,81265.6,-50.0,0.034961,0,,9-16ec821e,
1788503728.441,9b0e48ee,e602d04f-ed8a-42b1-8e43-f30ca5277c2e,entry,ETH/USD,buy,limit,1,0,0.00634695,2503.84785,2516.43,-50.0,0.034962,0,,9-16ec821e,
1788509622.327,27b30dee,c1f88204-6725-48a7-8065-136609b68ff2,entry,XRP/USD,buy,limit,1,0,10.91675818,1.4430825,1.44321,-0.883,0.034658,0,,9-16ec821e,
1788513678.606,40780563,c1f88204-6725-48a7-8065-136609b68ff2,exit,XRP/USD,sell,limit,0,1,10.91675817,1.45445,1.45416,-1.994,0.060336,0,tier trail,9-16ec821e,
1788526390.74,00fa154f,2759d98c-468c-4502-ba6d-d6c7b6072ecd,entry,ETH/USD,buy,limit,1,0,0.00733075,2455.5525,2455.41,0.58,0.039602,0,,9-16ec821e,
1788547351.766,bcea0e3f,e801267c-2ef5-4e54-99e4-78ab9f0da27d,entry,DOGE/USD,sell,limit,1,0,125.1434283,0.0846393,0.0846088,-3.605,0.023303,0,,9-16ec821e,
1788564187.282,7c04f442,8868d595-723b-47ac-9c75-19c6c7c57f87,entry,DOGE/USD,sell,limit,1,0,273.2131356,0.08474036,0.0847413,0.111,0.050935,0,,9-16ec821e,
1788610072.992,045b04a4,8868d595-723b-47ac-9c75-19c6c7c57f87,exit,DOGE/USD,buy,limit,0,1,273.2131356,0.0863736,0.0863915,-2.072,0.089674,0,tb_sl,9-16ec821e,
1788611579.616,0dcf594d,e801267c-2ef5-4e54-99e4-78ab9f0da27d,exit,DOGE/USD,buy,limit,0,1,125.1434283,0.0865889,0.0865939,-0.577,0.041177,0,tb_sl,9-16ec821e,
1788611810.498,8678b775,398d2c0e-76c0-4c90-aa1b-841d27f81d8a,entry,SOL/USD,buy,limit,0,0,0.84864197,102.67,102.67,0.0,0.331094,0,,9-16ec821e,
1788637035.032,737bbfa8,398d2c0e-76c0-4c90-aa1b-841d27f81d8a,exit,SOL/USD,sell,limit,0,1,0.84864196,103.66,103.67,0.965,0.334287,0,tier trail,9-16ec821e,
1788637168.773,d8cfb7cb,0b58edea-2b0a-4733-9cd4-cb5c67b99d7d,entry,SUI/USD,sell,limit,1,0,20.23747,0.80745,0.807,-5.576,0.035950,0,,9-16ec821e,
1788654832.399,21493f9e,0b58edea-2b0a-4733-9cd4-cb5c67b99d7d,exit,SUI/USD,buy,limit,0,1,20.23747,0.799,0.7987,3.756,0.061445,0,tier trail,9-16ec821e,
1788655990.862,fa9c1618,2759d98c-468c-4502-ba6d-d6c7b6072ecd,exit,ETH/USD,sell,limit,0,1,0.00733075,2489.95,2490.83,3.533,0.069362,0,tb_time,9-16ec821e,
1788743527.085,ee6ca6cc,b0b44b27-5976-4cda-9e1a-67f91383aa9d,entry,SUI/USD,sell,limit,1,0,24.01845,0.808875,0.8092,4.016,0.038856,0,,10-a5acfe2d,
1788743882.145,483926b1,b0b44b27-5976-4cda-9e1a-67f91383aa9d,exit,SUI/USD,buy,limit,0,1,24.01845,0.8036,0.8032,4.98,0.067554,0,tier trail,10-a5acfe2d,
1788744134.671,0ef61b91,e2e3d678-5cbb-4285-9fa8-f56c660bddd9,entry,PAXG/USD,sell,limit,1,0,0.02262597,4390.19,4389.16,-2.347,0.198665,0,,10-a5acfe2d,
1788749590.309,a52040f2,e602d04f-ed8a-42b1-8e43-f30ca5277c2e,entry,ETH/USD,buy,limit,1,0,0.00603062,2519.7778,2532.44,-50.0,0.030392,0,,10-a5acfe2d,
1788749680.666,df17b455,60ddd252-aba9-4a0b-8466-c788ce6ec34e,entry,XRP/USD,buy,limit,1,0,22.04462321,1.41908,1.41934,-1.832,0.062566,0,,10-a5acfe2d,
1788749989.826,c3cc1c03,99ec3b2c-a013-42cb-b935-08499e212b0c,entry,BTC/USD,buy,limit,1,0,0.00019652,79840,80334.5,-61.555,0.031380,0,,10-a5acfe2d,
1788750385.623,527943d8,9a1836fd-88e9-4319-827c-76610d62bb5f,entry,ETH/USD,buy,limit,1,0,0.01494403,2514.21,2513.2,4.019,0.075145,0,,10-a5acfe2d,
1788766824.191,7c46275b,60ddd252-aba9-4a0b-8466-c788ce6ec34e,exit,XRP/USD,sell,limit,0,1,22.04462321,1.392481374,1.39174,-5.327,0.107439,0,tb_sl,10-a5acfe2d,
1788766850.062,724cbc96,917587bd-2f88-4edd-b11d-da9647abed06,entry,PAXG/USD,buy,limit,1,0,0.01117102,4394.23,4396.23,-4.549,0.098176,0,,10-a5acfe2d,
1788795641.562,233080ae,9a1836fd-88e9-4319-827c-76610d62bb5f,exit,ETH/USD,sell,limit,0,1,0.01494403,2468.45,2468.32,-0.527,0.129110,0,tb_sl,11-6e584923,
1788796218.364,1a677808,d598822d-7ae8-4fa3-bb3b-6f48831d11dd,entry,BTC/USD,buy,limit,1,0,0.00084592,78838.725,78838.8,-0.01,0.133383,0,,11-6e584923,
1788845307.695,c66c12d0,917587bd-2f88-4edd-b11d-da9647abed06,exit,PAXG/USD,sell,limit,0,1,0.01117102,4421.25,4421.67,0.95,0.172865,0,tier trail,11-6e584923,
1788845452.708,6695c705,9699a06a-3b25-4d01-872e-cf4ccefe81eb,entry,ETH/USD,buy,limit,1,0,0.02418379,2481.2,2481,0.806,0.120010,0,,11-6e584923,
1788873735.308,bd5553d9,e2e3d678-5cbb-4285-9fa8-f56c660bddd9,exit,PAXG/USD,buy,limit,0,1,0.02262597,4404.851991,4403.99,1.957,0.348824,0,tb_time,11-6e584923,
1788875437.419,9ca3d7aa,c98ae415-eab9-483f-aa7a-3f2502995340,entry,PAXG/USD,buy,limit,0,0,0.01541717,4400.1,4398.36,3.956,0.237430,0,,11-6e584923,
1788893278.763,9679d9d1,9699a06a-3b25-4d01-872e-cf4ccefe81eb,exit,ETH/USD,sell,limit,0,1,0.02418378,2492.09,2493.48,5.575,0.210939,0,tier trail,11-6e584923,
1788893771.848,5aefad5d,0526a410-e748-455b-a962-626f28e12489,entry,PAXG/USD,buy,limit,1,0,0.01959308,4375.86,4375.01,1.943,0.171473,0,,11-6e584923,
1788989753.024,aea30d4d,d598822d-7ae8-4fa3-bb3b-6f48831d11dd,exit,BTC/USD,sell,limit,0,1,0.00084592,78157,78258,12.906,0.198344,0,time-stop scratch,12-10d4d0c2,
1788991247.678,540342fd,077a6f9b-1483-4747-9233-f9c73885c2a1,entry,BTC/USD,buy,limit,1,0,0.00076763,78155.225,78162.3,-0.905,0.089991,0,,12-10d4d0c2,
1789005025.8,99918ece,c98ae415-eab9-483f-aa7a-3f2502995340,exit,PAXG/USD,sell,limit,0,1,0.01541717,4412.73,4411.83,-2.04,0.204095,0,tb_time,12-10d4d0c2,
1789005562.516,5e92952e,f1aaec6b-0f6b-4f0f-8ac4-25ab1f156242,entry,ETH/USD,buy,limit,1,0,0.02435638,2463.77,2463.42,1.421,0.090013,0,,12-10d4d0c2,
1789023535.471,6daedca4,0526a410-e748-455b-a962-626f28e12489,exit,PAXG/USD,sell,limit,0,1,0.01959308,4422.14,4422.73,1.334,0.259930,0,tb_time,12-10d4d0c2,
1789023538.803,bc34b1bf,0526a410-e748-455b-a962-626f28e12489,exit,PAXG/USD,sell,limit,0,1,0.01959308,4422.12,4422.73,1.379,0.259929,0,tb_time,12-10d4d0c2,
1789023823.663,0f9518ca,6bab41cc-c811-48fd-bfdc-e2324d127229,entry,BTC/USD,sell,limit,1,0,0.00082669,78282.2,78282.2,-0.0,0.097073,0,,12-10d4d0c2,
1789044418.922,83eceba8,077a6f9b-1483-4747-9233-f9c73885c2a1,exit,BTC/USD,sell,limit,0,1,0.00076762,76920.4,76950.6,3.925,0.177137,0,tb_sl,12-10d4d0c2,
1789044418.922,09db6879,f1aaec6b-0f6b-4f0f-8ac4-25ab1f156242,exit,ETH/USD,sell,limit,0,1,0.02435638,2425.35,2425.95,2.473,0.177218,0,tb_sl,12-10d4d0c2,
1789044669.913,ef885e1b,efbebf2e-fe56-45f2-b7ae-1cf6f19fbfc7,entry,BTC/USD,buy,limit,1,0,0.00101737,77071.925,77070.7,0.159,0.117616,0,,12-10d4d0c2,
1789044724.917,db347823,08cd9ab0-0911-4d7b-a70c-f8513970e585,entry,LINK/USD,buy,limit,0,0,5.13934476,11.66457,11.67464,-8.626,0.179845,0,,12-10d4d0c2,
1789044919.931,1f9150c2,6bab41cc-c811-48fd-bfdc-e2324d127229,exit,BTC/USD,buy,limit,0,2,0.00082669,76708.8,76759.2,-6.566,0.190243,0,tb_pt,12-10d4d0c2,
1789045991.492,692a6e25,e602d04f-ed8a-42b1-8e43-f30ca5277c2e,entry,ETH/USD,buy,limit,1,0,0.0010314,2407.7806,2419.88,-50.0,0.003725,0,,12-10d4d0c2,long
1789059774.084,32251641,cb85085c-358d-41e3-9670-dd5db552c054,entry,PAXG/USD,buy,limit,1,0,0.01374627,4363.11,4364.82,-3.918,0.089965,0,,12-10d4d0c2,
1789090889.678,0fdb7495,08cd9ab0-0911-4d7b-a70c-f8513970e585,exit,LINK/USD,sell,limit,0,1,5.13934476,11.42424,11.42473,0.429,0.176139,0,tb_sl,12-10d4d0c2,
1789091160.765,15b7297c,29d438ea-4c25-4b6b-8703-f294f525f8de,entry,ETH/USD,buy,limit,1,0,0.02497264,2449.7825,2449.79,-0.031,0.091766,0,,12-10d4d0c2,
1789119482.811,bfdeba80,29d438ea-4c25-4b6b-8703-f294f525f8de,exit,ETH/USD,sell,limit,0,1,0.02497264,2464.11,2463.77,-1.38,0.184606,0,tier trail,12-10d4d0c2,
1789121645.149,7e59cd3f,eed5679b-9eba-4fc5-b905-222549c2d914,entry,BTC/USD,sell,limit,1,0,0.00086746,77002.3,77002.3,-0.0,0.100195,0,,12-10d4d0c2,
1789129843.304,073f3154,eed5679b-9eba-4fc5-b905-222549c2d914,exit,BTC/USD,buy,limit,0,1,0.00086746,76573.5,76487.3,11.27,0.199273,0,tier trail,12-10d4d0c2,
1789130260.004,ed5d2732,1b8cfc59-1d95-4df2-8057-33f5255ced6e,entry,PAXG/USD,buy,limit,1,0,0.01510274,4344.8525,4345.34,-1.122,0.098429,0,,12-10d4d0c2,
1789132116.64,fd97a41b,efbebf2e-fe56-45f2-b7ae-1cf6f19fbfc7,exit,BTC/USD,sell,limit,0,1,0.00101737,77678.1,77672.9,-0.669,0.237082,0,tier trail,12-10d4d0c2,
1789135695.848,d39dbb49,a3f4184b-08e6-4b95-bdeb-62778e3f9314,entry,BTC/USD,buy,limit,1,0,0.00075876,79093.7,79076.3,2.2,0.090020,0,,12-10d4d0c2,
1789135735.851,ce95011e,e602d04f-ed8a-42b1-8e43-f30ca5277c2e,exit,ETH/USD,sell,limit,0,1,0.01996851,2613.31,2617.15,14.672,0.156552,0,tier trail,12-10d4d0c2,
1789135895.865,018b945b,f08bc2cb-0403-498c-af18-7b7a2eb0eac9,entry,ETH/USD,buy,limit,1,0,0.00606488,2606.3229,2619.42,-50.0,0.023711,0,,12-10d4d0c2,long
1789135940.869,bb135149,cb85085c-358d-41e3-9670-dd5db552c054,exit,PAXG/USD,sell,limit,0,1,0.01374627,4385.890644,4387.42,3.486,0.180869,0,tier trail,12-10d4d0c2,
1789136325.427,4657ec86,1b8cfc59-1d95-4df2-8057-33f5255ced6e,exit,PAXG/USD,sell,limit,0,1,0.01510273,4379.61,4379.24,-0.845,0.198432,0,tier trail,12-10d4d0c2,
1789142045.616,a3f768e1,a3f4184b-08e6-4b95-bdeb-62778e3f9314,exit,BTC/USD,sell,limit,0,1,0.00075876,77720.3,77757.5,4.784,0.176913,0,tb_sl,12-10d4d0c2,
1789142203.91,89e10769,99ec3b2c-a013-42cb-b935-08499e212b0c,exit,BTC/USD,sell,limit,0,1,0.00039305,77492.2,77519.1,3.47,0.091375,0,"stale loser 178h, regime against",12-10d4d0c2,
1789143503.485,0666ed04,0ef588a0-297e-4cd1-9a80-3d1f82833e73,entry,BTC/USD,buy,limit,1,0,0.00020311,77562.3395,77952.1,-50.0,0.023631,0,,12-10d4d0c2,long
1789154523.431,710a2b89,f472d338-ca0a-4c56-8cf0-d2084f54a3a1,entry,PAXG/USD,sell,limit,1,0,0.00810578,4354.68,4354.19,-1.125,0.052947,0,,12-10d4d0c2,
1789169639.279,dfbb9552,7ff59896-424b-425d-a3dc-703bb4a03bc6,entry,BTC/USD,buy,limit,1,0,0.00077726,77193.3,77193.4,-0.013,0.089999,0,,12-10d4d0c2,
1789192705.698,825db1d0,a79995d3-fd23-4302-8178-6143a51a1299,entry,LINK/USD,buy,limit,1,0,5.21313919,11.51615,11.50938,5.882,0.090053,0,,12-10d4d0c2,
1789228361.165,14f8cbf5,a79995d3-fd23-4302-8178-6143a51a1299,exit,LINK/USD,sell,limit,0,1,5.21313919,11.56877,11.56762,-0.994,0.180929,0,tier trail,12-10d4d0c2,
1789233705.814,3193791f,f08bc2cb-0403-498c-af18-7b7a2eb0eac9,entry,ETH/USD,buy,limit,1,0,0.00623031,2528.24525,2540.95,-50.0,0.023628,0,,12-10d4d0c2,long
1789237744.361,181f9a49,bab80738-5299-4345-ac8c-76d8b0630326,entry,ETH/USD,buy,limit,0,0,0.04544216,2524.19,2524.83,-2.535,0.344114,0,,12-10d4d0c2,
1789284116.544,68660492,f472d338-ca0a-4c56-8cf0-d2084f54a3a1,exit,PAXG/USD,buy,limit,0,1,0.00810578,4355,4355.04,-0.092,0.105902,0,tb_time,12-10d4d0c2,
1789284442.316,411ea670,14d54682-bbc7-425a-93f8-b164dcdac3b3,entry,PAXG/USD,sell,limit,0,0,0.011,4354.39,4354.99,1.378,0.143695,0.00442487,,12-10d4d0c2,
1789284452.317,411ea670,14d54682-bbc7-425a-93f8-b164dcdac3b3,entry,PAXG/USD,sell,limit,0,0,0.00442487,4354.47,4354.99,1.194,0.057804,0,,12-10d4d0c2,
1789291514.008,22e78ae5,bab80738-5299-4345-ac8c-76d8b0630326,exit,ETH/USD,sell,limit,0,1,0.04544216,2475.71,2476.56,3.432,0.337505,0,tb_sl,12-10d4d0c2,
1789292989.363,b72f41b2,3bd06d92-c5f9-493c-9ce3-bb74c3f152a1,entry,PAXG/USD,sell,limit,0,0,0.01621822,4352.44278,4352.59,0.338,0.211767,0,,12-10d4d0c2,
1789295412.393,b17b5fbb,f08bc2cb-0403-498c-af18-7b7a2eb0eac9,exit,ETH/USD,sell,limit,0,1,0.01229519,2479.08,2479.26,0.726,0.091442,0,"stale loser 44h, regime against",12-10d4d0c2,
1789299224.944,558ecf05,7ff59896-424b-425d-a3dc-703bb4a03bc6,exit,BTC/USD,sell,limit,0,1,0.00077726,76636.6,76636.7,0.013,0.178700,0,tb_time,12-10d4d0c2,
1789315237.596,0821f468,9d8785cb-13ee-4774-8c6a-cd4868f3b8e6,entry,LINK/USD,sell,limit,1,0,5.32855894,11.2666,11.26008,-5.79,0.090052,0,,12-10d4d0c2,
1789325239.231,fae0933d,9d8785cb-13ee-4774-8c6a-cd4868f3b8e6,exit,LINK/USD,buy,limit,0,1,5.32855893,11.44889,11.44583,2.673,0.183018,0,tb_sl,12-10d4d0c2,
1789337011.018,58caac63,352f83f6-f89b-45d3-b078-bf07477987a8,entry,ETH/USD,buy,limit,1,0,0.00626437,2495,2515.65,-82.086,0.023444,0,,12-10d4d0c2,long
1789337326.435,e5c9ce02,0ef588a0-297e-4cd1-9a80-3d1f82833e73,entry,BTC/USD,buy,limit,1,0,0.00020346,76877.3815,77263.7,-50.0,0.023462,0,,12-10d4d0c2,long
1789339757.185,e1ea8a8f,c585ce36-33f8-4d35-9163-7c3badd6fe46,entry,BTC/USD,sell,limit,0,0,0.000875,76718.3,76710.4,-1.03,0.201386,0,,12-10d4d0c2,
1789379522.218,6a303d5c,c585ce36-33f8-4d35-9163-7c3badd6fe46,exit,BTC/USD,buy,limit,0,1,0.000875,78187.6,78123.8,8.167,0.205242,0,tb_sl,12-10d4d0c2,
1789381236.413,9929afa1,3286333c-592d-43ed-a051-3a283173f6bf,entry,ETH/USD,sell,limit,1,0,0.02384728,2516.29,2516.01,-1.113,0.090010,0,,12-10d4d0c2,
1789391591.856,726ac74b,3286333c-592d-43ed-a051-3a283173f6bf,exit,ETH/USD,buy,limit,0,1,0.02384728,2499.86,2499.62,0.96,0.178845,0,tier trail,12-10d4d0c2,
1789393545.434,266a0fec,f9ab306d-194a-405b-9348-b7670036b7a5,entry,LINK/USD,buy,limit,1,0,5.27240773,11.38341,11.38,2.996,0.090027,0,,12-10d4d0c2,
1789400051.96,a958d693,3bd06d92-c5f9-493c-9ce3-bb74c3f152a1,exit,PAXG/USD,buy,limit,0,1,0.01621822,4299.04,4299.36,-0.744,0.209168,0,tier trail,12-10d4d0c2,
1789401137.32,22834996,5c9cb3cc-3832-4b38-918e-b3f27f38d2f6,entry,PAXG/USD,sell,limit,1,0,0.0146149,4295.01,4294.55,-1.071,0.094157,0,,12-10d4d0c2,
1789403098.629,db2961b3,14d54682-bbc7-425a-93f8-b164dcdac3b3,exit,PAXG/USD,buy,limit,0,1,0.01542487,4311.681926,4310.9,1.814,0.199521,0,tier trail,12-10d4d0c2,
1789403472.608,1b62d476,a5e3ac8b-2426-4e9c-8a1d-2ae46bed8a23,entry,PAXG/USD,sell,limit,1,0,0.01429241,4308.24,4308.24,-0.0,0.092363,0,,12-10d4d0c2,
1789408589.83,0d08b058,f9ab306d-194a-405b-9348-b7670036b7a5,exit,LINK/USD,sell,limit,0,2,5.27240773,11.61354582,11.63712,20.258,0.183694,8.881784197e-16,tb_pt,12-10d4d0c2,
1789414564.712,d064745c,16652e19-ca79-472c-b972-eaa219958ace,entry,BTC/USD,buy,limit,1,0,0.00075829,79125.2,79125.2,0.0,0.090000,0,,12-10d4d0c2,
1789425065.753,67961132,352f83f6-f89b-45d3-b078-bf07477987a8,entry,ETH/USD,buy,limit,1,0,0.00615774,2540.32455,2553.09,-50.0,0.023464,0,,12-10d4d0c2,long
1789432964.949,741006e3,16652e19-ca79-472c-b972-eaa219958ace,exit,BTC/USD,sell,limit,0,1,0.00075829,77921.3,77932.7,1.463,0.177261,0,tb_sl,12-10d4d0c2,
1789446346.572,be34358b,0ef588a0-297e-4cd1-9a80-3d1f82833e73,entry,BTC/USD,buy,limit,1,0,0.00019559,77554.5785,77944.3,-50.0,0.022753,0,,12-10d4d0c2,long
1789466617.595,e4221ccf,352f83f6-f89b-45d3-b078-bf07477987a8,exit,ETH/USD,sell,limit,0,1,0.01242211,2474.18,2471.57,-10.56,0.092204,0,"stale loser 36h, regime against",12-10d4d0c2,
1789467916.942,e3989b1b,2ab18574-7f2c-4b29-aafc-138c1da7a06f,entry,BTC/USD,buy,limit,1,0,0.00087979,76991.025,76991.1,-0.01,0.101604,0,,12-10d4d0c2,
1789469728.149,70df4dcb,a5e3ac8b-2426-4e9c-8a1d-2ae46bed8a23,exit,PAXG/USD,buy,limit,0,1,0.01429241,4282.91,4282.5,0.957,0.183639,0,tier trail,12-10d4d0c2,
1789483148.515,745fd31c,2ab18574-7f2c-4b29-aafc-138c1da7a06f,exit,BTC/USD,sell,limit,0,1,0.00087979,75901.8,75876.3,-3.361,0.200333,0,tb_sl,12-10d4d0c2,
1789483688.769,fedca3fb,0ef588a0-297e-4cd1-9a80-3d1f82833e73,exit,BTC/USD,sell,limit,0,1,0.00060216,75757.7,75751.3,-0.845,0.136855,0,"stale loser 94h, regime against",12-10d4d0c2,
1789484513.04,a4743706,eb56e4f7-2b29-4b0b-8319-4d81c77f62fc,entry,PAXG/USD,sell,limit,1,0,0.01841928,4278.75,4278.08,-1.566,0.118217,0,,12-10d4d0c2,
1789509583.919,2c3fda8a,b4603347-58c1-48df-8b31-9d545eaacdc9,entry,ETH/USD,sell,limit,1,0,0.01476809,2389.89,2389.89,-0.0,0.052941,0,,12-10d4d0c2,
1789520827.671,11e57cbf,82918175-6a57-49dc-a2e1-6ba9c6346df2,entry,ETH/USD,buy,limit,1,0,0.01472201,2397.374,2397.37,0.017,0.052941,0,,12-10d4d0c2,
1789530735.933,97cd674c,5c9cb3cc-3832-4b38-918e-b3f27f38d2f6,exit,PAXG/USD,buy,limit,0,1,0.0146149,4324.78,4327.87,-7.14,0.189619,0,tb_time,12-10d4d0c2,
1789552579.424,1b6545f6,09e39bec-54ae-4fd1-886d-5d6d4a6d7021,entry,PAXG/USD,buy,limit,0,0,0.01487828,4336.66,4337.15,-1.13,0.193566,0,,12-10d4d0c2,
1789552911.541,9b285465,eb56e4f7-2b29-4b0b-8319-4d81c77f62fc,exit,PAXG/USD,buy,limit,0,1,0.01841928,4339.54,4341.05,-3.478,0.239794,0,tb_sl,12-10d4d0c2,
1789558055.209,a33be5f5,6b8bc8f2-bc1b-4733-b4ee-c549425a1de3,entry,PAXG/USD,buy,limit,0,0,0.01519324,4350.9,4350.02,2.023,0.198313,0,,12-10d4d0c2,
1789560646.228,96054aa3,82918175-6a57-49dc-a2e1-6ba9c6346df2,exit,ETH/USD,sell,limit,0,1,0.01472201,2413.91,2413.86,-0.207,0.106613,0,tier trail,12-10d4d0c2,
1789575889.651,07b7ccf9,500f4181-d546-4e76-8e49-6d666245821e,entry,BTC/USD,buy,limit,1,0,0.00046586,75761.025,75761.1,-0.01,0.052941,0,,12-10d4d0c2,
1789582185.336,cd612172,500f4181-d546-4e76-8e49-6d666245821e,exit,BTC/USD,sell,limit,0,1,0.00046586,76191.1,76179,-1.588,0.106483,0,tier trail,12-10d4d0c2,
1789583837.165,0b109b4b,6b8bc8f2-bc1b-4733-b4ee-c549425a1de3,exit,PAXG/USD,sell,limit,0,1,0.01519324,4268.281045,4268.8,1.216,0.194547,0,tb_sl,12-10d4d0c2,
1789585780.301,392f523d,09e39bec-54ae-4fd1-886d-5d6d4a6d7021,exit,PAXG/USD,sell,limit,0,1,0.01487828,4254.29,4255.2,2.139,0.189890,0,tb_sl,12-10d4d0c2,
1789599395.873,61bd4eac,3c27dbaa-008d-4a25-b5ae-51a7540a5388,entry,LINK/USD,buy,limit,1,0,3.24381941,10.87844,10.88042,-1.82,0.052932,0,,12-10d4d0c2,
1789606592.014,0541c55e,3c27dbaa-008d-4a25-b5ae-51a7540a5388,exit,LINK/USD,sell,limit,0,1,3.24381941,11.00556,11.01,4.033,0.107100,0,tier trail,12-10d4d0c2,
1789608356.374,ac9893ed,b4603347-58c1-48df-8b31-9d545eaacdc9,exit,ETH/USD,buy,limit,0,1,0.01476809,2434.29,2435.97,-6.897,0.107849,0,tb_sl,12-10d4d0c2,
1789610111.162,c9a462eb,e739a94f-1c8c-47cb-9e22-4d1b4c1a6de5,entry,ETH/USD,buy,limit,1,0,0.00635669,2428.0388,2440.24,-50.0,0.023151,0,,12-10d4d0c2,long
1789610965.384,2e065686,eb468fbf-2111-4dc5-841c-3f4c814e5558,entry,BTC/USD,buy,limit,1,0,0.00020277,76129.838,76512.4,-50.0,0.023155,0,,12-10d4d0c2,long
1789621706.677,27352646,5800986a-9b60-4a2c-b78d-ab04848ce3c2,entry,ETH/USD,buy,limit,1,0,0.02458542,2440.31,2440.47,-0.656,0.089994,0,,12-10d4d0c2,
1789648942.424,5f779f61,5800986a-9b60-4a2c-b78d-ab04848ce3c2,exit,ETH/USD,sell,limit,0,1,0.02458542,2461.6,2461.63,0.122,0.181558,0,tier trail,12-10d4d0c2,
1789650254.356,e043103c,215f4bd8-164c-4ba0-bd8f-c5f59c422396,entry,LINK/USD,sell,limit,1,0,3.13274653,11.27357,11.26619,-6.551,0.052976,0,,12-10d4d0c2,
1789652862.917,e4c6a2eb,215f4bd8-164c-4ba0-bd8f-c5f59c422396,exit,LINK/USD,buy,limit,0,1,3.13274653,11.2023,11.19837,3.509,0.105282,0,tier trail,12-10d4d0c2,
1789666278.066,8f4ec677,4d6fd119-2e0b-4095-8ba0-e5e84565585a,entry,LINK/USD,buy,limit,0,0,5.26777875,11.39295,11.39,2.59,0.180047,0,,12-10d4d0c2,
1789683633.038,83fb452d,63b2295d-5b2b-4b1e-808d-1b188db2588c,entry,LINK/USD,sell,limit,0,0,5.33291144,11.25782,11.25089,-6.16,0.180111,0,,12-10d4d0c2,
1789695823.213,ec4cf714,63b2295d-5b2b-4b1e-808d-1b188db2588c,exit,LINK/USD,buy,limit,0,1,5.33291144,11.48608,11.49129,-4.534,0.183763,0,tb_sl,12-10d4d0c2,
1789701384.802,07d190f9,4d6fd119-2e0b-4095-8ba0-e5e84565585a,exit,LINK/USD,sell,limit,1,1,5.26777875,11.7,11.69312,-5.884,0.092450,0,tb_pt,12-10d4d0c2,
1789701487.498,35392183,5d336710-1c3a-448d-adcf-d23f2e991264,entry,LINK/USD,buy,limit,0,0,5.11769417,11.71075,11.72403,-11.327,0.179796,0,,12-10d4d0c2,
1789718976.547,df917075,5d336710-1c3a-448d-adcf-d23f2e991264,exit,LINK/USD,sell,limit,0,1,5.11769417,11.77085169,11.76928,-1.335,0.180719,0,tier trail,12-10d4d0c2,
1789729584.578,c3cc0b62,e739a94f-1c8c-47cb-9e22-4d1b4c1a6de5,entry,ETH/USD,buy,limit,1,0,0.00617141,2504.0767,2516.66,-50.0,0.023181,0,,12-10d4d0c2,long
1789736631.385,7b13903f,505c96b2-3013-4d25-923d-5af1b8cbddea,entry,PAXG/USD,sell,limit,1,0,0.00809735,4356.78,4358.72,4.451,0.052918,0,,12-10d4d0c2,
1789750262.58,ec91286b,eb468fbf-2111-4dc5-841c-3f4c814e5558,entry,BTC/USD,buy,limit,1,0,0.00019171,80773.0055,81178.9,-50.0,0.023227,0,,12-10d4d0c2,long
1789750267.581,7939e8b7,eb468fbf-2111-4dc5-841c-3f4c814e5558,exit,BTC/USD,sell,limit,0,1,0.00039447,80749,80780.7,3.924,0.095559,0,tier trail,12-10d4d0c2,
1789750529.871,00c50902,0c8aafec-5012-4aeb-9ee4-7156384039ff,entry,BTC/USD,buy,limit,1,0,0.00043648,80859.7,80860.2,-0.062,0.052940,0,,12-10d4d0c2,
1789773660.622,74906b87,4a654ba2-e73f-48bb-8381-ae3ceba8e6b6,entry,LINK/USD,sell,limit,1,0,2.87779542,12.269056,12.26429,-3.886,0.052962,0,,12-10d4d0c2,
1789780171.626,2817dd39,0c8aafec-5012-4aeb-9ee4-7156384039ff,exit,BTC/USD,sell,limit,0,1,0.00043648,81372.9,81365.9,-0.86,0.106553,0,tier trail,12-10d4d0c2,
1789787103.572,428e226a,4a654ba2-e73f-48bb-8381-ae3ceba8e6b6,exit,LINK/USD,buy,limit,0,1,2.87779542,12.48585,12.48672,-0.697,0.107795,0,tb_sl,12-10d4d0c2,
1789796499.934,953f7692,e788d552-a3c2-437f-8ebf-937e70800ac5,entry,ETH/USD,buy,limit,1,0,0.02283861,2627.59,2627.13,1.751,0.090016,0,,12-10d4d0c2,
1789806394.869,c0edd9dc,e788d552-a3c2-437f-8ebf-937e70800ac5,exit,ETH/USD,sell,limit,0,1,0.02283861,2644.49,2643.31,-4.464,0.181189,0,tier trail,12-10d4d0c2,
1789808051.462,e246dc0e,d1ba7758-c3d4-4203-9b1d-981c12312dde,entry,LINK/USD,buy,limit,1,0,2.84098442,12.41713,12.4232,-4.886,0.052915,0,,12-10d4d0c2,
1789815352.775,97dd07c9,d1ba7758-c3d4-4203-9b1d-981c12312dde,exit,LINK/USD,sell,limit,0,1,2.84098442,12.53074,12.52873,-1.604,0.106799,0,tier trail,12-10d4d0c2,
1789827708.831,b178acfc,274b3aa9-9ba7-4a9a-ae87-47bde8fd2c8f,entry,BTC/USD,buy,limit,1,0,0.00075329,81514.725,81514.8,-0.009,0.092106,0,,12-10d4d0c2,
1789833891.388,f396a04f,e739a94f-1c8c-47cb-9e22-4d1b4c1a6de5,entry,ETH/USD,buy,limit,1,0,0.00587575,2636.0137,2649.26,-50.0,0.023233,0,,12-10d4d0c2,long
1789833896.388,1f71bc15,e739a94f-1c8c-47cb-9e22-4d1b4c1a6de5,exit,ETH/USD,sell,limit,0,1,0.01840385,2635.26,2636.4,4.324,0.145497,0,tier trail,12-10d4d0c2,
1789841526.891,c851a5e7,a961add5-c210-47b4-b823-7d701ddc4668,entry,BTC/USD,buy,limit,1,0,0.00019018,81392.8905,81801.9,-50.0,0.023219,0,,12-10d4d0c2,long
1789843155.812,f53fe331,628d806c-74d3-4f24-a3af-1251d85defb9,entry,ETH/USD,buy,limit,1,0,0.01374954,2643.3625,2643.48,-0.444,0.054518,0,,12-10d4d0c2,
1789862605.421,84a3baf9,37e6d8ca-4a8e-4645-a93b-cfe6c37ac3ca,entry,ETH/USD,buy,limit,1,0,0.02283704,2627.68,2627.31,1.408,0.090013,0,,12-10d4d0c2,
1789866235.886,c1cdd28b,505c96b2-3013-4d25-923d-5af1b8cbddea,exit,PAXG/USD,buy,limit,0,1,0.00809735,4364.71,4364.71,0.0,0.106028,0,tb_time,12-10d4d0c2,
1789872085.294,cebd04dc,628d806c-74d3-4f24-a3af-1251d85defb9,exit,ETH/USD,sell,limit,0,1,0.01374954,2604.57,2604.15,-1.613,0.107435,0,tb_sl,12-10d4d0c2,
1789872297.625,28049748,37e6d8ca-4a8e-4645-a93b-cfe6c37ac3ca,exit,ETH/USD,sell,limit,0,1,0.02283703,2588.16,2587.02,-4.407,0.177318,0,tb_sl,12-10d4d0c2,
1789872844.547,f684086e,274b3aa9-9ba7-4a9a-ae87-47bde8fd2c8f,exit,BTC/USD,sell,limit,0,1,0.00075328,80344.2,80356.9,1.58,0.181565,0,tb_sl,12-10d4d0c2,
1789877001.823,ccead9f5,fb158e7a-2610-487b-86dc-179640aea588,entry,BTC/USD,sell,limit,1,0,0.00050881,80412.3,80412.7,0.05,0.061372,0,,12-10d4d0c2,
1789905579.779,e77bdba7,ab92b769-7c7a-41ba-bba0-2a035adf9816,entry,ETH/USD,buy,limit,1,0,0.0195132,2578.42,2578.24,0.698,0.075470,0,,12-10d4d0c2,5m
1789918146.961,a863d9ab,ab92b769-7c7a-41ba-bba0-2a035adf9816,exit,ETH/USD,sell,limit,0,1,0.0195132,2592.8,2592.78,-0.077,0.151781,0,tier trail,12-10d4d0c2,
1789923778.786,6fa503f6,17f9141e-d3ca-4f5c-ae54-aced600b293c,entry,LINK/USD,buy,limit,1,0,2.80478224,12.577656,12.58355,-4.684,0.052916,0,,12-10d4d0c2,5m
1789925044.321,0c38586d,811470f1-db9a-46c9-bac2-cb0bf2b6cc3c,entry,ETH/USD,buy,limit,1,0,0.0058663,2625.95425,2639.15,-50.0,0.023107,0,,12-10d4d0c2,long
1789938662.258,ec923fc3,a961add5-c210-47b4-b823-7d701ddc4668,entry,BTC/USD,buy,limit,1,0,0.00019073,80724.947,81130.6,-50.0,0.023095,0,,12-10d4d0c2,long
1789938667.258,398e4733,17f9141e-d3ca-4f5c-ae54-aced600b293c,exit,LINK/USD,sell,limit,0,1,2.80478224,12.34316,12.36637,18.769,0.103860,0,tb_sl,12-10d4d0c2,
1789949203.536,f6a38591,fb158e7a-2610-487b-86dc-179640aea588,exit,BTC/USD,buy,limit,0,1,0.00050881,81555,81567.7,-1.557,0.124488,0,tb_sl,12-10d4d0c2,
1789952481.151,3045bd54,58da200e-93aa-42b9-8f27-e85c5092c097,entry,LINK/USD,buy,limit,1,0,2.77861148,12.70303,12.70207,0.756,0.052945,0,,12-10d4d0c2,5m
1789952491.152,b51be84f,58da200e-93aa-42b9-8f27-e85c5092c097-r1,entry,LINK/USD,buy,limit,1,0,1.94502804,12.69224166,12.70207,-7.738,0.037030,0,,12-10d4d0c2,5m
1789955768.482,45405973,58da200e-93aa-42b9-8f27-e85c5092c097,exit,LINK/USD,sell,limit,0,1,2.77861148,12.46945,12.47965,8.173,0.103943,0,tb_sl,12-10d4d0c2,
1789955778.482,b41dce66,58da200e-93aa-42b9-8f27-e85c5092c097-r1,exit,LINK/USD,sell,limit,0,1,1.94502804,12.45643,12.46945,10.442,0.072684,0,tb_sl,12-10d4d0c2,
1789978025.164,c015b75b,abc99469-0343-4238-a8b4-6ccd36b48707,entry,PAXG/USD,buy,limit,1,0,0.00918908,4344.66,4342.71,4.49,0.059885,0,,12-10d4d0c2,5m
1789987243.745,59b83ec7,a961add5-c210-47b4-b823-7d701ddc4668,exit,BTC/USD,sell,limit,0,1,0.00038091,84142.9,84147.1,0.499,0.096153,0,tier trail,12-10d4d0c2,
1790000330.583,f1523a4a,4898a20a-6601-4fcd-84ba-afcccc86996b,entry,PAXG/USD,buy,limit,1,0,0.01570911,4335.26,4335.51,-0.577,0.102155,0,,12-10d4d0c2,5m
1790012894.746,cc12f91c,811470f1-db9a-46c9-bac2-cb0bf2b6cc3c,entry,ETH/USD,buy,limit,1,0,0.0056184,2739.16535,2752.93,-50.0,0.023085,0,,12-10d4d0c2,long
1790012899.746,32f667cd,811470f1-db9a-46c9-bac2-cb0bf2b6cc3c,exit,ETH/USD,sell,limit,0,1,0.0114847,2738.75,2738.78,0.11,0.094361,0,tier trail,12-10d4d0c2,
1790026205.359,cefe8ef6,4dd8c988-8274-4242-b7fd-92a4d1437152,entry,ETH/USD,buy,limit,1,0,0.01274427,2769.2325,2769.41,-0.641,0.052938,0,,12-10d4d0c2,5m
1790037631.255,eec5081c,31802cde-0485-401b-9ce8-1f452bd7ab99,entry,BTC/USD,buy,limit,1,0,0.00017844,86214.4615,86647.7,-50.0,0.023076,0,,12-10d4d0c2,long
1790041798.833,4fa8bd90,3f9222d2-82c2-460b-a2ab-01e3134f3815,entry,PAXG/USD,sell,limit,1,0,0.01380897,4342.21,4345,6.421,0.089942,0,,12-10d4d0c2,5m
1790046717.735,42874052,4dd8c988-8274-4242-b7fd-92a4d1437152,exit,ETH/USD,sell,limit,0,1,0.01274427,2725.42,2725.43,0.037,0.104200,0,tb_sl,12-10d4d0c2,
1790058361.844,d5906bbe,085fafb8-139d-4952-b7b1-d9665820c0d7,entry,PAXG/USD,sell,limit,1,0,0.01389065,4318.62,4319.45,1.922,0.089983,0,,12-10d4d0c2,5m
1790066496.769,35212c80,3f9222d2-82c2-460b-a2ab-01e3134f3815,exit,PAXG/USD,buy,limit,0,1,0.01380897,4317.21,4313.6,8.369,0.178849,0,tier trail,12-10d4d0c2,
1790080929.542,c71bc3b8,a8fee2cb-0429-46cb-9832-b5727a394946,entry,ETH/USD,buy,limit,1,0,0.02182945,2748.334,2748.58,-0.895,0.089992,0,,12-10d4d0c2,5m
1790106938.433,f54489fb,df90faec-9a8d-4c2a-969c-fb0f6cfc5685,entry,ETH/USD,buy,limit,1,0,0.00559928,2745.3841,2759.18,-50.0,0.023058,0,,12-10d4d0c2,long
1790107608.178,82b156b2,abc99469-0343-4238-a8b4-6ccd36b48707,exit,PAXG/USD,sell,limit,0,1,0.00918908,4358.29,4360.25,4.495,0.120146,0,tb_time,12-10d4d0c2,
1790119262.731,6f38dbee,a8fee2cb-0429-46cb-9832-b5727a394946,exit,ETH/USD,sell,limit,0,1,0.02182945,2762.59,2762.7,0.398,0.180917,0,tier trail,12-10d4d0c2,
1790119507.748,4b4efbd9,c717c7af-0f33-4b1f-a2fd-edf57049b4bf,entry,BTC/USD,buy,limit,1,0,0.00072081,86308.3,86308.5,-0.023,0.093318,0,,12-10d4d0c2,5m
1790129930.715,5bf52f66,4898a20a-6601-4fcd-84ba-afcccc86996b,exit,PAXG/USD,sell,limit,0,1,0.01570911,4332.83,4333.01,0.415,0.204195,0,tb_time,12-10d4d0c2,
1790131613.947,edc3927c,1c86bc9c-9526-4d4f-9d82-ae6948adc0b6,entry,LINK/USD,buy,limit,1,0,4.60719444,13.0276,13.02311,3.448,0.090031,0,,12-10d4d0c2,5m
1790136035.491,d80219f7,1c86bc9c-9526-4d4f-9d82-ae6948adc0b6,exit,LINK/USD,sell,limit,0,1,4.60719444,13.13482,13.13857,2.854,0.181544,0,tier trail,12-10d4d0c2,
1790136642.053,12431e79,a73c9e9c-c645-4413-b592-81d923e7166e,entry,ETH/USD,buy,limit,1,0,0.02162364,2775.58,2774.74,3.027,0.090027,0,,12-10d4d0c2,5m
1790140941.994,3e60daec,c717c7af-0f33-4b1f-a2fd-edf57049b4bf,exit,BTC/USD,sell,limit,0,1,0.00072081,86771.4,86771.4,-0.0,0.187637,0,tier trail,12-10d4d0c2,
1790148867.005,ab99efa8,31802cde-0485-401b-9ce8-1f452bd7ab99,entry,BTC/USD,buy,limit,1,0,0.0001781,86284.41,86718,-50.0,0.023051,0,,12-10d4d0c2,long
1790150008.22,cb96f8c5,8977d83a-1c89-416f-9a28-a389f58643c2,entry,BTC/USD,buy,limit,1,0,0.00070981,86164,86164,0.0,0.091740,0,,12-10d4d0c2,5m
1790153382.374,d61b6eee,a73c9e9c-c645-4413-b592-81d923e7166e,exit,ETH/USD,sell,limit,0,1,0.02162364,2734.050628,2734.41,1.314,0.177360,0,tb_sl,12-10d4d0c2,
1790167236.28,be0fd034,31802cde-0485-401b-9ce8-1f452bd7ab99,exit,BTC/USD,sell,limit,0,1,0.00035654,85475,85504.4,3.438,0.091426,0,"stale loser 36h, regime against",12-10d4d0c2,
1790168658.195,62225fa9,ce434ce9-ec3f-41c0-8f4d-c2ee5fd12fb1,entry,ETH/USD,buy,limit,0,0,0.02208919,2715.45,2716.26,-2.982,0.179946,0,,12-10d4d0c2,5m
1790172699.999,c0ec0824,8977d83a-1c89-416f-9a28-a389f58643c2,exit,BTC/USD,sell,limit,0,1,0.0007098,84927.9,84917.5,-1.225,0.180845,0,tb_sl,12-10d4d0c2,
1790172799.689,79fb3e39,ce434ce9-ec3f-41c0-8f4d-c2ee5fd12fb1,exit,ETH/USD,sell,limit,0,1,0.02208919,2664.4,2657.53,-25.851,0.176563,0,tb_sl,12-10d4d0c2,
1790175200.814,0f9d5c7f,085fafb8-139d-4952-b7b1-d9665820c0d7,exit,PAXG/USD,buy,limit,0,1,0.01389065,4291.82,4291,1.911,0.178849,0,tier trail,12-10d4d0c2,
