position_id,asset,side,ret_1_dir,ret_6_dir,ret_12_dir,ret_48_dir,sigma_bar_pct,vol_percentile,imbalance_dir,spread_bps,depth_log,fv_edge_bps,basis_dir,volume_z,funding_dir,mom_dir,drawdown_pct,regime_bull_quiet,regime_bull_vol,regime_range,regime_bear,regime_crisis,corr_fast,corr_shift,turbulence_pct,sent_dir,sent_fear,fear_greed,dominance_delta,equity_risk_z,hour_sin,hour_cos,weekend,imbalance_delta_dir,other_ret_6_dir,depth_ratio,mtf_align,pd_zone,liq_pocket_pull,fvg_pull,fvg_liq_confluence,poc_dist,va_pos,regime_age,funding_dist,venue_disloc_dir,th_grid,th_metronome,th_clockwork,th_stopzone,th_barclose,opt_pcr_z,opt_oi_pcr_z,opt_iv_skew,manip_suspect,pat_engulf_dir,pat_hammer_dir,pat_marubozu_dir,direction,gate_confidence,label,net_pnl_usd,source,ts,signal_ts
ee76e4ed-6846-4bbd-9a81-f802aa549810,ETH,short,-0.429110,-0.167218,0.461038,-0.336043,0.143860,0.430000,0.507542,0.005614,0.838660,0.000000,0.007632,-0.825301,-0.039343,0.333333,0.465007,0.000000,0.000000,1.000000,0.000000,0.000000,0.840021,-0.030309,0.140000,-0.002765,0.000000,0.280000,0.000000,0.000000,0.346117,-0.938191,0.000000,-0.019874,-0.023312,1.000000,0.000000,0.396522,0.872086,0.000000,0.000000,0.038133,0.000000,0.500000,0.500000,0.000000,0.000000,0.000000,0.000000,0.000000,0.000000,0.000000,0.000000,0.000000,0.000000,-0.000000,-0.000000,-0.000000,-1.000000,0.875000,1,0.04,live,1783946147,
0b5b32e4-bbcf-4305-931b-5cb2e5e40502,ETH,short,-1.039931,-0.152125,-0.198197,-0.231192,0.143013,0.426667,0.321890,0.005611,0.816531,0.030997,0.502698,-0.290338,-0.037287,0.333333,0.466066,0.000000,0.000000,1.000000,0.000000,0.000000,0.907067,0.046160,0.184000,-0.002641,0.000000,0.280000,-0.020116,0.000000,0.233445,-0.972370,0.000000,0.131078,0.024265,0.852464,0.000000,0.429495,0.863350,0.000000,0.000000,0.033655,0.000000,0.500000,0.500000,0.000000,0.000000,0.000000,0.000000,0.000000,0.000000,0.000000,0.000000,0.000000,0.000000,-0.000000,-0.000000,-0.000000,-1.000000,0.750000,1,0.04,live,1783946147,
e40da03e-e570-47dc-b072-e92532f69dc0,BTC,short,0.431259,0.939699,0.530137,0.424693,0.077828,0.216667,0.633902,0.001591,0.888107,0.000000,-0.225555,0.162171,-0.005073,1.000000,0.349386,0.000000,0.000000,1.000000,0.000000,0.000000,0.884659,0.050104,0.104000,-0.002486,0.000000,0.280000,0.000904,0.000000,-0.017452,-0.999848,0.000000,-0.119568,0.165098,1.361136,0.000000,0.057857,0.987113,0.000000,0.000000,0.017815,0.000000,0.500000,0.500000,0.000000,0.000000,0.000000,0.000000,0.000000,0.000000,0.000000,0.000000,0.000000,0.000000,-0.000000,-0.000000,-0.000000,-1.000000,1.000000,1,0.01,live,1783946276,
814af010-1e31-40af-af17-16708d7dde77,BTC,short,-0.925042,0.707569,1.195754,0.757460,0.077501,0.216667,0.095012,0.001593,0.900865,0.000000,-0.040229,-0.170983,-0.014499,1.000000,0.349386,0.000000,0.000000,1.000000,0.000000,0.000000,0.788735,-0.035122,0.104000,-0.001884,0.000000,0.280000,-0.014310,0.000000,-0.121869,-0.992546,0.000000,-0.798132,0.021913,1.637439,0.000000,0.108738,0.970272,0.000000,0.000000,-0.055614,0.000000,0.500000,0.500000,0.000000,0.000000,0.000000,0.000000,0.000000,0.000000,0.000000,0.000000,0.000000,0.000000,-0.000000,-0.000000,-0.000000,-1.000000,0.875000,1,0.01,live,1783948235,
013d03a7-e867-4991-9da0-b0c6e3c92eef,BTC,short,0.116496,0.819168,1.285602,1.768435,0.075523,0.210000,-0.014472,0.001600,0.903274,0.000000,-0.118152,-0.068795,-0.054492,1.000000,0.352677,0.000000,0.000000,1.000000,0.000000,0.000000,0.897288,0.076356,0.136000,0.000964,0.000000,0.280000,-0.017396,0.000000,-0.378649,-0.925541,0.000000,-1.039165,0.136142,1.851124,0.000000,0.206914,0.914147,0.000000,0.000000,-0.146677,-0.056431,0.500000,0.500000,0.000000,0.000000,0.000000,0.000000,0.000000,0.000000,0.000000,0.000000,0.000000,0.000000,-0.000000,-0.000000,-0.000000,-1.000000,0.875000,1,0.02,live,1783950690,
8ba179b8-31bc-458b-8c73-06ff25df676a,ETH,long,0.415881,-2.133124,-1.777248,-1.409311,0.101900,0.210000,1.082443,0.033907,0.867316,0.000000,-0.093676,0.243231,0.032178,-0.333333,0.465265,0.000000,0.000000,1.000000,0.000000,0.000000,0.732869,-0.071463,0.104000,-0.001397,0.000000,0.280000,-0.009758,0.000000,-0.186524,-0.982450,0.000000,1.299099,-0.349273,2.198137,0.000000,0.184853,0.572353,0.964127,0.000000,-0.092643,-0.072704,0.500000,0.500000,0.000000,0.000000,0.000000,0.000000,0.000000,0.000000,0.000000,0.000000,0.000000,0.000000,0.000000,0.000000,0.000000,1.000000,0.875000,1,0.04,live,1783955901,
3a198913-101a-43fe-b74f-031b2cbc5e6d,ETH,short,1.336504,0.246650,1.718435,1.532024,0.101024,0.210000,0.253340,0.022621,0.770150,0.000000,-0.150575,-0.259457,-0.031649,0.333333,0.468809,0.000000,0.000000,1.000000,0.000000,0.000000,0.828575,0.016405,0.136000,0.003415,0.000000,0.280000,0.001318,0.000000,-0.309017,-0.951057,0.000000,-0.275189,0.113512,0.540170,0.000000,0.170795,0.925944,0.000000,0.000000,-0.014627,0.000000,0.500000,0.500000,0.000000,0.000000,0.000000,0.000000,0.000000,0.000000,0.000000,0.000000,0.000000,0.000000,-0.000000,-0.000000,-0.000000,-1.000000,0.875000,1,0.04,live,1783965486,
fc5f7f61-bb0a-4d50-bf68-9d9ea6a85c5d,BTC,long,0.031330,0.103043,-0.096957,0.630310,0.091106,0.303333,1.056436,0.001586,0.889597,-0.000987,-0.000533,-1.188575,-0.004804,-1.000000,0.347429,0.000000,0.000000,1.000000,0.000000,0.000000,0.846276,-0.032533,0.140000,0.002765,0.000000,0.280000,0.000000,0.000000,0.342020,-0.939693,0.000000,0.000000,0.036472,1.243818,1.000000,0.652052,0.901422,0.000000,0.000000,0.078940,0.017237,0.500000,0.500000,0.000000,0.000000,0.000000,0.000000,0.000000,0.000000,0.000000,0.000000,0.000000,0.000000,0.000000,0.000000,0.000000,1.000000,0.750000,0,-0.33,live,1783965554,
953bfb61-ac95-4d48-9133-eb74d29e395d,ETH,long,-1.480070,0.259285,1.529384,0.056353,0.119321,0.296667,1.084618,0.067354,0.779404,0.000000,0.497264,-0.669204,0.006489,-0.333333,0.467482,0.000000,0.000000,1.000000,0.000000,0.000000,0.807851,-0.048858,0.156000,0.003260,0.000000,0.280000,0.002571,0.000000,-0.788011,-0.615661,0.000000,0.867962,0.005736,0.876680,1.000000,0.850100,0.930044,0.000000,0.000000,0.140802,0.013659,0.500000,0.500000,0.000000,0.000000,0.000000,0.000000,0.000000,0.000000,0.000000,0.000000,0.000000,0.000000,0.000000,0.000000,0.000000,1.000000,0.875000,0,-0.32,live,1783966795,
faf7f82a-e8dd-4760-b54d-a56017c00197,BTC,short,2.236931,2.588583,2.188736,2.470407,0.084105,0.266667,0.380261,0.001610,0.883069,0.000000,-0.608319,1.903001,-0.068329,1.000000,0.352677,0.000000,0.000000,1.000000,0.000000,0.000000,0.862615,0.034879,0.136000,-0.001785,0.000000,0.280000,-0.024321,0.000000,-0.469472,-0.882948,0.000000,-0.095743,0.251901,1.241286,0.000000,0.043562,0.976950,0.000000,0.000000,-0.246490,-0.134020,0.500000,0.500000,0.000000,0.000000,0.000000,0.000000,0.000000,0.000000,0.000000,0.000000,0.000000,0.000000,-0.000000,-0.000000,-0.000000,-1.000000,1.000000,1,0.03,live,1783966842,
cand-1,ETH,short,-0.545938,-0.214915,0.427145,-0.352827,0.143901,0.430000,0.889786,0.005612,0.852458,0.005315,0.147547,-0.948205,-0.039488,0.333333,0.465007,0.000000,0.000000,1.000000,0.000000,0.000000,0.808053,-0.042632,0.140000,-0.002765,0.000000,0.280000,0.000000,0.000000,0.350207,-0.936672,0.000000,-0.000000,-0.047095,1.350973,0.000000,0.413913,0.866498,0.000000,0.000000,0.041493,0.000000,0.500000,0.500000,0.000000,0.000000,0.000000,0.000000,0.000000,0.000000,0.000000,0.000000,0.000000,0.000000,-0.000000,-0.000000,-0.000000,-1.000000,0.875000,1,0.00,candidate,1783968013,
cand-2,BTC,long,0.031330,0.103043,-0.096957,0.630310,0.091106,0.303333,1.056436,0.001586,0.889597,-0.000987,-0.000533,-1.188575,-0.004804,-1.000000,0.347429,0.000000,0.000000,1.000000,0.000000,0.000000,0.846276,-0.032533,0.140000,0.002765,0.000000,0.280000,0.000000,0.000000,0.342020,-0.939693,0.000000,0.000000,0.036472,1.243818,1.000000,0.652052,0.901422,0.000000,0.000000,0.078940,0.017237,0.500000,0.500000,0.000000,0.000000,0.000000,0.000000,0.000000,0.000000,0.000000,0.000000,0.000000,0.000000,0.000000,0.000000,0.000000,1.000000,0.750000,0,0.00,candidate,1783968324,
cand-3,ETH,short,-0.066905,-0.085164,0.409700,-0.249671,0.142565,0.426667,0.390839,0.005612,0.839678,0.021814,0.192756,-1.125861,-0.039124,0.333333,0.465007,0.000000,0.000000,1.000000,0.000000,0.000000,0.866552,-0.025928,0.140000,-0.002765,0.000000,0.280000,0.000000,0.000000,0.337917,-0.941176,0.000000,-0.116704,-0.023947,0.994125,0.000000,0.391884,0.873577,0.000000,0.000000,0.037237,0.000000,0.500000,0.500000,0.000000,0.000000,0.000000,0.000000,0.000000,0.000000,0.000000,0.000000,0.000000,0.000000,-0.000000,-0.000000,-0.000000,-1.000000,0.750000,1,0.00,candidate,1783968324,
cand-4,BTC,short,2.571064,0.961566,0.845636,-0.239529,0.093367,0.350000,1.069019,0.001590,0.858869,-2.011387,-2.362906,2.566451,0.004472,1.000000,0.347429,0.000000,0.000000,1.000000,0.000000,0.000000,0.826928,0.094044,0.140000,-0.002765,0.000000,0.280000,0.000000,0.000000,0.333807,-0.942641,0.000000,1.370044,0.140403,0.878864,0.000000,0.366604,0.895884,0.000000,0.000000,-0.010754,0.000000,0.500000,0.500000,0.000000,0.000000,0.000000,0.000000,0.000000,0.000000,0.000000,0.000000,0.000000,0.000000,-0.000000,-0.000000,-0.000000,-1.000000,0.750000,1,0.00,candidate,1783968324,
cand-5,BTC,short,0.467263,1.532080,1.032310,-0.211875,0.093247,0.350000,0.607899,0.001591,0.930319,0.000000,-0.377908,0.408521,0.005139,1.000000,0.347429,0.000000,0.000000,1.000000,0.000000,0.000000,0.842156,0.055874,0.140000,-0.002765,0.000000,0.280000,-0.014357,0.000000,0.317305,-0.948324,0.000000,-0.285321,0.412244,2.627707,0.000000,0.295709,0.915968,0.000000,0.000000,-0.022848,0.000000,0.500000,0.500000,0.000000,0.000000,0.000000,0.000000,0.000000,0.000000,0.000000,0.000000,0.000000,0.000000,-0.000000,-0.000000,-0.000000,-1.000000,1.000000,1,0.00,candidate,1783968606,
cand-6,BTC,short,-0.275982,0.898922,0.778889,-0.377118,0.093295,0.350000,0.560236,0.001590,0.842114,0.000000,0.233583,-0.751368,0.006481,1.000000,0.347429,0.000000,0.000000,1.000000,0.000000,0.000000,0.886175,0.058473,0.140000,-0.002706,0.000000,0.280000,-0.014357,0.000000,0.296542,-0.955020,0.000000,-0.047664,0.202725,0.696402,0.000000,0.395522,0.887699,0.000000,0.000000,-0.005825,0.000000,0.500000,0.500000,0.000000,0.000000,0.000000,0.000000,0.000000,0.000000,0.000000,0.000000,0.000000,0.000000,-0.000000,-0.000000,-0.000000,-1.000000,0.750000,1,0.00,candidate,1783968930,
cand-7,ETH,short,-0.141778,0.319740,0.602725,-0.134797,0.142701,0.426667,0.617432,0.005623,0.827989,0.029985,0.065771,-1.291930,-0.036782,0.333333,0.466066,0.000000,0.000000,1.000000,0.000000,0.000000,0.429769,-0.042986,0.184000,-0.002641,0.000000,0.280000,0.000000,0.000000,0.275637,-0.961262,0.000000,-0.000000,0.242922,0.927219,0.000000,0.228406,0.926199,0.000000,0.000000,-0.010150,0.000000,0.500000,0.500000,0.000000,0.000000,0.000000,0.000000,0.000000,0.000000,0.000000,0.000000,0.000000,0.000000,-0.000000,-0.000000,-0.000000,-1.000000,0.750000,1,0.00,candidate,1783969212,
cand-8,BTC,short,-0.832466,1.273823,0.916859,-0.375247,0.093635,0.350000,0.523381,0.001591,0.863009,0.000000,0.226199,-0.990009,0.005891,1.000000,0.349221,0.000000,0.000000,1.000000,0.000000,0.000000,0.910072,0.023542,0.184000,-0.002641,0.000000,0.280000,0.000000,0.000000,0.258819,-0.965926,0.000000,-0.000000,0.041550,1.082446,0.000000,0.310554,0.913283,0.000000,0.000000,-0.026268,0.000000,0.500000,0.500000,0.000000,0.000000,0.000000,0.000000,0.000000,0.000000,0.000000,0.000000,0.000000,0.000000,-0.000000,-0.000000,-0.000000,-1.000000,0.875000,1,0.00,candidate,1783969524,
cand-9,BTC,long,1.956051,-0.797078,-0.579570,0.534570,0.094694,0.360000,1.213284,0.001590,0.903543,0.000000,-0.240312,-0.048603,-0.005460,-1.000000,0.349221,0.000000,0.000000,1.000000,0.000000,0.000000,0.832900,0.013367,0.184000,0.002641,0.000000,0.280000,0.000000,0.000000,0.246153,-0.969231,0.000000,1.736665,0.026381,1.836785,0.000000,0.438686,0.843431,0.000000,0.000000,-0.004796,0.000000,0.500000,0.500000,0.000000,0.000000,0.000000,0.000000,0.000000,0.000000,0.000000,0.000000,0.000000,0.000000,0.000000,0.000000,0.000000,1.000000,0.875000,0,0.00,candidate,1783969524,
cand-10,BTC,long,1.700735,-0.103848,-0.012480,0.581920,0.095391,0.366667,0.991983,0.001587,0.881517,-0.188236,-0.691344,-0.077686,-0.004491,-1.000000,0.349221,0.000000,0.000000,1.000000,0.000000,0.000000,0.907067,0.046160,0.184000,0.002641,0.000000,0.280000,-0.020116,0.000000,0.233445,-0.972370,0.000000,-0.041628,0.053291,1.070069,0.000000,0.591984,0.892354,0.000000,0.000000,0.024428,0.017815,0.500000,0.500000,0.000000,0.000000,0.000000,0.000000,0.000000,0.000000,0.000000,0.000000,0.000000,0.000000,0.000000,0.000000,0.000000,1.000000,0.875000,0,0.00,candidate,1783969814,
cand-11,ETH,short,-1.039931,-0.152125,-0.198197,-0.231192,0.143013,0.426667,0.321890,0.005611,0.816531,0.030997,0.502698,-0.290338,-0.037287,0.333333,0.466066,0.000000,0.000000,1.000000,0.000000,0.000000,0.907067,0.046160,0.184000,-0.002641,0.000000,0.280000,-0.020116,0.000000,0.233445,-0.972370,0.000000,0.131078,0.024265,0.852464,0.000000,0.429495,0.863350,0.000000,0.000000,0.033655,0.000000,0.500000,0.500000,0.000000,0.000000,0.000000,0.000000,0.000000,0.000000,0.000000,0.000000,0.000000,0.000000,-0.000000,-0.000000,-0.000000,-1.000000,0.750000,1,0.00,candidate,1783969814,
cand-12,ETH,long,1.311746,0.263637,0.276867,0.270263,0.143299,0.426667,0.661154,0.005608,0.804662,-0.026403,-0.450282,0.632439,0.037397,-0.333333,0.466066,0.000000,0.000000,1.000000,0.000000,0.000000,0.879747,0.044246,0.184000,0.002641,0.000000,0.280000,-0.020116,0.000000,0.220697,-0.975342,0.000000,1.220630,0.051207,0.751964,0.000000,0.470623,0.831638,0.627958,0.000000,0.041490,0.000000,0.500000,0.500000,0.000000,0.000000,0.000000,0.000000,0.000000,0.000000,0.000000,0.000000,0.000000,0.000000,0.000000,0.000000,0.000000,1.000000,0.875000,0,0.00,candidate,1783969814,
5f55d0e5-8212-4d61-ad54-8ca7b8f5a028,BTC,long,0.210609,0.557616,1.168467,0.425266,0.085287,0.280000,0.406222,0.001605,0.890562,0.000000,0.218747,0.477663,0.063966,-1.000000,0.347965,0.000000,0.000000,1.000000,0.000000,0.000000,0.653244,-0.267957,0.000000,0.002813,0.000000,0.220000,0.006230,0.000000,0.156434,0.987688,0.000000,0.377690,0.288035,1.467113,1.000000,0.822654,0.941414,0.000000,0.000000,0.103112,0.045232,0.022624,0.923744,-0.564578,0.009000,0.000000,0.000000,0.240000,0.055000,0.000000,0.000000,-0.233918,0.000000,0.000000,-0.515194,0.126840,1.000000,1.000000,1,0.00,live,1783990541,1783990541
f847b360-518c-4c1a-971c-f5ac28820015,BTC,long,-0.132567,0.913773,-0.009568,1.625566,0.082056,0.243333,0.581397,0.001602,0.844062,0.000000,0.197470,-0.577691,0.044597,-0.333333,0.345535,0.000000,0.000000,1.000000,0.000000,0.000000,0.954420,0.063706,0.020000,0.002916,0.000000,0.220000,0.009373,0.000000,0.728371,0.685183,0.000000,0.502801,0.181551,0.773850,1.000000,0.801942,0.923850,0.000000,0.000000,-0.008315,0.000000,0.002177,0.608795,-0.529919,0.022000,0.000000,0.000000,0.344000,0.010000,0.000000,0.000000,-0.241502,0.000000,0.000000,-0.673523,-0.088010,1.000000,0.750000,1,0.02,live,1784005721,1784005721
cand-104,BTC,short,0.510702,-1.088245,-1.909962,-0.027009,0.085804,0.283333,0.753410,0.001607,0.832467,-0.268429,-0.317136,2.640484,-0.066323,1.000000,0.347965,0.000000,0.000000,1.000000,0.000000,0.000000,1.000000,0.000000,0.000000,-0.003204,0.000000,0.220000,0.000000,0.000000,0.021815,0.999762,0.000000,-0.000000,-0.467570,0.853307,-1.000000,0.872298,0.766774,0.974526,1.000000,0.081693,0.000000,0.001367,0.987518,0.427676,0.016000,0.000000,0.000000,0.644000,0.000000,0.000000,0.000000,0.000000,0.184344,-0.000000,0.176211,0.347275,-1.000000,0.875000,0,0.00,candidate,1784016334,1784016334
cand-105,ETH,long,0.128372,1.654828,2.148393,0.221877,0.122872,0.320000,1.040536,0.073122,0.773084,0.000000,-0.565019,-0.251828,0.013353,-0.333333,0.467491,0.000000,0.000000,1.000000,0.000000,0.000000,0.967215,-0.018735,0.000000,0.003204,0.000000,0.220000,0.000000,0.000000,0.052336,0.998630,0.000000,0.000000,0.320820,0.724062,1.000000,0.904203,0.952496,0.000000,0.000000,0.094053,0.000000,0.006047,0.973476,-0.685750,0.002000,0.000000,0.000000,0.944000,0.000000,0.000000,0.000000,0.000000,0.000000,0.000000,0.521461,0.082857,1.000000,0.750000,1,0.00,candidate,1784016619,1784016619
cand-106,BTC,long,0.554068,1.527390,1.708209,0.310377,0.085750,0.283333,0.124718,0.001604,0.879796,0.000000,-0.419794,-0.168110,0.066110,-1.000000,0.347965,0.000000,0.000000,1.000000,0.000000,0.000000,0.967215,-0.018735,0.000000,0.003204,0.000000,0.220000,0.000000,0.000000,0.052336,0.998630,0.000000,0.857458,0.498061,1.163773,1.000000,0.931545,0.981706,0.000000,0.000000,0.084297,0.035785,0.006047,0.973476,-0.890250,0.013000,0.000000,0.000000,0.955000,0.000000,0.000000,0.000000,0.000000,0.000000,0.540146,0.367989,0.392053,1.000000,1.000000,1,0.00,candidate,1784016619,1784016619
cand-107,ETH,long,1.738154,2.345287,2.423419,0.552787,0.124310,0.330000,0.373418,0.039401,0.783404,0.000000,0.354569,2.956010,0.012970,-0.333333,0.467491,0.000000,0.000000,1.000000,0.000000,0.000000,0.984945,-0.000299,0.000000,0.003204,0.000000,0.220000,0.020626,0.000000,0.065403,0.997859,0.000000,0.038972,0.513710,1.013775,1.000000,0.924616,0.957657,0.000000,0.000000,0.143681,0.039084,0.007862,0.968033,-0.534448,0.003000,0.000000,0.000000,0.081000,0.000000,0.000000,0.000000,0.000000,0.000000,0.000000,-0.137715,0.628900,1.000000,0.875000,0,0.00,candidate,1784016913,1784016913
cand-108,BTC,long,1.799197,2.411056,2.056747,0.583279,0.086983,0.286667,-0.016400,0.001604,0.834985,0.000000,0.309665,3.660888,0.066555,-1.000000,0.347965,0.000000,0.000000,1.000000,0.000000,0.000000,0.984945,-0.000299,0.000000,0.003204,0.000000,0.220000,0.020626,0.000000,0.065403,0.997859,0.000000,-1.178088,0.714132,0.644407,1.000000,0.911003,0.970626,0.000000,0.000000,0.115441,0.056322,0.007862,0.968033,-0.312653,0.010000,0.000000,0.000000,0.101000,0.000000,0.000000,0.000000,0.000000,0.000000,0.000000,-0.130073,0.639344,1.000000,1.000000,0,0.00,candidate,1784016913,1784016913
cand-109,BTC,long,-1.233075,1.169439,1.330671,0.677327,0.087235,0.290000,0.622332,0.001606,0.845900,0.000000,0.377275,0.145713,0.066060,-1.000000,0.347965,0.000000,0.000000,1.000000,0.000000,0.000000,0.987905,0.000477,0.000000,0.002819,0.000000,0.220000,0.020626,0.000000,0.087156,0.996195,0.000000,-0.166208,0.287981,0.759037,1.000000,0.802427,0.934719,0.000000,0.000000,0.094822,0.025401,0.011629,0.956731,-0.756028,0.022000,0.000000,0.000000,0.906000,0.000000,0.000000,0.000000,0.000000,0.000000,0.000000,0.077559,-0.721505,1.000000,0.875000,1,0.00,candidate,1784017230,1784017230
cand-110,ETH,long,-0.969057,0.946602,1.682930,0.601927,0.124200,0.330000,0.092640,0.101259,0.698084,-0.160845,-0.694088,0.258705,0.011998,-0.333333,0.467491,0.000000,0.000000,1.000000,0.000000,0.000000,0.987881,0.000315,0.000000,0.002819,0.000000,0.220000,0.020626,0.000000,0.091502,0.995805,0.000000,-0.280778,0.249887,0.320553,1.000000,0.853235,0.917463,0.000000,0.000000,0.119768,0.014980,0.011989,0.955651,-0.607185,0.002000,0.000000,0.000000,0.126000,0.000000,0.000000,0.000000,0.000000,0.000000,0.000000,0.091768,-0.697068,1.000000,0.875000,0,0.00,candidate,1784017230,1784017230
cand-111,BTC,long,0.795477,0.530371,1.249270,0.578344,0.087277,0.290000,1.056426,0.001605,0.894669,0.000000,-0.246182,0.220005,0.064288,-1.000000,0.347965,0.000000,0.000000,1.000000,0.000000,0.000000,0.881944,-0.084461,0.000000,0.002819,0.000000,0.220000,-0.016531,0.000000,0.104528,0.994522,0.000000,-0.174312,0.287981,1.577478,1.000000,0.872492,0.957899,0.000000,0.000000,0.108637,0.039309,0.014524,0.948044,-0.818394,0.018000,0.000000,0.000000,0.205000,0.000000,0.000000,0.000000,0.000000,0.000000,0.000000,0.265029,0.381963,1.000000,1.000000,1,0.00,candidate,1784017514,1784017514
cand-112,BTC,long,-0.781169,0.259083,1.123876,0.424036,0.086207,0.283333,1.179738,0.001605,0.840059,0.000000,-0.056885,0.347243,0.064590,-1.000000,0.347965,0.000000,0.000000,1.000000,0.000000,0.000000,0.784117,-0.159530,0.000000,0.002819,0.000000,0.220000,-0.016531,0.000000,0.139173,0.990268,0.000000,1.140661,0.106936,0.724885,1.000000,0.804531,0.935415,0.000000,0.000000,0.094618,0.023391,0.019922,0.931852,-0.573991,0.018000,0.000000,0.000000,0.282000,0.000000,0.000000,0.000000,0.000000,0.000000,0.000000,0.330335,-0.425253,1.000000,0.875000,1,0.00,candidate,1784017841,1784017841
cand-113,ETH,long,-0.486160,0.352725,1.487297,0.569486,0.123769,0.330000,0.804317,0.045016,0.815101,0.000000,0.032066,0.236109,0.008859,-0.333333,0.467491,0.000000,0.000000,1.000000,0.000000,0.000000,0.784111,-0.160049,0.000000,0.002819,0.000000,0.220000,-0.016531,0.000000,0.143493,0.989651,0.000000,0.097649,0.054709,1.834029,1.000000,0.877919,0.931373,0.000000,0.000000,0.128043,0.023315,0.020281,0.930774,-0.621399,0.011000,0.000000,0.000000,0.066000,0.000000,0.000000,0.000000,0.000000,0.000000,0.000000,0.460605,-0.321321,1.000000,1.000000,0,0.00,candidate,1784017841,1784017841
cand-114,BTC,long,0.210609,0.557616,1.168467,0.425266,0.085287,0.280000,0.406222,0.001605,0.890562,0.000000,0.218747,0.477663,0.063966,-1.000000,0.347965,0.000000,0.000000,1.000000,0.000000,0.000000,0.653244,-0.267957,0.000000,0.002813,0.000000,0.220000,0.006230,0.000000,0.156434,0.987688,0.000000,0.377690,0.288035,1.467113,1.000000,0.822654,0.941414,0.000000,0.000000,0.103112,0.045232,0.022624,0.923744,-0.564578,0.009000,0.000000,0.000000,0.240000,0.055000,0.000000,0.000000,-0.233918,0.000000,0.000000,-0.515194,0.126840,1.000000,1.000000,1,0.00,candidate,1784018125,1784018125
cand-115,BTC,short,-0.210609,-0.557616,-1.168467,-0.425266,0.085287,0.280000,0.776395,0.001605,0.859246,-0.000324,-0.344742,0.477663,-0.063839,1.000000,0.347965,0.000000,0.000000,1.000000,0.000000,0.000000,0.650746,-0.272073,0.000000,-0.002813,0.000000,0.220000,0.006230,0.000000,0.165048,0.986286,0.000000,1.182616,-0.288035,0.917177,-1.000000,0.822654,0.728238,0.890873,1.000000,0.103112,0.045232,0.023703,0.920508,0.460554,0.010000,0.000000,0.000000,0.307000,0.047000,0.000000,0.000000,-0.233918,0.000000,-0.000000,0.515194,-0.126840,-1.000000,1.000000,0,0.00,candidate,1784018125,1784018125
cand-116,ETH,long,1.087796,0.948120,1.758723,0.760851,0.124024,0.330000,0.371247,0.078714,0.792471,0.000000,0.314135,1.953351,0.007855,-0.333333,0.467491,0.000000,0.000000,1.000000,0.000000,0.000000,0.650014,-0.273327,0.000000,0.002813,0.000000,0.220000,0.006230,0.000000,0.165048,0.986286,0.000000,0.434135,0.116492,1.329015,1.000000,0.908861,0.946071,0.000000,0.000000,0.161450,0.052042,0.024063,0.919429,-0.410271,0.005000,0.000000,0.000000,0.269000,0.000000,0.000000,0.000000,-0.233918,0.000000,1.000000,-0.297521,0.454545,1.000000,0.875000,0,0.00,candidate,1784018125,1784018125
cand-117,ETH,long,-0.198851,0.812913,1.731365,0.712638,0.124316,0.330000,1.093004,0.005619,0.776670,0.000000,-0.293659,-0.049785,0.007630,-0.333333,0.467491,0.000000,0.000000,1.000000,0.000000,0.000000,0.659609,-0.264739,0.000000,0.002813,0.000000,0.220000,0.006230,0.000000,0.173648,0.984808,0.000000,0.721757,0.031127,1.061823,1.000000,0.894937,0.937817,0.000000,0.000000,0.156545,0.047085,0.025503,0.915110,-0.443704,0.003000,0.000000,0.000000,0.850000,0.003000,0.000000,0.000000,-0.233918,0.000000,0.000000,-0.369377,-0.112565,1.000000,0.875000,0,0.00,candidate,1784018410,1784018410
cand-118,ETH,long,0.684337,0.557144,1.064308,1.014633,0.124015,0.330000,0.077288,0.084241,0.782581,0.000000,-0.333214,-0.731975,0.006861,-0.333333,0.467491,0.000000,0.000000,1.000000,0.000000,0.000000,0.880320,-0.054306,0.000000,0.002522,0.000000,0.220000,-0.003129,0.000000,0.224951,0.974370,0.000000,-0.082887,0.010425,1.024623,1.000000,0.904747,0.943633,0.000000,0.000000,0.160001,0.050577,0.033551,0.890966,-0.533239,0.008000,0.000000,0.000000,0.641000,0.000000,0.000000,0.000000,-0.233918,0.000000,0.629167,-0.063744,0.747525,1.000000,0.750000,0,0.00,candidate,1784019003,1784019003
cand-119,BTC,long,1.238840,0.049861,0.880356,0.761598,0.085358,0.280000,0.616038,0.001604,0.869010,-0.025998,-0.307897,-0.466435,0.063253,-1.000000,0.347965,0.000000,0.000000,1.000000,0.000000,0.000000,0.880469,-0.055479,0.000000,0.002522,0.000000,0.220000,-0.003129,0.000000,0.233445,0.972370,0.000000,1.015008,0.169245,1.082064,1.000000,0.812945,0.938201,0.000000,0.000000,0.101197,0.052267,0.034991,0.886643,-0.560445,0.015000,0.000000,0.000000,0.000000,0.037000,0.000000,0.000000,-0.233918,0.000000,0.680785,-0.015540,0.874005,1.000000,0.875000,1,0.00,candidate,1784019003,1784019003
cand-120,BTC,long,1.089377,0.162024,0.498735,0.740482,0.085201,0.280000,0.922274,0.001598,0.852924,-3.048043,-3.697100,-0.596931,0.063210,-1.000000,0.347965,0.000000,0.000000,1.000000,0.000000,0.000000,0.830536,-0.033415,0.000000,0.002522,0.000000,0.220000,-0.004065,0.000000,0.237686,0.971342,0.000000,0.306236,0.238641,0.850090,1.000000,0.906634,0.969182,0.000000,0.000000,0.119658,0.079868,0.035720,0.884457,-0.290719,0.025000,0.000000,0.000000,0.406000,0.065000,0.000000,0.000000,-0.233918,0.000000,0.000000,0.047666,0.780323,1.000000,0.875000,1,0.00,candidate,1784019333,1784019333
cand-121,ETH,long,1.384704,0.787983,1.064401,1.109795,0.123638,0.330000,0.072208,0.005608,0.817303,0.000000,-0.151051,0.687866,0.007814,-0.333333,0.467491,0.000000,0.000000,1.000000,0.000000,0.000000,0.829087,-0.036317,0.000000,0.002522,0.000000,0.220000,-0.004065,0.000000,0.246153,0.969231,0.000000,-0.623194,0.033814,1.562230,1.000000,0.990918,0.994579,0.000000,0.000000,0.310867,0.133467,0.036803,0.881207,-0.745292,0.005000,0.000000,0.000000,0.951000,0.000000,0.000000,0.000000,-0.233918,0.000000,0.000000,0.001851,0.830601,1.000000,1.000000,0,0.00,candidate,1784019333,1784019333
cand-122,ETH,long,0.984752,1.385176,1.228255,1.224271,0.124080,0.330000,1.012005,0.072882,0.818759,0.000000,-0.079411,4.500731,0.007291,-0.333333,0.467491,0.000000,0.000000,1.000000,0.000000,0.000000,0.880690,0.002601,0.000000,0.002522,0.000000,0.220000,-0.004065,0.000000,0.258819,0.965926,0.000000,0.527255,0.281573,1.517665,1.000000,0.906217,0.934649,0.000000,0.000000,0.204223,0.117271,0.038964,0.874727,-0.549120,0.012000,0.000000,0.000000,0.000000,0.000000,0.000000,0.000000,-0.233918,0.000000,0.000000,-0.321895,0.356209,1.000000,1.000000,0,0.00,candidate,1784019604,1784019604
cand-123,BTC,long,2.075486,1.322388,1.116751,0.918497,0.086927,0.283333,1.047039,0.001600,0.878290,0.000000,-0.258432,5.000000,0.062493,-1.000000,0.347965,0.000000,0.000000,1.000000,0.000000,0.000000,0.880690,0.002601,0.000000,0.002522,0.000000,0.220000,-0.004065,0.000000,0.258819,0.965926,0.000000,0.917404,0.421001,1.182315,1.000000,0.840200,0.931758,0.000000,0.000000,0.157432,0.049866,0.038964,0.874727,-0.282451,0.008000,0.000000,0.000000,0.932000,0.048000,0.000000,0.000000,-0.233918,0.000000,0.000000,-0.244993,0.439205,1.000000,0.875000,0,0.00,candidate,1784019604,1784019604
cand-124,ETH,short,-0.984752,-1.385176,-1.228255,-1.224271,0.124080,0.330000,0.835210,0.078500,0.774382,0.000000,0.157491,4.500731,-0.006367,0.333333,0.464694,0.000000,0.000000,1.000000,0.000000,0.000000,0.881077,-0.000078,0.012000,-0.002522,0.000000,0.220000,-0.004065,0.000000,0.275637,0.961262,0.000000,1.905428,-0.281573,0.771513,-1.000000,0.906217,0.368519,0.931474,0.000000,0.204223,0.117271,0.042275,0.864793,0.288686,0.014000,0.000000,0.000000,0.000000,0.000000,0.000000,0.000000,-0.233918,0.000000,-0.000000,0.321895,-0.356209,-1.000000,1.000000,0,0.00,candidate,1784019604,1784019604
cand-125,BTC,long,-1.248479,0.734165,0.907808,0.801385,0.086520,0.283333,0.836028,0.001602,0.866137,0.000000,0.004713,0.711553,0.060741,-1.000000,0.346331,0.000000,0.000000,0.000000,1.000000,0.000000,0.904313,0.023235,0.012000,0.002817,0.000000,0.220000,0.020583,0.000000,0.288196,0.957571,0.000000,-0.211011,0.219968,0.992396,1.000000,0.755930,0.895659,0.000000,0.000000,0.135987,0.028220,0.001928,0.860086,-0.369082,0.023000,0.000000,0.000000,0.100000,0.048000,0.000000,0.000000,-0.233918,0.000000,0.000000,-0.037755,-0.597874,1.000000,0.875000,0,0.00,candidate,1784019914,1784019914
cand-126,ETH,long,0.136045,0.863781,1.188962,1.479984,0.123594,0.330000,1.028014,0.005607,0.837313,0.000000,-0.218762,-0.385553,0.005396,-0.333333,0.464694,0.000000,0.000000,1.000000,0.000000,0.000000,0.904679,0.019988,0.012000,0.002817,0.000000,0.220000,0.020583,0.000000,0.309017,0.951057,0.000000,1.863224,0.228984,1.852548,1.000000,0.882637,0.918177,0.000000,0.000000,0.194460,0.107354,0.047465,0.849223,-0.490413,0.015000,0.000000,0.000000,0.000000,0.000000,0.000000,0.000000,-0.233918,0.000000,0.000000,-0.126232,0.113139,1.000000,0.750000,0,0.00,candidate,1784020226,1784020226
cand-127,BTC,long,0.411795,1.083190,0.870049,1.027057,0.086303,0.283333,1.154344,0.001602,0.841629,0.000000,-0.056086,-0.071759,0.059812,-1.000000,0.346331,0.000000,0.000000,0.000000,1.000000,0.000000,0.904679,0.019988,0.012000,0.002817,0.000000,0.220000,0.020583,0.000000,0.309017,0.951057,0.000000,0.318316,0.261503,0.687117,1.000000,0.783645,0.907540,0.000000,0.000000,0.143045,0.035339,0.005549,0.849223,-0.470434,0.022000,0.000000,0.000000,0.071000,0.037000,0.000000,0.000000,-0.233918,0.000000,0.000000,-0.071400,0.370000,1.000000,0.875000,0,0.00,candidate,1784020226,1784020226
cand-128,BTC,long,-0.051860,1.426734,0.331129,1.049385,0.086420,0.283333,1.171645,0.001602,0.834209,0.000000,-0.055517,-0.283496,0.059031,-1.000000,0.346331,0.000000,0.000000,0.000000,1.000000,0.000000,0.856988,-0.027505,0.012000,0.002817,0.000000,0.220000,0.020583,0.000000,0.317305,0.948324,0.000000,0.442855,0.357531,0.622337,1.000000,0.780150,0.906042,0.000000,0.000000,0.142155,0.023064,0.007351,0.843819,-0.492088,0.012000,0.000000,0.000000,0.227000,0.033000,0.000000,0.000000,-0.233918,0.000000,0.000000,0.461187,-0.045234,1.000000,0.750000,0,0.00,candidate,1784020529,1784020529
cand-129,ETH,long,0.231256,1.181139,0.751144,1.487715,0.123577,0.326667,0.266260,0.005607,0.794766,0.000000,0.004730,-0.557419,0.004428,-0.333333,0.464694,0.000000,0.000000,1.000000,0.000000,0.000000,0.856988,-0.027505,0.012000,0.002817,0.000000,0.220000,0.020583,0.000000,0.317305,0.948324,0.000000,-0.761127,0.302017,0.978596,1.000000,0.896302,0.927725,0.000000,0.000000,0.200120,0.113101,0.049266,0.843819,-0.484768,0.015000,0.000000,0.000000,0.000000,0.000000,0.000000,0.000000,-0.233918,0.000000,0.000000,0.388131,0.241706,1.000000,0.750000,0,0.00,candidate,1784020529,1784020529
cand-130,BTC,long,1.209253,1.416945,1.036608,1.235027,0.086787,0.283333,0.317908,0.001600,0.876524,-0.035797,-0.322174,0.779182,0.057848,-1.000000,0.346331,0.000000,0.000000,0.000000,1.000000,0.000000,0.862085,-0.026568,0.012000,0.002885,0.000000,0.220000,-0.017439,0.000000,0.350207,0.936672,0.000000,-0.897313,0.448434,1.196375,1.000000,0.862047,0.941105,0.000000,0.000000,0.162984,0.044088,0.012517,0.828319,-0.751812,0.007000,0.000000,0.000000,0.859000,0.026000,0.000000,0.000000,-0.233918,0.000000,1.000000,-0.057068,0.570312,1.000000,0.875000,0,0.00,candidate,1784020805,1784020805
cand-131,ETH,long,1.413279,1.471989,1.433686,1.713823,0.124371,0.330000,0.993248,0.005596,0.790030,0.000000,-0.238901,0.681719,0.003499,-0.333333,0.464694,0.000000,0.000000,1.000000,0.000000,0.000000,0.862287,-0.026599,0.012000,0.002885,0.000000,0.220000,-0.017439,0.000000,0.350207,0.936672,0.000000,0.726987,0.301218,0.905468,1.000000,0.976254,0.983408,0.000000,0.000000,0.234034,0.186968,0.054792,0.827243,-0.416762,0.011000,0.000000,0.000000,0.310000,0.000000,0.000000,0.000000,-0.237727,0.000000,0.000000,0.048658,0.566004,1.000000,1.000000,0,0.00,candidate,1784020805,1784020805
cand-132,ETH,long,1.651665,1.576131,1.663425,1.933564,0.125498,0.330000,1.070624,0.039060,0.818150,-0.477465,-1.205426,3.395280,0.003585,-0.333333,0.464694,0.000000,0.000000,1.000000,0.000000,0.000000,0.869497,-0.009839,0.012000,0.002885,0.000000,0.220000,0.012364,0.000000,0.362438,0.932008,0.000000,0.129311,0.291034,1.334245,1.000000,0.990415,0.992744,0.000000,0.000000,0.278765,0.228926,0.056603,0.821809,-0.513099,0.007000,0.000000,0.000000,0.900000,0.005000,0.000000,0.000000,-0.237727,0.000000,0.000000,0.130871,0.573190,1.000000,1.000000,0,0.00,candidate,1784021137,1784021137
cand-133,BTC,long,0.949546,1.365322,1.077598,1.442755,0.087023,0.286667,0.473025,0.001598,0.829066,-0.099303,-0.493917,-0.016434,0.057123,-1.000000,0.346331,0.000000,0.000000,0.000000,1.000000,0.000000,0.869497,-0.009839,0.012000,0.002885,0.000000,0.220000,0.012364,0.000000,0.362438,0.932008,0.000000,0.155117,0.484512,0.581223,1.000000,0.926592,0.968686,0.000000,0.000000,0.179369,0.106330,0.014687,0.821809,-0.526783,0.021000,0.000000,0.000000,0.374000,0.026000,0.000000,0.000000,-0.237727,0.000000,0.000000,0.156360,0.400621,1.000000,1.000000,0,0.00,candidate,1784021137,1784021137
cand-134,BTC,long,-1.717005,-0.187225,0.792293,1.294561,0.087904,0.293333,1.055569,0.001601,0.818276,0.000000,0.198292,0.134119,0.056254,-1.000000,0.346331,0.000000,0.000000,0.000000,1.000000,0.000000,0.961189,0.084567,0.012000,0.002885,0.000000,0.220000,0.012364,0.000000,0.382683,0.923880,0.000000,0.687942,0.086786,0.510429,1.000000,0.808739,0.918290,0.000000,0.000000,0.149431,0.076006,0.018290,0.811001,-0.432714,0.004000,0.000000,0.000000,0.350000,0.031000,0.000000,0.000000,-0.237727,0.000000,-0.916667,0.008519,-0.640487,1.000000,1.000000,0,0.00,candidate,1784021414,1784021414
cand-135,ETH,short,2.156059,-0.277241,-1.147024,-1.728706,0.127796,0.340000,0.306183,0.044828,0.810659,0.000000,-0.411709,2.693952,-0.003675,0.333333,0.464694,0.000000,0.000000,1.000000,0.000000,0.000000,0.961193,0.084370,0.012000,-0.002885,0.000000,0.220000,0.012364,0.000000,0.386711,0.922201,0.000000,0.329795,0.040313,1.192435,-1.000000,0.834198,0.340150,0.902618,0.000000,0.237803,0.052410,0.060565,0.809923,0.324901,0.007000,0.000000,0.000000,0.000000,0.000000,0.000000,0.000000,-0.237727,0.000000,-0.000000,0.041214,0.592771,-1.000000,1.000000,0,0.00,candidate,1784021414,1784021414
cand-136,ETH,long,-0.391103,-0.035887,0.566627,1.894978,0.127515,0.340000,0.602035,0.005612,0.811854,0.000000,0.114816,0.168995,0.002782,-0.333333,0.464694,0.000000,0.000000,1.000000,0.000000,0.000000,0.895518,0.025812,0.012000,0.002817,0.000000,0.220000,-0.010840,0.000000,0.430511,0.902585,0.000000,0.908217,0.017765,1.203064,1.000000,0.765875,0.819521,0.000000,0.000000,0.208672,0.133044,0.068262,0.786831,-0.395514,0.009000,0.000000,0.000000,0.252000,0.000000,0.000000,0.000000,-0.237727,0.000000,0.000000,0.147296,-0.250712,1.000000,0.875000,0,0.00,candidate,1784022031,1784022031
cand-137,BTC,long,0.234565,-0.482279,0.662261,1.311832,0.086670,0.283333,0.325770,0.001603,0.854595,0.182011,0.402029,-0.334899,0.054515,-1.000000,0.346331,0.000000,0.000000,0.000000,1.000000,0.000000,0.898517,0.025451,0.012000,0.002657,0.000000,0.220000,0.010422,0.000000,0.465615,0.884988,0.000000,-0.844353,-0.211634,0.957345,1.000000,0.782147,0.906898,0.000000,0.000000,0.142664,0.069164,0.032493,0.768393,-0.539082,0.011000,0.000000,0.000000,0.000000,0.016000,0.000000,0.000000,-0.237727,0.000000,0.000000,-0.173168,0.241843,1.000000,0.750000,0,0.00,candidate,1784022607,1784022607
cand-138,BTC,long,0.421029,-0.707418,0.477811,1.248311,0.085901,0.283333,0.317588,0.001601,0.853570,0.000000,-0.034006,-0.390620,0.053573,-1.000000,0.346331,0.000000,0.000000,0.000000,1.000000,0.000000,0.711635,-0.161073,0.012000,0.002657,0.000000,0.220000,-0.005125,0.000000,0.484810,0.874620,0.000000,-0.008182,-0.423959,0.906928,1.000000,0.810362,0.918986,0.000000,0.000000,0.183865,0.065004,0.035875,0.758246,-0.559289,0.014000,0.000000,0.000000,0.426000,0.014000,0.000000,0.000000,-0.237727,0.000000,0.000000,0.188396,0.313019,1.000000,0.750000,0,0.00,candidate,1784022934,1784022934
cand-139,ETH,long,-0.076065,-0.514737,-0.163989,1.503630,0.125274,0.330000,0.231181,0.033675,0.784569,0.000000,-0.094821,-0.798149,0.003610,-0.333333,0.464694,0.000000,0.000000,1.000000,0.000000,0.000000,0.648218,-0.226003,0.012000,0.002657,0.000000,0.220000,-0.005125,0.000000,0.507538,0.861629,0.000000,0.213065,0.014879,0.701008,1.000000,0.743823,0.815951,0.000000,0.000000,0.315872,0.108775,0.082479,0.744180,-0.460018,0.010000,0.000000,0.000000,0.469000,0.000000,0.000000,0.000000,-0.237727,0.000000,0.000000,-0.371094,-0.151786,1.000000,0.750000,0,0.00,candidate,1784023231,1784023231
cand-140,BTC,long,0.150012,0.071195,-0.086052,1.285531,0.085322,0.280000,0.634753,0.001602,0.877150,0.000000,-0.010694,-0.488390,0.053740,-1.000000,0.346331,0.000000,0.000000,0.000000,1.000000,0.000000,0.648218,-0.226003,0.012000,0.002657,0.000000,0.220000,-0.005125,0.000000,0.507538,0.861629,0.000000,-0.404359,-0.157951,1.408414,1.000000,0.820350,0.923262,0.000000,0.000000,0.186401,0.056163,0.040564,0.744180,-0.560459,0.013000,0.000000,0.000000,0.271000,0.022000,0.000000,0.000000,-0.237727,0.000000,0.000000,-0.081632,0.164969,1.000000,0.750000,0,0.00,candidate,1784023231,1784023231
cand-141,ETH,long,0.460844,-0.013035,0.121177,1.421488,0.122818,0.320000,1.048417,0.005607,0.816013,0.000000,0.028192,0.422803,0.004117,-0.333333,0.464145,0.000000,0.000000,1.000000,0.000000,0.000000,0.515664,-0.357182,0.024000,0.002657,0.000000,0.220000,-0.005125,0.000000,0.518773,0.854912,0.000000,-0.014666,0.021759,1.076256,1.000000,0.770091,0.834917,0.000000,0.000000,0.327010,0.120160,0.084370,0.738509,-0.543574,0.018000,0.000000,0.000000,0.000000,0.000000,0.000000,0.000000,-0.237727,0.000000,1.000000,0.274376,0.244552,1.000000,1.000000,0,0.00,candidate,1784023531,1784023531
cand-142,BTC,long,0.052792,0.104691,0.296208,1.040817,0.084850,0.273333,0.996460,0.001600,0.841897,-0.007220,-0.264720,-0.400628,0.053976,-0.333333,0.345558,0.000000,0.000000,0.000000,1.000000,0.000000,0.516219,-0.356781,0.024000,0.002657,0.000000,0.220000,-0.005125,0.000000,0.522499,0.852640,0.000000,0.618264,-0.003922,0.833872,1.000000,0.823845,0.924759,0.000000,0.000000,0.187288,0.057061,0.042813,0.737432,-0.520179,0.007000,0.000000,0.000000,0.826000,0.016000,0.000000,0.000000,-0.237727,0.000000,0.000000,0.522574,0.040115,1.000000,0.750000,0,0.00,candidate,1784023531,1784023531
cand-143,ETH,long,0.089462,0.194191,0.110117,1.473406,0.118977,0.293333,1.096737,0.005611,0.821903,0.000000,0.537502,-0.017280,0.005041,-0.333333,0.464145,0.000000,0.000000,1.000000,0.000000,0.000000,0.337940,-0.533225,0.024000,0.002852,0.000000,0.220000,0.012977,0.000000,0.544639,0.838671,0.000000,0.048319,0.102686,1.162334,1.000000,0.775033,0.838482,0.000000,0.000000,0.329104,0.100211,0.089200,0.724018,-0.294500,0.014000,0.000000,0.000000,0.000000,0.000000,0.000000,0.000000,-0.237727,0.000000,0.000000,-0.677500,0.050000,1.000000,0.875000,0,0.00,candidate,1784023817,1784023817
cand-144,ETH,short,1.195729,0.758191,1.054631,-0.925527,0.117825,0.280000,0.992918,0.005619,0.734123,0.000000,0.060707,0.363325,-0.004507,0.333333,0.464145,0.000000,0.000000,1.000000,0.000000,0.000000,0.846267,-0.025273,0.024000,-0.002852,0.000000,0.220000,0.014315,0.000000,0.584250,0.811574,0.000000,1.403710,0.056677,0.313231,-1.000000,0.649155,0.532666,0.794324,0.000000,-0.052968,0.000000,0.096587,0.701855,-0.497535,0.013000,0.000000,0.000000,0.843000,0.000000,0.000000,0.000000,-0.237727,0.000000,-0.000000,0.022639,0.544276,-1.000000,0.875000,0,0.00,candidate,1784024430,1784024430
cand-145,BTC,long,-0.639699,-0.275964,-0.547643,0.721346,0.083846,0.260000,0.184844,0.001604,0.867566,0.000000,0.190493,-0.393946,0.053791,-0.333333,0.345558,0.000000,0.000000,0.000000,1.000000,0.000000,0.846559,-0.025117,0.024000,0.002852,0.000000,0.220000,0.014315,0.000000,0.584250,0.811574,0.000000,-0.478241,-0.218823,1.229844,1.000000,0.737953,0.887948,0.000000,0.000000,-0.027504,0.000000,0.055031,0.700777,-0.051554,0.018000,0.000000,0.000000,0.000000,0.019000,0.000000,0.000000,-0.237727,0.000000,0.000000,0.002142,-0.395981,1.000000,0.750000,0,0.00,candidate,1784024430,1784024430
cand-146,ETH,short,1.080954,1.180715,1.871785,-0.882827,0.118032,0.280000,0.601742,0.005627,0.772658,0.000000,-0.331459,0.680366,-0.004062,0.333333,0.464145,0.000000,0.000000,1.000000,0.000000,0.000000,0.914074,0.038614,0.024000,-0.002852,0.000000,0.220000,0.014315,0.000000,0.591310,0.806445,0.000000,-0.291118,0.214473,0.572416,-1.000000,0.590117,0.574625,0.836618,0.000000,-0.078570,0.000000,0.098026,0.697539,0.295330,0.011000,0.000000,0.000000,0.186000,0.000000,0.000000,0.000000,-0.237727,0.000000,-0.000000,0.064145,0.743421,-1.000000,0.750000,0,0.00,candidate,1784024716,1784024716
cand-147,BTC,long,-0.411223,-1.279620,-0.853361,0.584931,0.083458,0.253333,1.035115,0.001604,0.906801,0.000000,-0.324326,0.500921,0.051793,-0.333333,0.345558,0.000000,0.000000,0.000000,1.000000,0.000000,0.921926,0.045311,0.024000,0.002852,0.000000,0.220000,-0.014137,0.000000,0.608761,0.793353,0.000000,0.356977,-0.385281,2.074437,1.000000,0.616479,0.835750,0.973641,1.000000,-0.058761,0.000000,0.060092,0.685594,-0.654793,0.012000,0.000000,0.000000,0.195000,0.013000,0.000000,0.000000,-0.241502,0.000000,0.000000,0.438712,-0.266089,1.000000,0.750000,1,0.00,candidate,1784025003,1784025003
cand-148,ETH,short,-0.203789,1.510433,1.078038,-1.103734,0.113199,0.263333,0.453747,0.005627,0.801024,0.000000,0.156992,0.031898,-0.005860,0.333333,0.464145,0.000000,0.000000,1.000000,0.000000,0.000000,0.821209,-0.053685,0.024000,-0.002852,0.000000,0.220000,-0.014137,0.000000,0.629320,0.777146,0.000000,-0.288071,0.186384,1.004097,0.000000,0.576073,0.584623,0.846695,0.000000,0.129212,0.000000,0.105965,0.673722,0.449940,0.015000,0.000000,0.000000,0.250000,0.000000,0.000000,0.000000,-0.241502,0.000000,-0.000000,0.728721,-0.142857,-1.000000,0.750000,0,0.00,candidate,1784025330,1784025330
cand-149,BTC,long,0.970719,-0.926909,-0.578908,0.926748,0.082091,0.243333,1.149764,0.001603,0.921328,0.000000,-0.169914,0.106732,0.051054,-0.333333,0.345558,0.000000,0.000000,0.000000,1.000000,0.000000,0.818989,-0.056258,0.024000,0.002910,0.000000,0.220000,0.015990,0.000000,0.636078,0.771625,0.000000,0.114649,-0.418812,2.534711,0.000000,0.678527,0.862432,0.967919,1.000000,-0.042783,0.000000,0.065253,0.670113,-0.760935,0.017000,0.000000,0.000000,0.000000,0.007000,0.000000,0.000000,-0.241502,0.000000,1.000000,-0.150121,0.612546,1.000000,0.750000,1,0.00,candidate,1784025330,1784025330
d88a3b30-db2d-498e-a33c-9cdd491acbc7,ETH,long,-0.486160,0.352725,1.487297,0.569486,0.123769,0.330000,1.069883,0.095481,0.801388,-1.032839,-1.523589,0.236109,0.008921,-0.333333,0.467491,0.000000,0.000000,1.000000,0.000000,0.000000,0.784101,-0.161054,0.000000,0.002819,0.000000,0.220000,-0.016531,0.000000,0.147809,0.989016,0.000000,1.082719,0.054709,1.427802,1.000000,0.877919,0.931373,0.000000,0.000000,0.128043,0.023315,0.021001,0.928615,-0.541703,0.006000,0.000000,0.000000,0.861000,0.000000,0.000000,0.000000,0.000000,0.000000,0.000000,0.460605,-0.321321,1.000000,1.000000,1,0.02,live,1784025498,1784025498
cand-150,ETH,long,1.986398,-0.734540,-0.375386,1.396012,0.113443,0.263333,1.061200,0.005617,0.843482,0.000000,-0.522771,-0.102215,0.006005,-0.333333,0.464145,0.000000,0.000000,1.000000,0.000000,0.000000,0.959759,0.072830,0.024000,0.002910,0.000000,0.220000,0.015990,0.000000,0.642788,0.766044,0.000000,1.657628,-0.090044,1.886458,0.000000,0.680364,0.770045,0.948639,0.000000,0.189278,0.000861,0.108604,0.665806,-0.348143,0.016000,0.000000,0.000000,0.903000,0.000000,0.000000,0.000000,-0.241502,0.000000,0.000000,-0.000913,0.934732,1.000000,0.750000,1,0.00,candidate,1784025614,1784025614
bf3dd13a-d4d9-457d-85af-1b2a8be29064,ETH,long,0.136045,0.863781,1.188962,1.479984,0.123594,0.330000,1.028014,0.005607,0.837313,0.000000,-0.218762,-0.385553,0.005396,-0.333333,0.464694,0.000000,0.000000,1.000000,0.000000,0.000000,0.904679,0.019988,0.012000,0.002817,0.000000,0.220000,0.020583,0.000000,0.309017,0.951057,0.000000,1.863224,0.228984,1.852548,1.000000,0.882637,0.918177,0.000000,0.000000,0.194460,0.107354,0.047465,0.849223,-0.490413,0.015000,0.000000,0.000000,0.000000,0.000000,0.000000,0.000000,-0.233918,0.000000,0.000000,-0.126232,0.113139,1.000000,0.750000,1,0.02,live,1784025668,1784025668
cand-151,BTC,long,1.188998,0.661096,0.528192,1.468225,0.082185,0.243333,0.400834,0.001599,0.875369,0.000000,-0.192597,0.268993,0.050868,-0.333333,0.345558,0.000000,0.000000,0.000000,1.000000,0.000000,0.967280,0.076552,0.024000,0.002910,0.000000,0.220000,0.015990,0.000000,0.659346,0.751840,0.000000,-0.748930,0.084101,1.181393,1.000000,0.883645,0.950339,0.000000,0.000000,0.007549,0.000000,0.069947,0.656029,-0.394825,0.014000,0.000000,0.000000,0.764000,0.008000,0.000000,0.000000,-0.241502,0.000000,0.000000,-0.055362,0.763454,1.000000,0.750000,0,0.00,candidate,1784025919,1784025919
cand-152,BTC,long,-1.300574,1.073184,0.005061,1.514143,0.082135,0.243333,0.634896,0.001601,0.844821,0.000000,-0.004943,-0.404456,0.047435,-0.333333,0.345558,0.000000,0.000000,0.000000,1.000000,0.000000,0.978664,0.088055,0.024000,0.003002,0.000000,0.220000,0.025263,0.000000,0.691513,0.722364,0.000000,-0.320615,0.158476,0.826927,1.000000,0.811486,0.919467,0.000000,0.000000,-0.010940,0.000000,0.077268,0.634066,-0.353861,0.013000,0.000000,0.000000,0.673000,0.009000,0.000000,0.000000,-0.241502,0.000000,-1.000000,-0.045344,-0.787059,1.000000,0.750000,0,0.00,candidate,1784026503,1784026503
cand-153,BTC,long,0.292662,1.365359,0.044493,1.748828,0.081996,0.243333,1.266603,0.001600,0.867596,-0.336424,-0.481827,-0.623004,0.046461,-0.333333,0.345558,0.000000,0.000000,0.000000,1.000000,0.000000,0.978731,0.087019,0.024000,0.003002,0.000000,0.220000,-0.004072,0.000000,0.710185,0.704015,0.000000,0.483621,0.257393,1.163671,1.000000,0.830212,0.927484,0.984804,1.000000,-0.006139,0.000000,0.081618,0.621016,-0.479633,0.015000,0.000000,0.000000,0.921000,0.009000,0.000000,0.000000,-0.241502,0.000000,0.000000,-0.289280,0.397333,1.000000,0.750000,0,0.00,candidate,1784026805,1784026805
cand-154,BTC,long,-0.132567,0.913773,-0.009568,1.625566,0.082056,0.243333,0.581397,0.001602,0.844062,0.000000,0.197470,-0.577691,0.044597,-0.333333,0.345535,0.000000,0.000000,1.000000,0.000000,0.000000,0.954420,0.063706,0.020000,0.002916,0.000000,0.220000,0.009373,0.000000,0.728371,0.685183,0.000000,0.502801,0.181551,0.773850,1.000000,0.801942,0.923850,0.000000,0.000000,-0.008315,0.000000,0.002177,0.608795,-0.529919,0.022000,0.000000,0.000000,0.344000,0.010000,0.000000,0.000000,-0.241502,0.000000,0.000000,-0.673523,-0.088010,1.000000,0.750000,0,0.00,candidate,1784027125,1784027125
cand-155,ETH,short,2.092060,1.739742,1.020205,-1.052024,0.115621,0.266667,0.104063,0.005637,0.818879,0.000000,-0.455292,0.231451,-0.004227,0.333333,0.465718,0.000000,0.000000,1.000000,0.000000,0.000000,0.963629,0.070295,0.020000,-0.002916,0.000000,0.220000,-0.019182,0.000000,0.757565,0.652760,0.000000,1.218227,0.313321,1.715069,0.000000,0.452774,0.716520,0.883135,1.000000,-0.096120,0.000000,0.134589,0.587850,0.340893,0.012000,0.000000,0.000000,0.786000,0.000000,0.000000,0.000000,-0.245350,0.000000,-0.000000,-0.012803,0.884774,-1.000000,0.750000,0,0.00,candidate,1784027726,1784027726
cand-156,BTC,short,1.782365,1.539860,0.626350,-0.935082,0.083068,0.246667,0.440255,0.001605,0.761367,0.000000,-0.170542,0.362641,-0.041625,0.333333,0.345535,0.000000,0.000000,1.000000,0.000000,0.000000,0.963757,0.070365,0.020000,-0.002916,0.000000,0.220000,-0.019182,0.000000,0.760406,0.649448,0.000000,1.021652,0.492716,0.229292,-1.000000,0.541429,0.817678,0.888902,1.000000,-0.055190,0.000000,0.009518,0.586773,0.536890,0.008000,0.000000,0.000000,0.348000,0.001000,0.000000,0.000000,-0.245350,0.000000,-0.000000,-0.039881,0.692943,-1.000000,0.750000,0,0.00,candidate,1784027726,1784027726
0e83f65e-57d4-488e-84f6-5027371f58cd,BTC,long,3.080649,0.287943,0.982530,0.363953,0.068274,0.170000,1.034818,0.001595,0.872392,0.000000,-0.247112,0.251005,0.028903,-0.333333,0.345222,0.000000,0.000000,1.000000,0.000000,0.000000,0.945680,0.117731,0.024000,0.003940,0.000000,0.220000,-0.008409,0.000000,0.342020,-0.939693,0.000000,0.000000,0.143470,1.071213,1.000000,0.857642,0.976194,0.000000,0.000000,0.011668,0.000000,0.122136,0.665288,-0.635681,0.020000,0.000000,0.000000,0.197000,0.012000,0.000000,0.000000,-0.273967,0.153467,1.000000,-0.000202,0.985789,1.000000,0.741786,0,-0.00,live,1784031814,1784031814
4d46df06-a1f4-4d1c-9042-cc0680d10a6e,ETH,short,2.092060,1.739742,1.020205,-1.052024,0.115621,0.266667,0.644627,0.005636,0.783094,0.000000,-0.192859,0.231451,-0.003773,0.333333,0.465718,0.000000,0.000000,1.000000,0.000000,0.000000,0.963757,0.070365,0.020000,-0.002916,0.000000,0.220000,-0.019182,0.000000,0.760406,0.649448,0.000000,0.540564,0.313321,0.998609,0.000000,0.452774,0.716520,0.883135,1.000000,-0.096120,0.000000,0.134948,0.586773,0.506949,0.021000,0.000000,0.000000,0.681000,0.000000,0.000000,0.000000,-0.245350,0.000000,-0.000000,-0.012803,0.884774,-1.000000,0.750000,0,-0.30,live,1784031912,1784031912
6540e30f-f90f-47cf-95b3-37af9b5a166c,BTC,long,2.311291,0.716863,1.589446,0.966859,0.081828,0.240000,0.013172,0.001593,0.947466,0.000000,-0.039881,3.100443,0.042699,-0.333333,0.343488,0.000000,0.000000,1.000000,0.000000,0.000000,0.963124,0.080073,0.044000,0.002619,0.000000,0.220000,-0.000217,0.000000,0.978148,0.207912,0.000000,-0.322409,0.099464,3.000000,1.000000,0.966233,0.990078,0.000000,0.000000,0.092521,0.033492,0.089002,0.348321,-0.255326,0.020000,0.000000,0.000000,0.825000,0.025000,0.000000,0.000000,-0.249239,0.000000,1.000000,-0.015073,0.826722,1.000000,1.000000,0,-0.00,live,1784031912,1784031912
25900be0-2787-4a96-a666-66f28ea091fe,ETH,long,2.137633,2.010322,2.082202,1.181928,0.095376,0.176667,0.650821,0.005567,0.780498,0.000000,-0.528039,5.000000,-0.014015,-0.333333,0.462243,0.000000,0.000000,1.000000,0.000000,0.000000,0.965315,0.014443,0.112000,0.004032,0.000000,0.220000,0.000000,0.000000,0.300706,-0.953717,0.000000,-0.151201,0.309684,0.753022,1.000000,0.912067,0.965127,0.000000,0.000000,0.137839,0.073427,0.005231,0.645754,-0.531350,0.004000,0.000000,0.000000,0.000000,0.000000,0.000000,0.000000,-0.273967,0.148503,0.000000,-0.083284,0.593496,1.000000,1.000000,0,-0.01,live,1784031917,1784031917
2fd43275-c4ea-4fe4-9b34-2de849e35590,ETH,short,1.195729,0.758191,1.054631,-0.925527,0.117825,0.280000,0.819585,0.028132,0.774569,-0.167162,-0.641102,0.363325,-0.004336,0.333333,0.464145,0.000000,0.000000,1.000000,0.000000,0.000000,0.846832,-0.024978,0.024000,-0.002852,0.000000,0.220000,0.014315,0.000000,0.587785,0.809017,0.000000,-0.064730,0.056677,0.581799,-1.000000,0.649155,0.532666,0.794324,0.000000,-0.052968,0.000000,0.097307,0.699697,0.399322,0.011000,0.000000,0.000000,0.126000,0.000000,0.000000,0.000000,-0.237727,0.000000,-0.000000,0.022639,0.544276,-1.000000,0.875000,0,-0.39,live,1784032223,1784032223
cand-157,BTC,long,2.311291,0.716863,1.589446,0.966859,0.081828,0.240000,0.345112,0.001593,0.865133,0.000000,-0.347330,3.100443,0.042828,-0.333333,0.343488,0.000000,0.000000,1.000000,0.000000,0.000000,0.962518,0.079517,0.044000,0.002619,0.000000,0.220000,-0.000217,0.000000,0.976296,0.216440,0.000000,0.785366,0.099464,0.920722,1.000000,0.966233,0.990078,0.000000,0.000000,0.092521,0.033492,0.087091,0.354053,-0.599404,0.009000,0.000000,0.000000,0.826000,0.024000,0.000000,0.000000,-0.249239,0.944418,1.000000,-0.015073,0.826722,1.000000,1.000000,0,0.00,candidate,1784034626,1784034626
cand-158,ETH,long,3.742866,0.614864,1.318084,0.805131,0.095259,0.180000,0.940629,0.094939,0.820714,-0.004707,-0.595559,4.381829,-0.013224,-0.333333,0.464523,0.000000,0.000000,1.000000,0.000000,0.000000,0.945595,0.117646,0.024000,0.003940,0.000000,0.220000,-0.008409,0.000000,0.342020,-0.939693,0.000000,0.000000,0.048154,1.176705,1.000000,0.944862,0.983636,0.000000,0.000000,0.087513,0.045905,0.121774,0.666374,-1.157472,0.007000,0.000000,0.000000,0.602000,0.000000,0.000000,0.000000,-0.273967,0.139251,1.000000,-0.014034,0.865672,1.000000,1.000000,1,0.00,candidate,1784045795,1784025300
cand-159,BTC,long,3.080649,0.287943,0.982530,0.363953,0.068274,0.170000,1.034818,0.001595,0.872392,0.000000,-0.247112,0.251005,0.028903,-0.333333,0.345222,0.000000,0.000000,1.000000,0.000000,0.000000,0.945680,0.117731,0.024000,0.003940,0.000000,0.220000,-0.008409,0.000000,0.342020,-0.939693,0.000000,0.000000,0.143470,1.071213,1.000000,0.857642,0.976194,0.000000,0.000000,0.011668,0.000000,0.122136,0.665288,-0.635681,0.020000,0.000000,0.000000,0.197000,0.012000,0.000000,0.000000,-0.273967,0.153467,1.000000,-0.000202,0.985789,1.000000,0.741786,1,0.00,candidate,1784045795,1784025300
cand-160,BTC,long,1.199919,0.865637,1.625894,0.391404,0.068258,0.170000,1.375838,0.001595,0.867232,-0.236947,-0.289755,1.058445,0.028850,-0.333333,0.343162,0.000000,0.000000,1.000000,0.000000,0.000000,1.000000,0.000000,0.112000,0.004032,0.000000,0.220000,0.000000,0.000000,0.321439,-0.946930,0.000000,-0.111760,0.247328,0.975815,1.000000,0.986491,0.997664,0.000000,0.000000,0.028032,0.000000,0.001852,0.655890,-0.671597,0.034000,0.000000,0.000000,0.588000,0.000000,0.000000,0.000000,-0.273967,0.031238,0.000000,0.066248,0.678100,1.000000,1.000000,1,0.00,candidate,1784045795,1784025600
cand-161,ETH,long,0.445949,1.062295,1.562045,0.815071,0.095050,0.170000,1.248233,0.005572,0.830870,-1.194157,-1.687960,2.726417,-0.014521,-0.333333,0.462243,0.000000,0.000000,1.000000,0.000000,0.000000,1.000000,0.000000,0.112000,0.004032,0.000000,0.220000,0.000000,0.000000,0.317305,-0.948324,0.000000,0.859770,0.144733,1.481936,1.000000,0.916136,0.973049,0.000000,0.000000,0.097492,0.053156,0.002986,0.652487,-0.476172,0.006000,0.000000,0.000000,0.985000,0.000000,0.000000,0.000000,-0.273967,0.494288,0.000000,-0.114150,0.241379,1.000000,0.850683,1,0.00,candidate,1784045795,1784025600
cand-162,BTC,long,2.084928,1.852414,1.989963,0.793990,0.068250,0.170000,0.620698,0.001592,0.878688,-0.234391,-0.581763,2.847502,0.028940,-0.333333,0.343162,0.000000,0.000000,1.000000,0.000000,0.000000,0.965315,0.014443,0.112000,0.004032,0.000000,0.220000,0.000000,0.000000,0.300706,-0.953717,0.000000,-0.583835,0.469655,1.158098,1.000000,0.960253,0.990987,0.000000,0.000000,0.054437,0.018547,0.005231,0.645754,-0.634710,0.020000,0.000000,0.000000,0.363000,0.000000,0.000000,0.000000,-0.273967,0.954710,0.000000,0.014816,0.690054,1.000000,1.000000,1,0.00,candidate,1784045795,1784025900
cand-163,ETH,long,2.137633,2.010322,2.082202,1.181928,0.095376,0.176667,0.650821,0.005567,0.780498,0.000000,-0.528039,5.000000,-0.014015,-0.333333,0.462243,0.000000,0.000000,1.000000,0.000000,0.000000,0.965315,0.014443,0.112000,0.004032,0.000000,0.220000,0.000000,0.000000,0.300706,-0.953717,0.000000,-0.151201,0.309684,0.753022,1.000000,0.912067,0.965127,0.000000,0.000000,0.137839,0.073427,0.005231,0.645754,-0.531350,0.004000,0.000000,0.000000,0.000000,0.000000,0.000000,0.000000,-0.273967,0.148503,0.000000,-0.083284,0.593496,1.000000,1.000000,1,0.00,candidate,1784045795,1784025900
cand-164,BTC,long,2.144003,1.009599,0.887135,1.142671,0.065814,0.153333,1.322315,0.001589,0.851972,0.000000,-0.366085,2.710346,0.014658,-0.333333,0.342663,0.000000,0.000000,1.000000,0.000000,0.000000,0.927201,0.057866,0.224000,0.007837,0.000000,0.220000,-0.001779,0.000000,-0.104528,-0.994522,0.000000,0.000000,0.101759,0.790173,1.000000,0.988329,0.997509,0.000000,0.000000,0.067000,0.010423,0.055471,0.448470,-0.572625,0.010000,0.000000,0.000000,0.712000,0.000000,0.000000,0.000000,-0.282776,0.000000,0.000000,0.083298,0.673500,1.000000,1.000000,1,0.00,candidate,1784045795,1784031300
cand-165,ETH,long,3.297253,1.545799,1.103015,1.917866,0.096598,0.180000,0.763140,0.005545,0.806740,0.000000,-0.583716,1.666583,-0.002111,-0.333333,0.460826,0.000000,0.000000,1.000000,0.000000,0.000000,0.979474,0.054583,0.224000,0.007837,0.000000,0.220000,-0.001779,0.000000,-0.113203,-0.993572,0.000000,0.000000,0.303174,0.711103,1.000000,0.941582,0.973408,0.000000,0.000000,0.204574,0.091384,0.056549,0.445234,-0.548703,0.009000,0.000000,0.000000,0.000000,0.002000,0.000000,0.000000,-0.282776,0.202593,0.000000,-0.027141,0.734355,1.000000,0.852860,1,0.00,candidate,1784045795,1784031600
cand-166,ETH,long,-2.405006,0.824561,0.123921,1.234540,0.099633,0.186667,1.245112,0.401663,0.733314,-5.000000,-8.000000,2.706080,0.001178,-0.333333,0.460643,0.000000,0.000000,1.000000,0.000000,0.000000,1.000000,0.000000,0.124000,0.007916,0.000000,0.220000,0.000000,0.000000,-0.130526,-0.991445,0.000000,0.000000,0.186583,0.734596,1.000000,0.721543,0.865053,0.000000,0.000000,0.179985,0.046088,0.001387,0.435510,0.005502,0.008000,0.000000,0.000000,0.197000,0.000000,0.000000,0.000000,-0.282776,0.425230,0.000000,0.041343,-0.393636,1.000000,0.852860,1,0.00,candidate,1784045795,1784031900
cand-167,BTC,long,-2.372583,1.099679,0.603783,1.004128,0.069268,0.173333,0.356525,0.164177,0.892452,-1.721699,-3.891804,3.932361,0.018335,-0.333333,0.341710,0.000000,0.000000,1.000000,0.000000,0.000000,1.000000,0.000000,0.124000,0.007916,0.000000,0.220000,0.000000,0.000000,-0.134851,-0.990866,0.000000,0.000000,0.201234,1.284133,1.000000,0.706766,0.907934,0.000000,0.000000,0.076050,0.038005,0.001748,0.434429,-1.102006,0.004000,0.000000,0.000000,0.196000,0.000000,0.000000,0.000000,-0.282776,0.127813,0.000000,-0.012583,-0.432817,1.000000,1.000000,1,0.00,candidate,1784045795,1784031900
cand-168,ETH,long,6.000000,4.406878,2.728402,2.277633,0.129586,0.343333,0.744896,0.060290,0.862731,-0.594117,-0.754696,5.000000,0.009118,-0.333333,0.452997,0.000000,0.000000,1.000000,0.000000,0.000000,0.000000,0.000000,0.208000,0.007861,0.000000,0.220000,0.000000,0.000000,-0.156434,-0.987688,0.000000,0.000000,1.058742,0.571992,1.000000,0.903660,0.921517,0.000000,0.000000,0.053408,0.000000,0.001040,0.423716,-0.435545,0.003000,0.000000,0.000000,1.000000,0.000000,0.000000,0.000000,-0.282776,0.159602,1.000000,-0.026617,0.817451,1.000000,1.000000,1,0.00,candidate,1784045795,1784032200
cand-169,BTC,long,6.000000,4.740206,2.871684,2.068932,0.091184,0.300000,0.141114,0.001576,0.883889,0.428340,0.521781,5.000000,0.021987,-0.333333,0.335252,0.000000,0.000000,1.000000,0.000000,0.000000,0.000000,0.000000,0.208000,0.007861,0.000000,0.220000,0.000000,0.000000,-0.156434,-0.987688,0.000000,0.000000,1.398825,1.000000,1.000000,0.890222,0.938488,0.000000,0.000000,0.043526,0.000000,0.001040,0.423716,-0.201593,0.004000,0.000000,0.000000,0.284000,0.000000,0.000000,0.000000,-0.282776,0.013814,1.000000,-0.030845,0.801783,1.000000,1.000000,1,0.00,candidate,1784045795,1784032200
cand-170,BTC,long,-0.777555,4.525990,2.920287,1.721629,0.092248,0.316667,0.708101,0.001578,0.729866,0.000000,0.124789,1.870877,0.025016,-0.333333,0.335252,0.000000,0.000000,1.000000,0.000000,0.000000,-1.000000,-0.000000,0.208000,0.007861,0.000000,0.220000,0.000000,0.000000,-0.182236,-0.983255,0.000000,-0.352327,1.533315,0.120726,1.000000,0.770365,0.858332,0.000000,0.000000,0.035295,0.000000,0.005001,0.411833,-0.394996,0.018000,0.000000,0.000000,0.000000,0.000000,0.000000,0.000000,-0.282776,0.366143,0.000000,-0.675089,-0.166911,1.000000,1.000000,1,0.00,candidate,1784045795,1784032500
cand-171,BTC,long,2.019556,4.951508,3.434704,1.927938,0.093226,0.346667,1.284577,0.001572,0.851740,-0.517146,-1.275435,0.492008,0.027012,-0.333333,0.335252,0.000000,0.000000,1.000000,0.000000,0.000000,0.926670,0.052282,0.208000,0.007861,0.000000,0.220000,-0.029898,0.000000,-0.195090,-0.980785,0.000000,0.236989,1.645559,0.740472,1.000000,0.872188,0.921298,0.000000,0.000000,0.072849,0.000000,0.007161,0.405352,0.006604,0.002000,0.000000,0.000000,0.151000,0.000000,0.000000,0.000000,-0.282776,0.861508,1.000000,0.013311,0.612193,1.000000,1.000000,1,0.00,candidate,1784045795,1784032800
cand-172,ETH,long,0.941770,5.127578,3.192834,2.301304,0.131016,0.353333,0.964843,0.131257,0.799382,-1.772216,-2.557922,0.106741,0.013080,-0.333333,0.452997,0.000000,0.000000,1.000000,0.000000,0.000000,0.926670,0.052282,0.208000,0.007861,0.000000,0.220000,-0.029898,0.000000,-0.195090,-0.980785,0.000000,-0.360942,1.130705,0.632083,1.000000,0.853697,0.865910,0.000000,0.000000,0.081246,0.000000,0.007161,0.405352,-0.196846,0.002000,0.000000,0.000000,0.522000,0.000000,0.000000,0.000000,-0.282776,0.068680,0.000000,-0.006688,0.482759,1.000000,1.000000,1,0.00,candidate,1784045795,1784032800
cand-173,ETH,long,6.000000,6.000000,4.786325,3.072936,0.148415,0.433333,0.641540,0.005424,0.825188,0.000000,-0.640549,4.495675,0.015679,-0.333333,0.452997,0.000000,0.000000,1.000000,0.000000,0.000000,0.917400,0.042546,0.208000,0.008003,0.000000,0.220000,-0.029898,0.000000,-0.216440,-0.976296,0.000000,0.098236,1.271741,0.933452,1.000000,0.840919,0.793187,0.000000,0.000000,0.272044,0.000000,0.010420,0.395577,-0.395830,0.002000,0.000000,0.000000,0.000000,0.000000,0.000000,0.000000,-0.282776,0.555011,0.000000,-0.155131,0.606134,1.000000,1.000000,1,0.00,candidate,1784045795,1784033100
cand-174,BTC,long,2.941023,5.411959,4.316593,2.428774,0.095933,0.366667,0.645683,0.001571,0.874668,0.000000,0.303744,2.220105,0.029604,-0.333333,0.335252,0.000000,0.000000,1.000000,0.000000,0.000000,0.917400,0.042546,0.208000,0.008003,0.000000,0.220000,-0.029898,0.000000,-0.216440,-0.976296,0.000000,-0.598869,2.359008,1.126843,1.000000,0.883074,0.916654,0.000000,0.000000,0.125113,0.000000,0.010420,0.395577,-0.842357,0.004000,0.000000,0.000000,0.125000,0.000000,0.000000,0.000000,-0.282776,0.311615,0.000000,-0.220947,0.529950,1.000000,0.852860,1,0.00,candidate,1784045795,1784033100
cand-175,BTC,long,1.161876,5.023330,4.459885,2.604253,0.096402,0.370000,0.418965,0.001569,0.888265,0.000000,0.140863,0.253145,0.030792,-0.333333,0.335252,0.000000,0.000000,1.000000,0.000000,0.000000,0.915087,0.036741,0.208000,0.008003,0.000000,0.220000,-0.029898,0.000000,-0.237686,-0.971342,0.000000,-0.738879,2.248726,1.349249,1.000000,0.935482,0.954062,0.000000,0.000000,0.147361,0.000000,0.013814,0.385394,-0.578106,0.002000,0.000000,0.000000,0.988000,0.000000,0.000000,0.000000,-0.282776,0.437122,0.000000,-0.158477,0.441013,1.000000,1.000000,1,0.00,candidate,1784045795,1784033400
cand-176,ETH,long,1.400641,6.000000,5.076796,3.266145,0.148664,0.433333,1.396392,0.086711,0.796238,0.000000,0.103732,0.372755,0.016870,-0.333333,0.452997,0.000000,0.000000,1.000000,0.000000,0.000000,0.915087,0.036741,0.208000,0.008003,0.000000,0.220000,-0.029898,0.000000,-0.237686,-0.971342,0.000000,0.341544,1.186186,0.654621,1.000000,0.894363,0.862953,0.000000,0.000000,0.313080,0.000000,0.013814,0.385394,-0.425243,0.002000,0.000000,0.000000,0.000000,0.000000,0.000000,0.000000,-0.282776,0.851552,0.000000,-0.171921,0.585366,1.000000,1.000000,1,0.00,candidate,1784045795,1784033400
cand-177,ETH,long,4.859356,6.000000,6.000000,3.755549,0.158903,0.480000,1.554715,0.085926,0.819567,-0.161213,-1.976137,2.123916,0.021369,-0.333333,0.452997,0.000000,0.000000,1.000000,0.000000,0.000000,0.967396,0.047247,0.208000,0.008003,0.000000,0.220000,0.028309,0.000000,-0.258819,-0.965926,0.000000,0.078877,1.598725,0.965535,1.000000,0.917552,0.873503,0.000000,0.000000,0.467919,0.000000,0.017431,0.374542,-0.233556,0.002000,0.000000,0.000000,0.495000,0.000000,0.000000,0.000000,-0.282776,0.0,0.000000,-0.099045,0.642247,1.000000,1.000000,1,0.00,candidate,1784045795,1784033700
cand-178,BTC,long,2.527224,6.000000,5.247743,2.928148,0.098209,0.396667,0.822876,0.001568,0.852791,0.000000,0.397832,0.695341,0.033686,-0.333333,0.335252,0.000000,0.000000,1.000000,0.000000,0.000000,0.968698,0.048533,0.208000,0.008003,0.000000,0.220000,0.028309,0.000000,-0.275637,-0.961262,0.000000,0.228350,3.000000,0.813407,1.000000,0.972911,0.979199,0.000000,0.000000,0.195499,0.000000,0.020315,0.365891,-0.328786,0.004000,0.000000,0.000000,0.904000,0.000000,0.000000,0.000000,-0.282776,0.302623,0.000000,-0.040445,0.798891,1.000000,1.000000,0,0.00,candidate,1784045795,1784033700
cand-179,ETH,long,-0.247939,5.195453,6.000000,3.562446,0.160461,0.480000,1.093018,0.107637,0.814806,0.000000,0.466523,0.828359,0.025857,-0.333333,0.452997,0.000000,0.000000,1.000000,0.000000,0.000000,0.726065,-0.088972,0.208000,0.007879,0.000000,0.220000,-0.027154,0.000000,-0.288196,-0.957571,0.000000,0.854279,0.516183,0.930374,1.000000,0.908910,0.860189,0.000000,0.000000,0.460147,0.000000,0.022289,0.359970,-0.330876,0.006000,0.000000,0.000000,0.498000,0.000000,0.000000,0.000000,-0.282776,0.467012,0.000000,-0.343971,-0.069614,1.000000,1.000000,1,0.00,candidate,1784045795,1784034000
cand-180,BTC,short,0.311040,-2.253550,-4.521656,-2.492976,0.100824,0.410000,0.546976,0.001570,0.863750,0.000000,-0.297524,-0.053890,-0.034468,0.333333,0.335252,0.000000,0.000000,1.000000,0.000000,0.000000,0.710785,-0.102875,0.208000,-0.007879,0.000000,0.220000,-0.027154,0.000000,-0.300706,-0.953717,0.000000,1.369851,-1.837707,1.007441,-1.000000,0.854097,0.342379,0.927573,0.000000,0.141147,0.000000,0.024452,0.353479,0.255293,0.012000,0.000000,0.000000,0.626000,0.000000,0.000000,0.000000,-0.282776,0.471331,-0.000000,0.380742,0.145652,-1.000000,1.000000,0,0.00,candidate,1784045795,1784034300
cand-181,BTC,long,-0.311040,2.253550,4.521656,2.492976,0.100824,0.410000,1.131881,0.001568,0.853791,0.000000,-0.368974,-0.053890,0.034708,-0.333333,0.335252,0.000000,0.000000,1.000000,0.000000,0.000000,0.709925,-0.103738,0.208000,0.007879,0.000000,0.220000,-0.027154,0.000000,-0.304864,-0.952396,0.000000,1.678857,1.837707,0.854520,1.000000,0.854097,0.887661,0.000000,0.000000,0.141147,0.000000,0.025537,0.350225,-0.413891,0.005000,0.000000,0.000000,0.910000,0.000000,0.000000,0.000000,-0.282776,0.682523,0.000000,-0.380742,-0.145652,1.000000,1.000000,1,0.00,candidate,1784045795,1784034300
cand-182,ETH,long,0.500047,4.507936,6.000000,3.420091,0.162617,0.503333,0.200631,0.199284,0.798613,0.000000,-0.252109,0.044658,0.030324,-0.333333,0.452997,0.000000,0.000000,1.000000,0.000000,0.000000,0.705453,-0.107329,0.208000,0.007879,0.000000,0.220000,-0.027154,0.000000,-0.321439,-0.946930,0.000000,-1.006099,0.375803,0.908909,1.000000,0.886255,0.825233,0.000000,0.000000,0.439742,0.000000,0.027702,0.343728,-0.578666,0.007000,0.000000,0.000000,0.114000,0.000000,0.000000,0.000000,-0.282776,0.568882,0.000000,0.186283,0.331140,1.000000,1.000000,1,0.00,candidate,1784045795,1784034600
cand-183,BTC,long,0.074647,1.521445,4.312731,2.480985,0.100839,0.410000,0.300866,0.001567,0.846965,0.000000,-0.119777,-0.145777,0.036049,-0.333333,0.335252,0.000000,0.000000,1.000000,0.000000,0.000000,0.703973,-0.108814,0.208000,0.007879,0.000000,0.220000,-0.008976,0.000000,-0.329691,-0.944089,0.000000,-0.788325,1.795636,0.771359,1.000000,0.857356,0.890178,0.000000,0.000000,0.142642,0.000000,0.029527,0.338255,-0.341428,0.016000,0.000000,0.000000,0.495000,0.000000,0.000000,0.000000,-0.282776,0.189081,0.000000,-0.105998,0.060150,1.000000,0.853195,1,0.00,candidate,1784045795,1784034600
cand-184,ETH,long,1.672977,2.774447,6.000000,3.653641,0.163231,0.503333,0.955511,0.777953,0.834632,-2.119741,-2.617143,-0.006293,0.032411,-0.333333,0.452997,0.000000,0.000000,1.000000,0.000000,0.000000,0.824407,0.001576,0.208000,0.007879,0.000000,0.220000,-0.008976,0.000000,-0.342020,-0.939693,0.000000,0.264743,0.217311,1.731391,1.000000,0.945580,0.916613,0.000000,0.000000,0.493084,0.000000,0.031335,0.332832,-1.275288,0.002000,0.000000,0.000000,0.528000,0.000000,0.000000,0.000000,-0.282776,0.720216,0.000000,0.059476,0.724286,1.000000,1.000000,1,0.00,candidate,1784045795,1784034900
cand-185,BTC,long,1.227070,0.880407,4.265764,2.741002,0.100768,0.410000,1.341469,0.001562,0.898974,-0.181888,-0.902675,-0.042200,0.036851,-0.333333,0.335252,0.000000,0.000000,1.000000,0.000000,0.000000,0.825446,0.002606,0.208000,0.007615,0.000000,0.220000,-0.008976,0.000000,-0.354291,-0.935135,0.000000,1.040603,1.109314,1.645704,1.000000,0.910924,0.931505,0.000000,0.000000,0.167180,0.000000,0.033274,0.327013,-0.813088,0.012000,0.000000,0.000000,0.967000,0.000000,0.000000,0.000000,-0.287254,0.000000,0.000000,-0.078745,0.712996,1.000000,1.000000,1,0.00,candidate,1784045795,1784034900
cand-187,BTC,long,-2.218097,-0.016844,4.336365,2.787894,0.106137,0.456667,0.876636,0.001565,0.816441,0.000000,-0.179456,0.138222,0.040671,-0.333333,0.335252,0.000000,0.000000,1.000000,0.000000,0.000000,0.732239,-0.076172,0.208000,0.007615,0.000000,0.220000,-0.004054,3.162278,-0.382683,-0.923880,0.000000,0.808538,0.991100,0.487991,1.000000,0.851411,0.869873,0.000000,0.000000,0.203237,0.000000,0.038334,0.311834,-0.474132,0.011000,0.000000,0.000000,0.036000,0.000000,0.000000,0.000000,-0.287254,0.534483,0.000000,0.026375,-0.837597,1.000000,1.000000,1,0.00,candidate,1784045795,1784035500
cand-188,ETH,long,0.283326,2.340680,6.000000,4.199885,0.172862,0.550000,1.082093,0.005342,0.813794,0.000000,1.327296,0.142549,0.032072,-0.333333,0.452997,0.000000,0.000000,1.000000,0.000000,0.000000,0.729922,-0.078490,0.208000,0.007615,0.000000,0.220000,-0.004054,3.162278,-0.386711,-0.922201,0.000000,0.879737,-0.004379,1.296897,1.000000,0.956085,0.920877,0.000000,0.000000,0.210755,0.000000,0.039053,0.309676,-0.376440,0.004000,0.000000,0.000000,0.249000,0.000000,0.000000,0.000000,-0.287254,0.664316,0.000000,-0.215463,0.163410,1.000000,0.853195,0,0.00,candidate,1784045795,1784035500
cand-190,BTC,long,1.553111,0.762289,2.015388,2.748249,0.108823,0.456667,1.071936,0.001567,0.887818,0.000000,0.244218,0.226577,0.047751,-0.333333,0.332255,0.000000,0.000000,1.000000,0.000000,0.000000,0.816946,0.005644,0.672000,0.004793,0.000000,0.220000,-0.090540,1.982139,-0.426569,-0.904455,0.000000,0.217437,1.041322,1.344002,1.000000,0.826110,0.847614,0.000000,0.000000,0.190069,0.000000,0.045808,0.289410,-0.315544,0.003000,0.000000,0.000000,0.077000,0.000000,0.000000,0.000000,-1.000000,0.0,0.000000,-0.038198,0.541395,1.000000,1.000000,1,0.00,candidate,1784045795,1784036100
cand-193,BTC,long,-1.769803,-0.000579,0.980043,2.538997,0.110648,0.466667,1.102844,0.001569,0.895463,0.000000,-0.105887,0.088358,0.049264,-0.333333,0.332255,0.000000,0.000000,1.000000,0.000000,0.000000,0.888953,0.069824,0.672000,0.004793,0.000000,0.220000,-0.090540,1.964706,-0.442289,-0.896873,0.000000,0.156945,0.680242,1.431472,1.000000,0.751697,0.781977,0.000000,0.000000,0.151238,0.000000,0.048736,0.280628,-0.767452,0.010000,0.000000,0.000000,0.692000,0.000000,0.000000,0.000000,-1.000000,0.000000,-0.579703,0.034768,-0.505455,1.000000,1.000000,1,0.00,candidate,1784045795,1784036400
cand-194,BTC,short,1.769803,0.000579,-0.980043,-2.538997,0.110648,0.466667,0.671445,0.001571,0.850659,-0.265734,-1.125036,0.088358,-0.050790,0.333333,0.332255,0.000000,0.000000,1.000000,0.000000,0.000000,0.889232,0.070112,0.672000,-0.004793,0.000000,0.220000,0.009134,1.964706,-0.450098,-0.892979,0.000000,1.283951,-0.680242,0.769714,-1.000000,0.751697,0.339971,0.925121,0.000000,0.151238,0.000000,0.050206,0.276217,0.397799,0.003000,0.000000,0.000000,0.000000,0.000000,0.000000,0.000000,-1.000000,0.416086,0.579703,-0.034768,0.505455,-1.000000,1.000000,0,0.00,candidate,1784045795,1784036400
cand-195,BTC,long,0.521826,-0.241673,0.393472,2.529642,0.111156,0.470000,0.347057,0.001568,0.886329,-0.063400,-0.862828,0.031311,0.051887,-0.333333,0.332255,0.000000,0.000000,1.000000,0.000000,0.000000,0.852464,0.037399,0.672000,0.004793,0.000000,0.220000,0.009134,1.487755,-0.461749,-0.887011,0.000000,0.589623,0.391654,1.286226,1.000000,0.768599,0.801432,0.000000,0.000000,0.162748,0.000000,0.052021,0.270772,-0.764199,0.007000,0.000000,0.000000,0.931000,0.000000,0.000000,0.000000,-1.000000,0.000000,0.000000,0.020282,0.174303,1.000000,1.000000,1,0.00,candidate,1784045795,1784036700
cand-197,BTC,long,-0.016871,-1.617292,0.097423,2.493054,0.111476,0.473333,1.130106,0.001569,0.901931,0.000000,0.387851,-0.208504,0.054365,-0.333333,0.332255,0.000000,0.000000,1.000000,0.000000,0.000000,0.849546,0.034604,0.672000,-0.000893,0.000000,0.220000,0.009134,1.875163,-0.480989,-0.876727,0.000000,0.704968,-0.446683,1.700607,1.000000,0.763916,0.800801,0.000000,0.000000,0.162375,0.000000,0.055781,0.259492,-0.741359,0.009000,0.000000,0.000000,0.906000,0.000000,0.000000,0.000000,-0.107346,0.146399,0.000000,-0.233474,-0.007246,1.000000,0.853195,1,0.00,candidate,1784045795,1784037000
cand-199,BTC,long,0.167367,-0.687157,-0.497239,2.479275,0.111424,0.473333,1.027396,0.001569,0.910253,0.271671,0.742364,-0.374362,0.056521,-0.333333,0.332255,0.000000,0.000000,1.000000,0.000000,0.000000,0.840812,0.025781,0.672000,-0.000893,0.000000,0.220000,0.014160,1.865010,-0.503774,-0.863836,0.000000,0.713085,-0.433634,1.976406,1.000000,0.770701,0.807054,0.000000,0.000000,0.166074,0.000000,0.059778,0.247503,-0.191673,0.009000,0.000000,0.000000,0.719000,0.000000,0.000000,0.000000,-0.107346,0.0,1.000000,0.203828,0.214414,1.000000,0.853195,1,0.00,candidate,1784045795,1784037300
cand-200,ETH,short,2.668176,1.349294,-0.159865,-3.175026,0.185368,0.616667,0.480215,0.021475,0.817578,0.000000,0.091627,-0.035450,-0.040228,0.333333,0.441233,0.000000,0.000000,1.000000,0.000000,0.000000,0.000000,0.000000,0.672000,0.000893,0.000000,0.220000,0.000000,0.000000,-0.526214,-0.850352,0.000000,-0.000000,0.315923,1.206280,-1.000000,0.777959,0.000000,0.507581,1.000000,0.026210,0.000000,0.002111,0.233535,0.104678,0.003000,0.000000,0.000000,0.055000,0.000000,0.000000,0.000000,0.314664,0.546262,-0.000000,0.005418,0.920160,-1.000000,1.000000,0,0.00,candidate,1784045795,1784037600
cand-201,BTC,long,1.494138,-1.093652,-0.268563,1.958124,0.116207,0.520000,0.949001,0.001572,0.842953,0.000000,0.304470,-0.243420,0.057526,-0.333333,0.334247,0.000000,0.000000,1.000000,0.000000,0.000000,1.000000,0.000000,0.672000,-0.000893,0.000000,0.220000,0.000000,0.000000,-0.540974,-0.841039,0.000000,0.000000,-0.621989,0.532102,1.000000,0.695407,0.743209,0.972317,0.000000,0.128304,0.000000,0.004276,0.227039,-0.781742,0.006000,0.000000,0.000000,0.000000,0.000000,0.000000,0.000000,0.314664,0.143862,0.000000,-0.034668,0.810850,1.000000,0.853195,1,0.00,candidate,1784045795,1784037900
cand-202,BTC,long,2.039111,0.433065,0.305840,2.239984,0.118040,0.533333,0.140501,0.001568,0.836313,0.000000,-0.292996,-0.170356,0.059171,-0.333333,0.334247,0.000000,0.000000,1.000000,0.000000,0.000000,0.997989,0.000479,0.672000,-0.000893,0.000000,0.220000,0.014307,0.000000,-0.555570,-0.831470,0.000000,-0.376491,-0.130539,0.614891,1.000000,0.790689,0.823962,0.000000,0.000000,0.176077,0.000000,0.007183,0.218320,-0.379633,0.009000,0.000000,0.000000,0.737000,0.000000,0.000000,0.000000,0.314664,0.252910,0.000000,0.117687,0.617056,1.000000,0.853195,1,0.00,candidate,1784045795,1784038200
cand-203,BTC,long,-0.379700,0.076722,-0.106174,2.205847,0.118407,0.533333,0.730194,0.001569,0.833820,0.000000,0.159155,-0.229097,0.058597,-0.333333,0.334247,0.000000,0.000000,1.000000,0.000000,0.000000,0.811761,-0.041432,0.672000,-0.001087,0.000000,0.220000,0.014307,0.000000,-0.577145,-0.816642,0.000000,0.467352,-0.320818,0.550357,1.000000,0.772874,0.808893,0.000000,0.000000,0.167162,0.000000,0.011745,0.204634,-0.401472,0.018000,0.000000,0.000000,0.978000,0.000000,0.000000,0.000000,0.053903,0.105555,0.000000,0.521735,-0.219493,1.000000,0.706391,1,0.00,candidate,1784045795,1784038500
cand-206,BTC,long,-0.379041,-0.071719,-1.125015,2.100916,0.118667,0.533333,0.103658,0.001568,0.863725,0.000000,-0.045336,-0.451341,0.058635,-0.333333,0.332074,0.000000,0.000000,1.000000,0.000000,0.000000,-1.000000,-0.000000,0.656000,-0.001143,0.000000,0.220000,0.000000,0.000000,-0.594823,-0.803857,0.000000,-1.071587,-0.200776,1.484411,1.000000,0.755059,0.793810,0.000000,0.000000,0.158239,0.000000,0.015107,0.194548,-0.474340,0.012000,0.000000,0.000000,0.771000,0.000000,0.000000,0.000000,-0.261449,0.887681,0.000000,0.039749,-0.325028,1.000000,0.706391,1,0.00,candidate,1784045795,1784038800
cand-209,BTC,long,0.505254,1.501897,0.315442,2.363602,0.120374,0.546667,0.801109,0.001564,0.881618,0.000000,-0.201839,-0.005326,0.057139,-0.333333,0.331405,0.000000,0.000000,1.000000,0.000000,0.000000,-0.329651,0.313714,0.644000,-0.001147,0.000000,0.220000,0.024122,0.000000,-0.639439,-0.768842,0.000000,0.000000,0.414911,1.180607,1.000000,0.861527,0.891631,0.000000,0.000000,0.216109,0.000000,0.024377,0.166737,-0.292469,0.016000,0.000000,0.000000,0.519000,0.000000,0.000000,0.000000,-0.732343,0.804364,0.000000,-0.172675,0.311502,1.000000,0.706391,1,0.00,candidate,1784045795,1784039700
cand-210,BTC,long,0.272321,0.795967,0.862777,2.302116,0.120512,0.546667,0.217261,0.001563,0.890889,0.000000,-0.091279,-0.375957,0.057309,-0.333333,0.331405,0.000000,0.000000,1.000000,0.000000,0.000000,-0.379409,0.305872,0.644000,-0.001202,0.000000,0.220000,0.024122,0.000000,-0.662620,-0.748956,0.000000,-0.124288,0.109151,1.234102,1.000000,0.875508,0.902604,0.000000,0.000000,0.222601,0.000000,0.028711,0.153736,-0.169764,0.023000,0.000000,0.000000,0.584000,0.000000,0.000000,0.000000,-0.891097,0.268707,0.000000,-0.284737,0.209325,1.000000,0.706391,1,0.00,candidate,1784045795,1784040000
cand-213,BTC,long,-0.666749,0.679854,0.534245,2.043947,0.120033,0.546667,0.341628,0.001563,0.863834,0.000000,-0.259990,-0.485594,0.056730,-0.333333,0.331405,0.000000,0.000000,1.000000,0.000000,0.000000,-0.508934,0.247032,0.644000,-0.001202,0.000000,0.220000,0.023504,0.000000,-0.685183,-0.728371,0.000000,0.124367,0.433582,0.910059,1.000000,0.841422,0.875838,0.000000,0.000000,0.206766,0.000000,0.034014,0.137827,-0.518724,0.007000,0.000000,0.000000,0.687000,0.000000,0.000000,0.000000,-0.891097,0.178744,-1.000000,0.128808,-0.569522,1.000000,0.706391,1,0.00,candidate,1784045795,1784040300
cand-214,BTC,long,1.390204,1.397285,0.938081,2.386677,0.120481,0.546667,0.955511,0.001563,0.953068,0.000000,-0.340160,-0.372895,0.057160,-0.333333,0.331405,0.000000,0.000000,1.000000,0.000000,0.000000,-0.401423,0.348578,0.644000,-0.001202,0.000000,0.220000,0.023504,0.000000,-0.688355,-0.725374,0.000000,0.820013,0.433582,3.000000,1.000000,0.912789,0.931830,0.000000,0.000000,0.239891,0.004026,0.034775,0.135543,-0.632413,0.026000,0.000000,0.000000,1.000000,0.000000,0.000000,0.000000,-0.891097,0.663743,1.000000,0.093727,0.693851,1.000000,0.706391,1,0.00,candidate,1784045795,1784040600
cand-217,BTC,long,0.883845,2.086360,2.763099,2.999115,0.124554,0.560000,0.505709,0.001556,0.835453,0.000000,-0.463705,0.918998,0.059620,-0.333333,0.331405,0.000000,0.000000,1.000000,0.000000,0.000000,0.524808,1.000000,0.644000,-0.001318,0.000000,0.220000,-0.018050,0.000000,-0.719340,-0.694658,0.000000,-0.166354,0.572967,0.592686,1.000000,0.949432,0.954104,0.000000,0.000000,0.318048,0.023688,0.041739,0.114651,-0.411232,0.006000,0.000000,0.000000,0.685000,0.000000,0.000000,0.000000,-0.768253,0.574774,0.000000,-0.083360,0.320507,1.000000,0.853195,1,0.00,candidate,1784045795,1784041200
cand-219,BTC,long,-1.320942,1.329786,1.956898,2.754477,0.125751,0.563333,1.142251,0.001557,0.850058,0.000000,-0.017879,0.159203,0.062124,-0.333333,0.331405,0.000000,0.000000,1.000000,0.000000,0.000000,0.691043,1.000000,0.644000,-0.001318,0.000000,0.220000,-0.018050,0.169943,-0.737277,-0.675590,0.000000,0.388815,0.308859,0.733373,1.000000,0.888036,0.898612,0.000000,0.000000,0.285327,0.000000,0.045514,0.103327,-0.425235,0.012000,0.000000,0.000000,0.683000,0.001000,0.000000,0.000000,-0.768253,0.659447,-0.754944,0.153603,-0.608077,1.000000,0.853195,1,0.00,candidate,1784045795,1784041500
cand-222,BTC,long,-0.663206,0.949169,1.209085,2.556951,0.126093,0.563333,0.974327,0.001559,0.932097,0.000000,0.079624,-0.484829,0.063209,-0.333333,0.331405,0.000000,0.000000,1.000000,0.000000,0.000000,0.624257,1.000000,0.644000,-0.000718,0.000000,0.220000,0.082068,0.110956,-0.754710,-0.656059,0.000000,-0.121605,0.419975,2.542360,1.000000,0.854242,0.870640,0.000000,0.000000,0.268834,0.000000,0.049797,0.090478,-0.496480,0.028000,0.000000,0.000000,0.000000,0.000000,0.000000,0.000000,-0.768253,0.014282,0.000000,-0.087687,-0.500000,1.000000,0.706391,1,0.00,candidate,1784045795,1784041800
cand-223,BTC,long,1.324458,1.742131,1.686899,2.718909,0.126813,0.573333,0.270526,0.001555,0.879554,0.000000,-0.451357,-0.301770,0.064242,-0.333333,0.331405,0.000000,0.000000,1.000000,0.000000,0.000000,0.206463,0.739525,0.644000,-0.000718,0.000000,0.220000,0.082068,-0.003591,-0.766044,-0.642788,0.000000,-0.703801,0.246996,1.155969,1.000000,0.917379,0.926797,0.000000,0.000000,0.301946,0.007320,0.052825,0.081392,-0.414351,0.037000,0.000000,0.000000,0.661000,0.000000,0.000000,0.000000,-0.508780,0.263778,1.000000,-0.011731,0.714097,1.000000,0.706391,1,0.00,candidate,1784045795,1784042100
cand-226,BTC,long,-0.474577,1.005558,1.646910,2.630665,0.127196,0.576667,1.081170,0.001557,0.894488,0.008373,0.137095,-0.282703,0.065114,-0.333333,0.326724,0.000000,0.000000,1.000000,0.000000,0.000000,1.000000,0.000000,0.668000,-0.000714,0.000000,0.220000,0.000000,0.000000,-0.779884,-0.625923,0.000000,0.000000,0.011724,1.437725,1.000000,0.893226,0.906625,0.000000,0.000000,0.290052,0.000000,0.055986,0.071911,-0.169183,0.036000,0.000000,0.000000,0.885000,0.000000,0.000000,0.000000,0.548451,0.799844,0.000000,-0.407349,-0.316993,1.000000,0.706391,1,0.00,candidate,1784045795,1784042400
cand-230,BTC,long,-0.596496,2.553307,2.660103,3.233435,0.138354,0.666667,0.360299,0.001545,0.914957,-0.566857,-0.690695,-0.007583,0.074570,-0.333333,0.322778,0.000000,0.000000,1.000000,0.000000,0.000000,0.000000,0.000000,0.616000,-0.000789,0.000000,0.220000,0.000000,0.000000,-0.826590,-0.562805,0.000000,0.000000,0.104337,1.276797,1.000000,0.872233,0.845627,0.000000,0.000000,0.467499,0.111677,0.068700,0.033768,-0.726160,0.008000,0.000000,0.000000,0.602000,0.000000,0.000000,0.000000,-0.469346,0.000000,0.000000,0.240113,-0.410138,1.000000,0.853195,0,0.00,candidate,1784049316,1784043300
cand-233,BTC,long,0.509111,2.317687,2.761363,3.255995,0.139168,0.670000,1.295065,0.001544,0.906826,-0.081890,-0.414378,-0.261042,0.076315,-0.333333,0.322778,0.000000,0.000000,1.000000,0.000000,0.000000,0.604997,0.185756,0.616000,-0.000789,0.000000,0.220000,0.000000,0.000000,-0.843391,-0.537300,0.000000,-0.207078,0.215556,1.188591,1.000000,0.874745,0.848676,0.000000,0.000000,-0.005935,0.000000,0.073046,0.020731,-0.250688,0.006000,0.000000,0.000000,0.813000,0.000000,0.000000,0.000000,-0.469346,0.539797,0.575000,-0.022014,0.554885,1.000000,0.853195,0,0.00,candidate,1784049316,1784043900
cand-239,BTC,long,1.408296,0.235394,1.889145,3.257524,0.145001,0.700000,0.917419,0.001543,0.873584,0.000000,-0.376261,-0.502414,0.086240,-0.333333,0.322231,0.000000,0.000000,1.000000,0.000000,0.000000,1.000000,0.000000,0.328000,-0.001825,0.000000,0.220000,0.000000,0.000000,-0.891007,-0.453990,0.000000,0.775854,-0.210383,1.068424,1.000000,0.895308,0.873614,0.000000,0.000000,0.008964,0.000000,0.088327,0.974888,-0.342667,0.007000,0.000000,0.000000,0.258000,0.000000,0.000000,0.000000,0.819395,0.008012,0.000000,0.040970,0.715368,1.000000,0.853195,0,0.00,candidate,1784049316,1784045100
cand-104-dup1447a98,BTC,short,0.322932,0.866383,0.005394,-0.176009,0.116044,0.516667,0.239369,0.001550,0.833300,0.000000,-0.190421,0.452888,-0.100000,0.333333,0.323765,0.000000,0.000000,1.000000,0.000000,0.000000,0.973174,-0.009005,0.396000,-0.001204,0.000000,0.220000,0.000000,0.000000,-0.453990,0.891007,0.000000,0.746371,0.187200,0.513707,-1.000000,0.373529,0.906606,0.000000,0.000000,-0.075606,0.000000,0.006801,0.224003,0.003178,0.022000,0.000000,0.000000,0.974000,0.000000,0.000000,0.000000,0.000000,0.367333,-0.000000,0.437466,0.298160,-1.000000,1.000000,0,0.00,candidate,1784067918,1784066700
cand-105-dup1447a98,ETH,short,0.644033,0.868061,0.733439,-0.188822,0.114429,0.263333,0.583573,0.005343,0.832529,0.000000,0.011900,0.231047,-0.016938,0.333333,0.437347,0.000000,0.000000,1.000000,0.000000,0.000000,0.981245,-0.002818,0.396000,-0.001204,0.000000,0.220000,-0.011587,0.000000,-0.438371,0.898794,0.000000,-0.000000,0.296197,1.329234,0.000000,0.326607,0.922181,0.000000,0.000000,-0.026235,0.000000,0.009333,0.216408,0.136219,0.018000,0.000000,0.000000,0.380000,0.000000,0.000000,0.000000,0.000000,0.809393,-0.000000,-0.090166,0.466216,-1.000000,0.875000,0,0.00,candidate,1784067918,1784067000
cand-107-dup1447a98,ETH,long,1.704979,-0.150889,-0.184998,0.342903,0.113942,0.263333,1.153720,0.031916,0.788398,-0.857543,-1.980182,0.297030,0.014263,-0.333333,0.437347,0.000000,0.000000,1.000000,0.000000,0.000000,0.043609,-0.132150,0.396000,0.001204,0.000000,0.220000,-0.011587,0.000000,-0.418660,0.908143,0.000000,1.724764,0.090252,0.685665,0.000000,0.598655,0.904559,0.000000,0.000000,0.012632,0.000000,0.013065,0.205211,-0.029255,0.005000,0.000000,0.000000,0.918000,0.003000,0.000000,0.000000,0.000000,0.847386,0.000000,0.020019,0.856132,1.000000,0.750000,1,0.00,candidate,1784068522,1784067300
cand-110-dup1447a98,ETH,long,-0.371269,1.003882,0.457350,0.749266,0.114548,0.263333,1.297233,0.200951,0.866002,-3.461717,-4.376444,0.082522,0.010484,-0.333333,0.437347,0.000000,0.000000,1.000000,0.000000,0.000000,0.766153,0.091733,0.396000,0.001308,0.000000,0.220000,0.106137,0.000000,-0.370557,0.928810,0.000000,0.830454,0.392406,2.160643,1.000000,0.736842,0.917584,0.000000,0.000000,0.067789,0.000000,0.021411,0.180173,-0.171836,0.007000,0.000000,0.000000,0.573000,0.000000,0.000000,0.000000,0.121613,0.432034,0.000000,0.341823,-0.341991,1.000000,1.000000,1,0.00,candidate,1784068522,1784067900
cand-112-dup1447a98,ETH,long,5.070155,3.319841,2.004467,1.282618,0.123883,0.330000,0.310133,0.126851,0.830941,0.000000,-1.591434,5.000000,0.010043,-0.333333,0.437347,0.000000,0.000000,1.000000,0.000000,0.000000,0.438413,-0.017417,0.396000,0.001308,0.000000,0.220000,0.106137,0.000000,-0.362438,0.932008,0.000000,0.069818,0.556588,1.270557,1.000000,0.800733,0.904186,0.000000,0.000000,0.134426,0.126882,0.022623,0.176535,-0.161180,0.006000,0.000000,0.000000,0.285000,0.000000,0.000000,0.000000,0.121613,0.328249,1.000000,-0.091060,0.661642,1.000000,1.000000,0,0.00,candidate,1784070324,1784068200
cand-108-dup1447a98,ETH,long,2.740697,1.103919,0.690649,0.887366,0.116347,0.270000,1.133182,0.005320,0.823341,0.000000,0.158527,5.000000,0.013750,-0.333333,0.437347,0.000000,0.000000,1.000000,0.000000,0.000000,0.751055,0.080559,0.396000,0.001204,0.000000,0.220000,-0.012941,0.000000,-0.398749,0.917060,0.000000,-0.020538,0.537435,1.177444,1.000000,0.782117,0.931792,0.000000,0.000000,0.076265,0.004306,0.016354,0.195343,-0.276577,0.008000,0.000000,0.000000,0.858000,0.010000,0.000000,0.000000,0.121613,0.548051,0.000000,-0.121098,0.557209,1.000000,0.875000,0,0.00,candidate,1784079930,1784067600
cand-114-dup1447a98,ETH,short,2.706380,-2.197109,-1.127177,-0.659513,0.126731,0.333333,0.535780,0.005299,0.793766,0.000000,0.371630,1.006059,-0.007926,0.333333,0.437347,0.000000,0.000000,1.000000,0.000000,0.000000,0.363102,-0.047754,0.396000,-0.001308,0.000000,0.220000,0.106137,0.000000,-0.333807,0.942641,0.000000,0.845913,-0.548017,0.799401,-1.000000,0.563370,0.728183,0.953254,1.000000,0.066174,0.057968,0.027688,0.161342,0.169540,0.012000,0.000000,0.000000,0.000000,0.000000,0.000000,0.000000,0.121613,0.435382,-0.000000,-0.005653,0.812030,-1.000000,1.000000,1,0.00,candidate,1784079930,1784068500
cand-116-dup1447a98,ETH,long,0.194456,2.539576,1.235680,0.857302,0.125408,0.330000,1.169976,0.005301,0.805827,0.000000,0.019562,-0.014865,0.006398,-0.333333,0.437347,0.000000,0.000000,1.000000,0.000000,0.000000,0.335876,-0.070658,0.396000,0.001308,0.000000,0.220000,-0.046232,0.000000,-0.317305,0.948324,0.000000,1.546650,0.569022,0.907881,1.000000,0.578056,0.797512,0.000000,0.000000,0.071034,0.062861,0.030224,0.153734,-0.087460,0.012000,0.000000,0.000000,0.000000,0.007000,0.000000,0.000000,0.121613,0.620185,0.000000,-0.350887,0.143731,1.000000,1.000000,0,0.00,candidate,1784079930,1784068800
cand-118-dup1447a98,ETH,long,-0.865815,1.569947,1.012355,0.634926,0.124349,0.330000,1.160328,0.005307,0.744107,0.000000,-0.289049,0.022510,0.003125,-0.333333,0.437347,0.000000,0.000000,1.000000,0.000000,0.000000,0.325493,-0.078172,0.396000,0.001208,0.000000,0.220000,-0.013425,0.000000,-0.288196,0.957571,0.000000,-0.009648,0.236217,0.376924,1.000000,0.503314,0.761387,0.000000,0.000000,0.049567,0.024457,0.035382,0.138260,-0.201642,0.010000,0.000000,0.000000,0.000000,0.003000,0.000000,0.000000,0.121613,0.704390,-1.000000,-0.072971,-0.444201,1.000000,1.000000,0,0.00,candidate,1784079930,1784069100
cand-120-dup1447a98,ETH,long,-0.459042,0.338296,0.973247,0.624164,0.123725,0.330000,1.259276,0.005312,0.748957,0.000000,0.316921,-0.086522,0.002953,-0.333333,0.437347,0.000000,0.000000,1.000000,0.000000,0.000000,0.318236,-0.084451,0.396000,0.001208,0.000000,0.220000,-0.013425,0.000000,-0.279829,0.960050,0.000000,0.098948,-0.141986,0.410413,1.000000,0.463918,0.742314,0.970886,0.000000,0.038233,0.013088,0.036838,0.133892,-0.143405,0.023000,0.000000,0.000000,0.115000,0.005000,0.000000,0.000000,0.121613,0.734685,0.000000,0.036604,-0.572193,1.000000,0.875000,0,0.00,candidate,1784079930,1784069400
cand-134-dup1447a98,ETH,long,1.146711,-0.521097,-0.249100,0.071431,0.105457,0.226667,0.644496,0.005330,0.822573,0.000000,0.074636,-0.132128,0.020917,-0.333333,0.437161,0.000000,0.000000,1.000000,0.000000,0.000000,0.961299,0.082874,0.012000,0.001960,0.000000,0.250000,0.003046,0.000000,0.390731,0.920505,0.000000,0.948854,0.036727,0.994323,0.000000,0.273932,0.650033,0.864592,0.000000,-0.125013,0.000000,0.146042,0.806279,-0.183845,0.013000,0.000000,0.000000,0.559000,0.000000,0.000000,0.000000,0.116607,0.015588,0.000000,-0.051088,0.773973,1.000000,0.875000,0,0.00,candidate,1784081407,1784078700
cand-125-dc1,ETH,short,-0.802436,-0.006102,1.430062,-0.473985,0.106707,0.230000,0.162554,0.005319,0.820033,0.000000,-0.021870,-0.294099,-0.011477,0.333333,0.436291,0.000000,0.000000,1.000000,0.000000,0.000000,0.822241,-0.097385,0.016000,-0.001960,0.000000,0.250000,-0.012571,0.000000,0.246153,0.969231,0.000000,-0.408393,0.059549,1.325069,0.000000,0.377393,0.818367,0.877996,1.000000,-0.104235,0.000000,0.121528,0.879821,0.140921,0.010000,0.000000,0.000000,0.922000,0.000000,0.000000,0.000000,0.000000,0.003541,-0.000000,-0.079470,-0.713656,-1.000000,0.750000,1,0.00,candidate,1784082615,1784076600
cand-132-dc1,BTC,long,1.256025,0.190033,-0.238138,0.510448,0.078900,0.220000,0.292005,0.001543,0.874085,0.000000,-0.096734,-0.159292,0.088397,-0.333333,0.322508,0.000000,0.000000,1.000000,0.000000,0.000000,0.960878,0.082442,0.012000,0.001960,0.000000,0.250000,0.003046,0.000000,0.382683,0.923880,0.000000,-0.839049,-0.134608,1.034222,0.000000,0.542922,0.854869,0.943532,1.000000,-0.035924,0.000000,0.144245,0.811670,0.054634,0.015000,0.000000,0.000000,0.506000,0.000000,0.000000,0.000000,0.116607,0.533421,0.000000,-0.020082,0.858289,1.000000,0.875000,0,0.00,candidate,1784082615,1784078700
cand-111-dc1,BTC,long,-0.991223,1.371377,1.040432,0.777604,0.116816,0.523333,0.785058,0.001540,0.877494,0.000000,-0.432121,0.152424,0.100000,-0.333333,0.323765,0.000000,0.000000,1.000000,0.000000,0.000000,0.766298,0.091877,0.396000,0.001308,0.000000,0.220000,0.106137,0.000000,-0.366501,0.930418,0.000000,1.692009,0.281675,0.897137,1.000000,0.733268,0.902373,0.000000,0.000000,0.037504,0.028730,0.021900,0.178705,-0.217060,0.008000,0.000000,0.000000,0.434000,0.000000,0.000000,0.000000,0.121613,0.295274,0.000000,0.030972,-0.743083,1.000000,1.000000,0,0.00,candidate,1784082927,1784067900
cand-115-dc1,BTC,long,-0.395091,1.919658,0.747412,0.577464,0.116545,0.523333,1.154117,0.001541,0.880128,0.000000,0.048725,0.372831,0.100000,-0.333333,0.323765,0.000000,0.000000,1.000000,0.000000,0.000000,0.363124,-0.047735,0.396000,0.001308,0.000000,0.220000,0.106137,0.000000,-0.329691,0.944089,0.000000,1.380572,0.682041,0.994585,1.000000,0.751649,0.909119,0.000000,0.000000,0.039040,0.030499,0.028049,0.160259,-0.416414,0.030000,0.000000,0.000000,0.000000,0.000000,0.000000,0.000000,0.121613,0.215213,0.000000,-0.323352,-0.328933,1.000000,0.875000,0,0.00,candidate,1784082927,1784068500
cand-151-dc1,BTC,short,1.112243,1.204739,1.847340,1.193573,0.075936,0.210000,0.297225,0.001552,0.892037,0.000000,-0.124002,0.985002,-0.095257,0.333333,0.323046,0.000000,0.000000,1.000000,0.000000,0.000000,0.948530,0.214242,0.000000,-0.002445,0.000000,0.250000,-0.021850,0.000000,0.622515,0.782608,0.000000,-0.455051,0.287634,1.327853,0.000000,0.033393,0.990388,0.000000,0.000000,-0.134285,-0.037531,0.188990,0.677437,0.315943,0.033000,0.000000,0.000000,0.539000,0.000000,0.000000,0.000000,0.114809,0.307909,-0.000000,-0.064741,0.744186,-1.000000,0.875000,0,0.00,candidate,1784087723,1784082300
cand-152-dc1,BTC,short,-0.957369,1.349518,0.964830,1.183846,0.075959,0.210000,0.583843,0.001550,0.844445,0.000000,-0.065161,-0.537754,-0.098107,0.333333,0.324433,0.000000,0.000000,1.000000,0.000000,0.000000,0.741813,0.055881,0.020000,-0.002445,0.000000,0.250000,-0.018254,0.000000,0.652760,0.757565,0.000000,0.286618,0.198637,0.645154,0.000000,0.118650,0.963679,0.000000,0.000000,-0.129229,-0.023337,0.194921,0.659643,0.216159,0.025000,0.000000,0.000000,0.989000,0.000000,0.000000,0.000000,0.114809,0.111204,-0.766340,0.103546,-0.676768,-1.000000,0.875000,0,0.00,candidate,1784087723,1784082900
cand-4ee27cea-210,ETH,short,1.609008,0.063883,1.070462,0.590380,0.106078,0.226667,0.710517,0.005356,0.829928,0.000000,-0.036154,-0.442052,-0.039816,0.333333,0.438491,0.000000,0.000000,1.000000,0.000000,0.000000,0.950535,0.276383,0.000000,-0.002445,0.000000,0.250000,0.008544,0.000000,0.577145,0.816642,0.000000,0.100501,0.093183,1.277592,0.000000,0.035613,0.979829,0.000000,0.000000,-0.249852,-0.086638,0.179846,0.704868,-0.024102,0.034000,0.000000,0.000000,0.693000,0.000000,0.000000,0.000000,0.114809,0.392070,1.000000,-0.013699,0.726651,-1.000000,0.750000,0,0.00,candidate,1784088916,1784081700
cand-4ee27cea-212,ETH,short,0.232401,0.505055,1.319766,1.058481,0.106008,0.226667,1.192173,0.037515,0.819788,0.000000,-0.106817,-0.303576,-0.041094,0.333333,0.438491,0.000000,0.000000,1.000000,0.000000,0.000000,0.951670,0.274841,0.000000,-0.002445,0.000000,0.250000,0.008544,0.000000,0.594823,0.803857,0.000000,0.206743,0.134214,1.102706,0.000000,0.041949,0.975718,0.000000,0.000000,-0.253147,-0.086354,0.183460,0.694027,0.182182,0.011000,0.000000,0.000000,0.889000,0.000000,0.000000,0.000000,0.114809,0.405794,-0.000000,-0.154544,0.171642,-1.000000,0.750000,0,0.00,candidate,1784088916,1784082000
cand-4ee27cea-215,BTC,short,-0.515521,1.195226,0.865772,1.029586,0.075752,0.210000,0.675325,0.001550,0.852964,0.000000,0.018696,-0.885251,-0.098607,0.333333,0.324433,0.000000,0.000000,1.000000,0.000000,0.000000,0.768344,0.079759,0.020000,-0.002445,0.000000,0.250000,-0.018254,0.000000,0.662620,0.748956,0.000000,0.091482,0.224246,0.738977,0.000000,0.161181,0.950678,0.000000,0.000000,-0.121370,-0.015535,0.196752,0.654149,0.278646,0.045000,0.000000,0.000000,0.913000,0.000000,0.000000,0.000000,0.114809,0.265889,-0.000000,-0.000000,-0.992095,-1.000000,0.875000,0,0.00,candidate,1784088916,1784083200
cand-4ee27cea-199,ETH,short,0.902166,1.448562,1.707902,0.624485,0.106182,0.230000,0.825440,0.005356,0.817518,0.000000,-0.112009,0.021963,-0.026869,0.333333,0.438491,0.000000,0.000000,1.000000,0.000000,0.000000,0.432622,0.103013,0.000000,-0.002445,0.000000,0.250000,0.000000,0.000000,0.461749,0.887011,0.000000,0.058379,0.100206,1.182277,0.000000,0.031959,0.982153,0.000000,0.000000,-0.243718,-0.074829,0.157925,0.770630,-0.032139,0.015000,0.000000,0.000000,0.918000,0.000000,0.000000,0.000000,0.116607,0.000000,-0.000000,-0.067943,0.542424,-1.000000,1.000000,0,0.00,candidate,1784091024,1784079900
cand-acac5a43-355,ETH,short,1.754363,1.182686,1.349872,0.504520,0.106006,0.226667,0.767060,0.005354,0.825548,0.000000,-0.270162,1.819443,-0.025125,0.333333,0.438491,0.000000,0.000000,1.000000,0.000000,0.000000,-1.000000,0.000000,0.000000,-0.002445,0.000000,0.250000,0.000000,0.000000,0.446198,0.894934,0.000000,-0.000000,0.039257,1.594226,0.000000,0.087708,0.951145,0.000000,0.000000,-0.224335,-0.055733,0.155386,0.778249,0.248903,0.008000,0.000000,0.000000,0.647000,0.000000,0.000000,0.000000,0.116607,0.373330,-0.000000,-0.173664,0.531394,-1.000000,1.000000,0,0.00,candidate,1784095214,1784079600
cand-acac5a43-357,ETH,short,-0.846653,1.358989,1.696060,0.450767,0.106194,0.230000,0.245111,0.005351,0.826784,0.000000,0.318136,-0.156171,-0.029365,0.333333,0.438491,0.000000,0.000000,1.000000,0.000000,0.000000,0.483851,0.127253,0.000000,-0.002445,0.000000,0.250000,-0.005789,0.000000,0.480989,0.876727,0.000000,-1.073274,0.168170,1.276029,0.000000,0.086526,0.951677,0.000000,0.000000,-0.227658,-0.063460,0.161541,0.759784,0.181912,0.009000,0.000000,0.000000,0.536000,0.000000,0.000000,0.000000,0.116607,0.231895,-0.000000,-0.140611,-0.621324,-1.000000,1.000000,0,0.00,candidate,1784095214,1784080200
cand-acac5a43-360,ETH,short,-0.131195,1.773565,1.620664,0.419564,0.106006,0.226667,1.233478,0.016060,0.812272,-0.050459,-0.304144,-0.378296,-0.033212,0.333333,0.438491,0.000000,0.000000,1.000000,0.000000,0.000000,0.491480,0.132047,0.000000,-0.002445,0.000000,0.250000,0.003582,0.000000,0.515038,0.857167,0.000000,2.000000,0.261856,0.913416,0.000000,0.094828,0.947049,0.000000,0.000000,-0.224845,-0.060687,0.167798,0.741013,0.074940,0.016000,0.000000,0.000000,0.465000,0.000000,0.000000,0.000000,0.116607,0.295288,-0.000000,-0.286578,-0.173333,-1.000000,0.875000,0,0.00,candidate,1784095214,1784080500
cand-acac5a43-363,ETH,short,-0.593721,0.701442,0.789656,0.268461,0.105437,0.226667,0.363847,0.144458,0.788206,0.000000,0.189557,-0.345933,-0.034958,0.333333,0.438491,0.000000,0.000000,1.000000,0.000000,0.000000,0.606104,0.216964,0.000000,-0.002445,0.000000,0.250000,0.003582,0.000000,0.537300,0.843391,0.000000,-0.762688,0.002783,0.658797,0.000000,0.104633,0.940807,0.000000,0.000000,-0.226131,-0.063285,0.171761,0.729123,0.211292,0.013000,0.000000,0.000000,0.690000,0.000000,0.000000,0.000000,0.116607,0.380394,-0.000000,-0.320941,-0.310160,-1.000000,0.750000,0,0.00,candidate,1784095214,1784081100
cand-acac5a43-366,ETH,short,-0.506805,-0.225529,0.680738,0.094307,0.105511,0.226667,0.610016,0.005355,0.826880,-0.001372,-0.397004,-0.036602,-0.038678,0.333333,0.438491,0.000000,0.000000,1.000000,0.000000,0.000000,0.613581,0.212711,0.000000,-0.002445,0.000000,0.250000,0.005498,0.000000,0.569997,0.821647,0.000000,0.543709,0.005411,1.226472,0.000000,0.136149,0.923019,0.000000,0.000000,-0.215319,-0.052621,0.178048,0.710261,-0.021421,0.007000,0.000000,0.000000,0.333000,0.000000,0.000000,0.000000,0.114809,0.452324,-0.000000,0.415208,-0.355634,-1.000000,0.875000,0,0.00,candidate,1784095214,1784081400
cand-acac5a43-368,BTC,short,2.273925,0.501412,0.735827,0.479619,0.075869,0.210000,0.429121,0.001549,0.870918,0.000000,-0.093651,0.022437,-0.093445,0.333333,0.323046,0.000000,0.000000,1.000000,0.000000,0.000000,0.950738,0.276578,0.000000,-0.002445,0.000000,0.250000,0.008544,0.000000,0.584250,0.811574,0.000000,-0.110897,0.016599,0.987943,0.000000,0.006079,0.998348,0.000000,0.000000,-0.111461,-0.014876,0.181304,0.700494,0.075129,0.025000,0.000000,0.000000,0.793000,0.000000,0.000000,0.000000,0.114809,0.086366,1.000000,-0.000778,0.972101,-1.000000,0.875000,0,0.00,candidate,1784095214,1784081700
cand-acac5a43-374,BTC,short,-0.020591,-0.562660,0.453854,1.119850,0.075169,0.210000,0.401292,0.001549,0.866480,0.000000,-0.068696,-0.498891,-0.100000,0.333333,0.323908,0.000000,0.000000,1.000000,0.000000,0.000000,0.736557,-0.091571,0.132000,-0.002445,0.000000,0.250000,0.000000,0.000000,0.760406,0.649448,0.000000,0.993897,-0.188422,1.194302,0.000000,0.274093,0.916214,0.976371,1.000000,-0.100535,0.000000,0.219291,0.586534,0.182412,0.027000,0.000000,0.000000,0.304000,0.000000,0.000000,0.000000,0.000000,0.541510,-0.000000,0.322760,-0.017762,-1.000000,0.750000,0,0.00,candidate,1784095214,1784085000
cand-acac5a43-375,ETH,short,0.472737,-0.741392,-0.237495,1.135566,0.104101,0.220000,0.357515,0.005351,0.806228,0.000000,0.157748,-0.815564,-0.065327,0.333333,0.439235,0.000000,0.000000,1.000000,0.000000,0.000000,0.745413,-0.068373,0.132000,-0.002445,0.000000,0.250000,0.017256,0.000000,0.768842,0.639439,0.000000,-0.000000,-0.147332,0.995071,0.000000,0.182624,0.904405,0.971999,1.000000,-0.226067,-0.064993,0.221102,0.581099,0.195271,0.032000,0.000000,0.000000,0.583000,0.000000,0.000000,0.000000,0.000000,0.106617,-0.000000,-0.030400,0.630137,-1.000000,0.750000,0,0.00,candidate,1784095214,1784085300
cand-acac5a43-322,BTC,long,-0.842017,-0.410509,0.236386,0.050338,0.116334,0.520000,1.044573,0.001549,0.898594,0.000000,0.042479,0.144222,0.100000,-0.333333,0.323765,0.000000,0.000000,1.000000,0.000000,0.000000,1.000000,0.000000,0.396000,0.001204,0.000000,0.220000,0.000000,0.000000,-0.480989,0.876727,0.000000,0.000000,-0.147203,1.367948,1.000000,0.423498,0.855911,0.000000,0.000000,-0.068084,0.000000,0.001709,0.239280,-0.435933,0.032000,0.000000,0.000000,0.288000,0.000000,0.000000,0.000000,0.000000,0.269546,-1.000000,0.098286,-0.684324,1.000000,0.875000,0,0.00,candidate,1784095538,1784066400
cand-acac5a43-348,ETH,short,0.930981,0.860144,1.964584,0.134376,0.108219,0.240000,0.826015,0.005333,0.833162,0.132976,0.381832,-0.036232,-0.014306,0.333333,0.437161,0.000000,0.000000,1.000000,0.000000,0.000000,0.956956,-0.008168,0.012000,-0.001960,0.000000,0.250000,0.000000,0.000000,0.309017,0.951057,0.000000,-0.306844,0.132186,1.065761,0.000000,0.152798,0.926221,0.000000,0.000000,-0.169642,0.000000,0.131794,0.849023,0.151980,0.015000,0.000000,0.000000,0.644000,0.000000,0.000000,0.000000,0.000000,0.166740,-0.000000,-0.073651,0.600000,-1.000000,0.875000,0,0.00,candidate,1784095820,1784077500
cand-acac5a43-349,ETH,short,-0.626003,1.036867,0.728852,0.019509,0.106474,0.230000,1.140138,0.005326,0.836661,0.181938,0.545938,-0.369686,-0.019740,0.333333,0.437161,0.000000,0.000000,1.000000,0.000000,0.000000,0.873795,0.017834,0.012000,-0.001960,0.000000,0.250000,0.003046,0.000000,0.366501,0.930418,0.000000,0.314123,0.078424,1.165684,0.000000,0.190353,0.908138,0.000000,0.000000,-0.158675,0.000000,0.141728,0.819221,0.167752,0.015000,0.000000,0.000000,0.144000,0.000000,0.000000,0.000000,0.116607,0.454680,-0.000000,-0.057939,-0.397436,-1.000000,0.750000,0,0.00,candidate,1784095820,1784078400
cand-acac5a43-354,ETH,short,0.916764,0.084810,0.435582,-0.008777,0.105165,0.223333,0.364113,0.031991,0.827928,0.000000,-0.216060,-0.407172,-0.022420,0.333333,0.437161,0.000000,0.000000,1.000000,0.000000,0.000000,0.970989,0.098257,0.012000,-0.001960,0.000000,0.250000,0.002395,0.000000,0.410719,0.911762,0.000000,1.394770,0.007259,1.085116,0.000000,0.207290,0.899989,0.000000,0.000000,-0.144425,0.000000,0.149067,0.797205,0.013330,0.025000,0.000000,0.000000,0.570000,0.000000,0.000000,0.000000,0.116607,0.152939,-0.000000,-0.048655,0.635088,-1.000000,0.750000,0,0.00,candidate,1784095820,1784079000
cand-acac5a43-358,ETH,long,0.846653,-1.358989,-1.696060,-0.450767,0.106194,0.230000,1.005066,0.005351,0.814989,0.000000,-0.138362,-0.156171,0.030875,-0.333333,0.438491,0.000000,0.000000,1.000000,0.000000,0.000000,0.483878,0.127255,0.000000,0.002445,0.000000,0.250000,-0.005789,0.000000,0.496217,0.868199,0.000000,1.627113,-0.168170,0.949152,0.000000,0.086526,0.489849,0.962465,0.000000,-0.227658,-0.063460,0.164547,0.750764,-0.355683,0.013000,0.000000,0.000000,0.636000,0.000000,0.000000,0.000000,0.116607,0.210646,0.000000,0.140611,0.621324,1.000000,1.000000,1,0.00,candidate,1784095820,1784080200
cand-acac5a43-359,BTC,short,-0.070122,1.384522,0.841695,0.021397,0.077212,0.216667,0.662564,0.001547,0.858452,0.096297,0.214310,-0.288199,-0.090918,0.333333,0.323046,0.000000,0.000000,1.000000,0.000000,0.000000,0.491578,0.132150,0.000000,-0.002445,0.000000,0.250000,0.003582,0.000000,0.511293,0.859406,0.000000,-0.000000,0.460524,0.962119,0.000000,0.268384,0.914560,0.000000,0.000000,-0.089217,0.000000,0.167077,0.743173,0.145169,0.019000,0.000000,0.000000,0.000000,0.000000,0.000000,0.000000,0.116607,0.004860,-0.000000,-0.054066,-0.112179,-1.000000,0.750000,0,0.00,candidate,1784095820,1784080500
cand-acac5a43-361,BTC,short,-0.124210,0.778314,0.577936,-0.182299,0.075965,0.210000,0.611575,0.001548,0.877492,-0.000135,-0.184390,-0.301365,-0.091778,0.333333,0.323046,0.000000,0.000000,1.000000,0.000000,0.000000,0.225792,-0.083104,0.000000,-0.002445,0.000000,0.250000,0.003582,0.000000,0.526214,0.850352,0.000000,-0.050989,0.429922,1.268911,0.000000,0.278264,0.911423,0.000000,0.000000,-0.087321,0.000000,0.169962,0.734521,0.028939,0.030000,0.000000,0.000000,0.000000,0.000000,0.000000,0.000000,0.116607,0.306875,-0.000000,-0.209488,-0.131579,-1.000000,0.750000,0,0.00,candidate,1784095820,1784080800
cand-acac5a43-362,BTC,short,-0.564558,0.015028,0.208340,-0.336210,0.075601,0.210000,0.837558,0.001547,0.857396,0.000000,0.176850,-0.150074,-0.092230,0.333333,0.323046,0.000000,0.000000,1.000000,0.000000,0.000000,0.606104,0.216964,0.000000,-0.002445,0.000000,0.250000,0.003582,0.000000,0.537300,0.843391,0.000000,0.225983,0.181160,0.922150,0.000000,0.322967,0.897236,0.000000,0.000000,-0.078750,0.000000,0.171761,0.729123,0.172488,0.017000,0.000000,0.000000,0.074000,0.000000,0.000000,0.000000,0.116607,0.273825,-0.000000,-0.124882,-0.466330,-1.000000,0.875000,0,0.00,candidate,1784095820,1784081100
cand-acac5a43-365,BTC,short,-0.129378,0.029341,0.171281,-0.480176,0.075283,0.210000,0.208456,0.001547,0.876715,0.000000,-0.068417,-0.122646,-0.093343,0.333333,0.323046,0.000000,0.000000,1.000000,0.000000,0.000000,0.608362,0.207486,0.000000,-0.002445,0.000000,0.250000,0.005498,0.000000,0.555570,0.831470,0.000000,0.918566,-0.058288,1.266278,0.000000,0.282127,0.916622,0.000000,0.000000,-0.076794,0.000000,0.175518,0.717852,0.070516,0.034000,0.000000,0.000000,0.085000,0.000000,0.000000,0.000000,0.114809,0.143774,-0.000000,0.665036,-0.107692,-1.000000,0.875000,0,0.00,candidate,1784095820,1784081400
cand-acac5a43-386,ETH,short,-0.297492,-0.814462,-0.893047,0.733568,0.107518,0.236667,0.444274,0.005333,0.820886,0.000000,-0.211030,0.752474,-0.076817,0.333333,0.437062,0.000000,0.000000,1.000000,0.000000,0.000000,1.000000,0.000000,0.352000,-0.002384,0.000000,0.250000,0.000000,0.000000,0.904455,0.426569,0.000000,0.668257,-0.181802,1.051421,-1.000000,0.528294,0.777735,0.000000,0.000000,-0.148985,0.000000,0.261543,0.459776,0.093324,0.010000,0.000000,0.000000,1.000000,0.000000,0.000000,0.000000,0.113065,0.173539,-0.000000,0.696227,-0.147870,-1.000000,0.875000,0,0.00,candidate,1784095820,1784088600
cand-acac5a43-403,ETH,short,0.208474,-0.346576,0.489447,-0.280244,0.110082,0.250000,0.274943,0.005340,0.810992,0.000000,-0.050634,-1.039646,-0.070704,0.333333,0.436426,0.000000,0.000000,1.000000,0.000000,0.000000,0.985716,0.046902,0.308000,-0.002150,0.000000,0.250000,0.008616,0.000000,0.998135,0.061049,0.000000,0.925251,-0.124994,1.319830,0.000000,0.613566,0.824570,0.000000,0.000000,-0.177485,-0.001726,0.321791,0.279033,0.264275,0.016000,0.000000,0.000000,0.131000,0.017000,0.000000,0.000000,0.109529,0.190007,-0.000000,-0.061130,0.304054,-1.000000,0.750000,0,0.00,candidate,1784095820,1784094000
cand-acac5a43-404,ETH,short,-1.227136,-0.499011,0.099935,-0.580190,0.110841,0.253333,0.418068,0.005327,0.787363,0.000000,0.184763,-0.536843,-0.070224,0.333333,0.437023,0.000000,0.000000,1.000000,0.000000,0.000000,0.000000,0.000000,0.304000,-0.001418,0.000000,0.250000,0.000000,0.000000,0.999657,0.026177,0.000000,-0.000000,-0.139131,0.744166,-1.000000,0.772246,0.779500,0.000000,0.000000,-0.150059,0.000000,0.327962,0.260519,0.271620,0.022000,0.000000,0.000000,0.247000,0.000000,0.000000,0.000000,0.109529,0.187665,-0.000000,-0.005420,-0.779141,-1.000000,0.750000,0,0.00,candidate,1784095820,1784094300
cand-acac5a43-347,BTC,short,0.665970,0.655325,1.466009,-0.400499,0.082348,0.246667,0.479706,0.001546,0.836267,0.000000,-0.096898,-0.339205,-0.090732,0.333333,0.322508,0.000000,0.000000,1.000000,0.000000,0.000000,0.956110,-0.009012,0.012000,-0.001960,0.000000,0.250000,0.000000,0.000000,0.300706,0.953717,0.000000,0.244247,0.228009,0.557712,0.000000,0.380143,0.879110,0.000000,0.000000,-0.069187,0.000000,0.130358,0.853333,0.229159,0.029000,0.000000,0.000000,0.486000,0.000000,0.000000,0.000000,0.000000,0.533506,-0.000000,0.062428,0.531437,-1.000000,0.750000,0,0.00,candidate,1784096131,1784077500
cand-acac5a43-373,BTC,long,1.717055,0.766670,-0.422571,-0.836351,0.075137,0.210000,1.255463,0.001548,0.854643,-0.087020,-0.193356,3.519671,0.100000,-0.333333,0.323908,0.000000,0.000000,1.000000,0.000000,0.000000,1.000000,0.000000,0.132000,0.002445,0.000000,0.250000,0.000000,0.000000,0.740218,0.672367,0.000000,0.000000,0.151557,0.721141,0.000000,0.272405,0.777582,0.836604,1.000000,-0.100846,0.000000,0.214257,0.601636,-0.278213,0.015000,0.000000,0.000000,0.083000,0.000000,0.000000,0.000000,0.000000,0.351243,0.000000,-0.060661,0.638804,1.000000,0.875000,1,0.00,candidate,1784096131,1784084700
cand-acac5a43-325,BTC,long,2.882649,0.321824,0.523626,0.435811,0.114489,0.496667,0.020357,0.001546,0.849612,-1.501772,-2.034696,1.083646,0.100000,-0.333333,0.323765,0.000000,0.000000,1.000000,0.000000,0.000000,0.256703,-0.081231,0.396000,0.001204,0.000000,0.220000,-0.011587,0.000000,-0.426569,0.904455,0.000000,0.790380,-0.243310,0.614295,1.000000,0.727855,0.932136,0.000000,0.000000,-0.024435,0.000000,0.011984,0.208453,-0.454415,0.011000,0.000000,0.000000,0.506000,0.000000,0.000000,0.000000,0.000000,0.534433,1.000000,-0.000000,0.999531,1.000000,0.875000,0,0.00,candidate,1784096411,1784067300
cand-acac5a43-328,BTC,short,0.991223,-1.371377,-1.040432,-0.777604,0.116816,0.523333,0.906950,0.001541,0.981493,0.000000,-0.191736,0.152424,-0.100000,0.333333,0.323765,0.000000,0.000000,1.000000,0.000000,0.000000,0.765059,0.090649,0.396000,-0.001204,0.000000,0.220000,-0.012941,0.000000,-0.382683,0.923880,0.000000,1.527017,-0.281675,3.000000,-1.000000,0.733268,0.731616,0.951443,1.000000,0.037504,0.028730,0.019243,0.186676,0.080810,0.017000,0.000000,0.000000,0.000000,0.000000,0.000000,0.000000,0.121613,0.933856,-0.000000,-0.030972,0.743083,-1.000000,1.000000,0,0.00,candidate,1784097014,1784067900
cand-acac5a43-345,BTC,short,0.770015,0.349443,1.196615,-0.599822,0.082608,0.246667,0.179477,0.001545,0.875194,0.000000,0.016248,-0.049484,-0.091857,0.333333,0.322508,0.000000,0.000000,1.000000,0.000000,0.000000,1.000000,0.000000,0.012000,-0.001960,0.000000,0.250000,0.000000,0.000000,0.288196,0.957571,0.000000,-0.000000,0.136836,0.975360,0.000000,0.437642,0.860901,0.000000,0.000000,-0.058183,0.000000,0.128566,0.858708,-0.122306,0.018000,0.000000,0.000000,0.718000,0.000000,0.000000,0.000000,0.000000,0.309795,-0.000000,-0.146849,0.395773,-1.000000,0.750000,0,0.00,candidate,1784097326,1784077200
cand-acac5a43-346,ETH,short,1.936575,0.517198,1.789641,-0.133209,0.108011,0.236667,0.763619,0.037349,0.824243,-0.074564,-0.239417,0.282372,-0.012825,0.333333,0.437161,0.000000,0.000000,1.000000,0.000000,0.000000,1.000000,0.000000,0.012000,-0.001960,0.000000,0.250000,0.000000,0.000000,0.292372,0.956305,0.000000,-0.000000,0.070709,1.126051,0.000000,0.222386,0.892729,0.952492,1.000000,-0.149331,0.000000,0.129283,0.856558,0.184041,0.012000,0.000000,0.000000,0.723000,0.000000,0.000000,0.000000,0.000000,0.295188,-0.000000,-0.051615,0.671795,-1.000000,0.875000,0,0.00,candidate,1784097326,1784077200
cand-acac5a43-350,BTC,long,0.982298,-0.392968,-0.488863,0.397442,0.081473,0.236667,1.131054,0.001543,0.866924,0.000000,-0.038840,-0.101649,0.088184,-0.333333,0.322508,0.000000,0.000000,1.000000,0.000000,0.000000,0.872873,0.016915,0.012000,0.001960,0.000000,0.250000,0.003046,0.000000,0.378649,0.925541,0.000000,1.757042,-0.270423,0.931271,0.000000,0.438937,0.821675,0.910426,1.000000,-0.057936,0.000000,0.143886,0.812747,-0.213488,0.020000,0.000000,0.000000,0.579000,0.000000,0.000000,0.000000,0.116607,0.474815,0.000000,-0.052014,0.442637,1.000000,0.875000,1,0.00,candidate,1784097326,1784078400
cand-acac5a43-352,ETH,short,-1.146711,0.521097,0.249100,-0.071431,0.105457,0.226667,0.304359,0.047974,0.809761,-0.211670,-0.529444,-0.132128,-0.020720,0.333333,0.437161,0.000000,0.000000,1.000000,0.000000,0.000000,0.961063,0.082631,0.012000,-0.001960,0.000000,0.250000,0.003046,0.000000,0.386711,0.922201,0.000000,0.025264,-0.036727,0.815837,0.000000,0.273932,0.867964,0.000000,0.000000,-0.125013,0.000000,0.144965,0.809511,0.085279,0.014000,0.000000,0.000000,0.677000,0.000000,0.000000,0.000000,0.116607,0.148344,-0.000000,0.051088,-0.773973,-1.000000,0.875000,0,0.00,candidate,1784097326,1784078700
cand-acac5a43-364,BTC,long,0.564558,-0.015028,-0.208340,0.336210,0.075601,0.210000,0.710110,0.001546,0.819260,0.000000,-0.061957,-0.150074,0.092774,-0.333333,0.323046,0.000000,0.000000,1.000000,0.000000,0.000000,0.605626,0.216490,0.000000,0.002445,0.000000,0.250000,0.005498,0.000000,0.544639,0.838671,0.000000,1.547668,-0.181160,0.532986,0.000000,0.322967,0.784578,0.873426,1.000000,-0.078750,0.000000,0.173330,0.724416,-0.191126,0.038000,0.000000,0.000000,0.281000,0.000000,0.000000,0.000000,0.114809,0.683309,0.000000,0.124882,0.466330,1.000000,0.875000,1,0.00,candidate,1784097326,1784081100
cand-acac5a43-376,BTC,long,2.636957,1.650676,1.490290,-0.427429,0.075777,0.210000,1.139377,0.001546,0.848250,0.000000,0.053430,1.564225,0.100000,-0.333333,0.323908,0.000000,0.000000,1.000000,0.000000,0.000000,-0.032478,-0.203712,0.132000,0.002445,0.000000,0.250000,-0.016046,0.000000,0.809017,0.587785,0.000000,1.540670,0.341155,0.719415,0.000000,0.465992,0.837048,0.895966,1.000000,-0.065224,0.000000,0.231819,0.548949,-0.259643,0.017000,0.000000,0.000000,0.158000,0.000000,0.000000,0.000000,0.113065,0.227526,0.000000,-0.047694,0.781004,1.000000,0.750000,1,0.00,candidate,1784097326,1784086200
cand-acac5a43-377,BTC,long,0.649965,0.607414,0.823550,-0.867134,0.075897,0.210000,0.250970,0.001547,0.828808,0.000000,0.077582,0.452563,0.100000,-0.333333,0.322779,0.000000,0.000000,1.000000,0.000000,0.000000,0.992741,-0.001373,0.128000,0.002384,0.000000,0.250000,-0.001642,0.000000,0.836286,0.548293,0.000000,0.000000,0.118118,0.562483,1.000000,0.397300,0.815971,0.874927,1.000000,-0.077849,0.000000,0.239299,0.526508,-0.209502,0.010000,0.000000,0.000000,0.000000,0.000000,0.000000,0.000000,0.113065,0.122080,0.000000,0.269272,0.260408,1.000000,0.750000,1,0.00,candidate,1784097326,1784086800
cand-acac5a43-378,BTC,long,1.082965,1.604425,1.785909,-0.623669,0.076434,0.213333,0.837644,0.001544,0.855926,0.000000,-0.096103,1.655817,0.100000,-0.333333,0.322779,0.000000,0.000000,1.000000,0.000000,0.000000,0.924785,0.002444,0.128000,0.002384,0.000000,0.250000,-0.001642,0.000000,0.857167,0.515038,0.000000,0.228865,0.514178,0.828030,1.000000,0.563713,0.866987,0.925852,1.000000,-0.047290,0.000000,0.245944,0.506575,-0.345771,0.014000,0.000000,0.000000,0.893000,0.000000,0.000000,0.000000,0.113065,0.077510,0.000000,-0.192496,0.561257,1.000000,0.875000,1,0.00,candidate,1784097326,1784087400
cand-acac5a43-380,BTC,long,-0.281658,1.434857,1.739717,-0.710333,0.076189,0.213333,0.742438,0.001545,0.872070,0.022112,0.218629,-0.985034,0.100000,-0.333333,0.322779,0.000000,0.000000,1.000000,0.000000,0.000000,0.896931,0.000258,0.128000,0.002384,0.000000,0.250000,0.021708,0.000000,0.863836,0.503774,0.000000,-0.381401,0.388387,1.052569,1.000000,0.540253,0.859804,0.918682,1.000000,-0.051592,0.000000,0.248115,0.500061,-0.272562,0.015000,0.000000,0.000000,0.909000,0.000000,0.000000,0.000000,0.113065,0.148996,0.000000,-0.353730,-0.405248,1.000000,0.750000,1,0.00,candidate,1784097326,1784087700
cand-acac5a43-383,BTC,long,-0.474924,0.170745,1.283160,-0.668909,0.076088,0.213333,1.054686,0.001544,0.870049,-0.093181,-0.288898,-0.746994,0.100000,-0.333333,0.322779,0.000000,0.000000,1.000000,0.000000,0.000000,0.817653,-0.065267,0.128000,0.002384,0.000000,0.250000,0.021708,0.000000,0.878817,0.477159,0.000000,-0.126545,0.101907,1.002399,1.000000,0.536431,0.867991,0.906606,1.000000,-0.058839,0.000000,0.252428,0.487121,-0.405210,0.016000,0.000000,0.000000,0.950000,0.000000,0.000000,0.000000,0.113065,0.287214,0.000000,-0.074202,-0.544186,1.000000,0.750000,1,0.00,candidate,1784097326,1784088000
cand-acac5a43-384,BTC,long,0.393213,0.936399,0.910216,-0.654552,0.075800,0.210000,0.796292,0.001544,0.887992,-0.203461,-0.227684,0.110098,0.100000,-0.333333,0.321816,0.000000,0.000000,1.000000,0.000000,0.000000,0.000000,0.000000,0.352000,0.002384,0.000000,0.250000,0.000000,0.000000,0.889017,0.457874,0.000000,0.000000,0.268550,1.545008,1.000000,0.577064,0.880795,0.916567,1.000000,-0.052862,0.000000,0.256145,0.475972,-0.552968,0.012000,0.000000,0.000000,0.990000,0.000000,0.000000,0.000000,0.113065,0.264244,0.000000,-0.435088,0.340388,1.000000,0.875000,1,0.00,candidate,1784097326,1784088300
cand-acac5a43-387,BTC,long,-0.686592,0.326366,1.007345,-0.238522,0.075540,0.210000,0.892882,0.001544,0.847432,0.000000,-0.016867,-0.905233,0.100000,-0.333333,0.321816,0.000000,0.000000,1.000000,0.000000,0.000000,0.968797,0.008833,0.352000,0.002384,0.000000,0.250000,0.011770,0.000000,0.906308,0.422618,0.000000,-0.226592,0.097106,0.599850,1.000000,0.733808,0.940349,0.918373,1.000000,-0.051778,0.000000,0.262636,0.456497,-0.334567,0.018000,0.000000,0.000000,0.860000,0.000000,0.000000,0.000000,0.113065,0.134418,0.000000,-0.223363,-0.527387,1.000000,0.750000,1,0.00,candidate,1784097326,1784088900
cand-acac5a43-389,BTC,long,-0.051179,-0.142061,1.049237,-0.225915,0.075424,0.210000,1.152945,0.001545,0.830757,0.000000,0.089521,-0.961304,0.100000,-0.333333,0.321816,0.000000,0.000000,1.000000,0.000000,0.000000,0.662379,-0.104348,0.352000,0.002384,0.000000,0.250000,0.011770,0.000000,0.915311,0.402747,0.000000,0.669229,-0.095374,0.523167,1.000000,0.752254,0.946266,0.917083,1.000000,-0.052552,0.000000,0.265875,0.446781,-0.295494,0.030000,0.000000,0.000000,0.865000,0.000000,0.000000,0.000000,0.111324,0.079587,0.000000,-0.891071,-0.056034,1.000000,0.750000,1,0.00,candidate,1784097326,1784089200
cand-acac5a43-390,BTC,long,-0.560819,-0.254851,0.844261,-0.356915,0.075455,0.210000,1.230589,0.001546,0.841456,0.000000,0.204694,-0.802228,0.100000,-0.333333,0.321816,0.000000,0.000000,1.000000,0.000000,0.000000,0.861788,0.043346,0.352000,0.002384,0.000000,0.250000,0.001321,0.000000,0.925541,0.378649,0.000000,0.030282,-0.050133,0.639189,1.000000,0.691334,0.933422,0.902939,1.000000,-0.061039,0.000000,0.270343,0.433377,-0.342548,0.029000,0.000000,0.000000,0.321000,0.000000,0.000000,0.000000,0.111324,0.142984,0.000000,-0.137928,-0.587983,1.000000,0.750000,1,0.00,candidate,1784097326,1784089500
cand-acac5a43-392,BTC,long,0.783641,0.260754,0.305780,-0.062123,0.075672,0.210000,1.081770,0.001545,0.873256,0.000000,-0.036486,-0.218855,0.100000,-0.333333,0.321816,0.000000,0.000000,1.000000,0.000000,0.000000,0.870879,0.030152,0.352000,0.002384,0.000000,0.250000,0.001321,0.000000,0.933580,0.358368,0.000000,0.327779,0.006399,1.026218,1.000000,0.783003,0.953222,0.922758,1.000000,-0.049147,0.000000,0.273583,0.423657,-0.529333,0.025000,0.000000,0.000000,0.941000,0.000000,0.000000,0.000000,0.111324,0.187128,0.700730,0.200773,0.390244,1.000000,0.750000,1,0.00,candidate,1784097326,1784089800
cand-acac5a43-394,BTC,long,-0.018364,-0.131601,0.600698,0.076590,0.075649,0.210000,0.691439,0.001544,0.857851,0.000000,-0.068176,-1.181787,0.100000,-0.333333,0.321816,0.000000,0.000000,1.000000,0.000000,0.000000,0.699357,-0.077651,0.352000,0.002293,0.000000,0.250000,0.006729,0.000000,0.948324,0.317305,0.000000,-0.407863,0.045296,0.853426,1.000000,0.805204,0.958014,0.927554,1.000000,-0.046269,0.000000,0.280189,0.403839,-0.372147,0.024000,0.000000,0.000000,0.875000,0.000000,0.000000,0.000000,0.111324,0.057982,0.000000,0.095494,-0.040724,1.000000,0.750000,1,0.00,candidate,1784097326,1784090400
cand-acac5a43-396,BTC,long,0.211845,0.234540,0.395913,0.068217,0.075773,0.210000,1.199674,0.001544,0.771001,0.000000,0.178331,-0.281095,0.100000,-0.333333,0.321816,0.000000,0.000000,1.000000,0.000000,0.000000,0.488989,-0.258709,0.352000,0.002293,0.000000,0.250000,-0.008968,0.000000,0.955020,0.296542,0.000000,1.164370,0.085290,0.244308,1.000000,0.830031,0.963371,0.932916,1.000000,-0.043051,0.000000,0.284156,0.391937,-0.232770,0.019000,0.000000,0.000000,0.984000,0.000000,0.000000,0.000000,0.111324,0.775597,1.000000,-0.669676,0.179931,1.000000,0.750000,1,0.00,candidate,1784097326,1784090700
cand-acac5a43-398,BTC,long,-1.195373,-0.083026,-0.237713,-0.190428,0.075962,0.210000,1.202454,0.001545,0.860736,0.000000,0.021955,-0.369847,0.100000,-0.333333,0.321330,0.000000,0.000000,1.000000,0.000000,0.000000,0.992958,0.004472,0.308000,0.002293,0.000000,0.250000,0.000000,0.000000,0.967046,0.254602,0.000000,0.000000,0.061330,1.073233,1.000000,0.667462,0.928262,0.897775,1.000000,-0.067290,0.000000,0.290781,0.372062,-0.312362,0.011000,0.000000,0.000000,0.960000,0.000000,0.000000,0.000000,0.111324,0.532435,0.000000,0.076098,-0.722906,1.000000,0.750000,1,0.00,candidate,1784097326,1784091300
cand-acac5a43-401,BTC,long,-0.126094,-0.453168,-0.136777,-0.087756,0.075969,0.210000,1.068295,0.001547,0.849943,0.000000,0.093462,-0.620059,0.100000,-0.333333,0.321330,0.000000,0.000000,1.000000,0.000000,0.000000,0.990111,0.003220,0.308000,0.002293,0.000000,0.250000,0.002286,0.000000,0.974370,0.224951,0.000000,-0.167002,0.011197,0.785918,1.000000,0.652662,0.925062,0.894571,1.000000,-0.069212,0.000000,0.295832,0.356910,-0.347126,0.027000,0.000000,0.000000,0.000000,0.000000,0.000000,0.000000,0.111324,0.065845,0.000000,-0.636578,-0.076449,1.000000,0.750000,1,0.00,candidate,1784097326,1784091600
cand-acac5a43-402,ETH,long,-0.656435,-0.455867,-0.188083,-0.054453,0.108878,0.240000,0.650308,0.005345,0.774966,0.000000,0.145846,-0.140167,0.068507,-0.333333,0.436426,0.000000,0.000000,1.000000,0.000000,0.000000,0.979232,0.012979,0.308000,0.002293,0.000000,0.250000,-0.015323,0.000000,0.979925,0.199368,0.000000,0.028002,-0.187720,0.657946,1.000000,0.658370,0.902359,0.792090,0.000000,-0.169734,0.000000,0.299561,0.345722,-0.227116,0.007000,0.000000,0.000000,0.654000,0.005000,0.000000,0.000000,0.111324,0.159090,0.000000,0.245417,-0.447811,1.000000,0.750000,1,0.00,candidate,1784097326,1784091900
cand-acac5a43-405,ETH,short,-0.806190,-1.062882,-0.168983,-0.578689,0.111029,0.253333,0.541868,0.005328,0.839786,0.000000,0.013654,0.188128,-0.070072,0.333333,0.437023,0.000000,0.000000,1.000000,0.000000,0.000000,0.814034,0.020553,0.304000,-0.001418,0.000000,0.250000,0.000000,0.000000,0.999762,0.021815,0.000000,0.123800,-0.175730,1.615711,-1.000000,0.876789,0.749874,0.955442,0.000000,-0.132031,0.000000,0.328323,0.259437,0.055943,0.014000,0.000000,0.000000,0.357000,0.000000,0.000000,0.000000,0.109529,0.301778,-0.000000,0.103224,-0.678715,-1.000000,0.875000,0,0.00,candidate,1784097326,1784094600
cand-acac5a43-332,BTC,short,0.395091,-1.919658,-0.747412,-0.577464,0.116545,0.523333,0.226455,0.032355,0.871630,0.000000,-0.179849,0.372831,-0.100000,0.333333,0.323765,0.000000,0.000000,1.000000,0.000000,0.000000,0.363001,-0.047845,0.396000,-0.001308,0.000000,0.220000,0.106137,0.000000,-0.342020,0.939693,0.000000,0.246467,-0.682041,0.858007,-1.000000,0.751649,0.724944,0.858133,1.000000,0.039040,0.030499,0.026246,0.165667,0.228126,0.027000,0.000000,0.000000,0.075000,0.000000,0.000000,0.000000,0.121613,0.363447,-0.000000,0.323352,0.328933,-1.000000,0.875000,0,0.00,candidate,1784097616,1784068500
cand-acac5a43-382,ETH,long,-0.128701,0.386205,1.187310,-1.015059,0.107723,0.236667,1.010039,0.063992,0.791906,0.000000,-0.164678,-0.556037,0.076017,-0.333333,0.438101,0.000000,0.000000,1.000000,0.000000,0.000000,0.817704,-0.065216,0.128000,0.002384,0.000000,0.250000,0.021708,0.000000,0.876727,0.480989,0.000000,-0.043422,0.031823,0.810174,1.000000,0.429577,0.726432,0.810156,1.000000,-0.158870,0.000000,0.252069,0.488199,-0.314529,0.015000,0.000000,0.000000,0.897000,0.000000,0.000000,0.000000,0.113065,0.200931,0.000000,-0.319890,-0.143678,1.000000,0.750000,1,0.00,candidate,1784097616,1784088000
cand-acac5a43-388,ETH,long,-0.486107,0.368830,0.885176,-0.667928,0.107484,0.236667,0.399012,0.005330,0.800565,-0.051315,-0.370062,-0.547172,0.076561,-0.333333,0.437062,0.000000,0.000000,1.000000,0.000000,0.000000,0.968668,0.008705,0.352000,0.002384,0.000000,0.250000,0.011770,0.000000,0.908143,0.418660,0.000000,0.837901,0.060389,0.775169,1.000000,0.526004,0.815305,0.809083,1.000000,-0.159515,0.000000,0.262996,0.455417,-0.234466,0.012000,0.000000,0.000000,0.900000,0.000000,0.000000,0.000000,0.113065,0.058701,0.000000,-0.328523,-0.381890,1.000000,0.750000,1,0.00,candidate,1784097616,1784088900
cand-acac5a43-336,BTC,long,-0.375662,2.001468,0.678562,0.637683,0.116066,0.516667,1.138600,0.001541,0.884500,0.000000,0.055330,-0.117411,0.100000,-0.333333,0.323765,0.000000,0.000000,1.000000,0.000000,0.000000,0.335876,-0.070658,0.396000,0.001308,0.000000,0.220000,-0.046232,0.000000,-0.317305,0.948324,0.000000,-0.015517,0.780123,1.051968,1.000000,0.711941,0.894542,0.000000,0.000000,0.025688,0.017534,0.030224,0.153734,-0.192213,0.015000,0.000000,0.000000,0.000000,0.000000,0.000000,0.000000,0.121613,0.603192,0.000000,-0.179458,-0.576375,1.000000,0.875000,0,0.00,candidate,1784097929,1784068800
cand-acac5a43-338,BTC,long,-0.024006,0.834585,0.815618,0.620049,0.115548,0.510000,1.225476,0.001542,0.854711,0.000000,-0.113463,-0.167643,0.100000,-0.333333,0.323765,0.000000,0.000000,1.000000,0.000000,0.000000,0.325493,-0.078172,0.396000,0.001208,0.000000,0.220000,-0.013425,0.000000,-0.288196,0.957571,0.000000,0.086876,0.478191,0.712740,1.000000,0.709415,0.893615,0.000000,0.000000,0.019928,0.012240,0.035382,0.138260,-0.461315,0.009000,0.000000,0.000000,0.000000,0.003000,0.000000,0.000000,0.121613,0.114018,0.000000,-0.654949,-0.025035,1.000000,0.875000,0,0.00,candidate,1784098216,1784069100
cand-acac5a43-340,BTC,long,0.000000,-0.502928,0.990459,0.667792,0.115256,0.503333,0.442416,0.001541,0.896000,0.000000,-0.014460,-0.160174,0.100000,-0.333333,0.323765,0.000000,0.000000,1.000000,0.000000,0.000000,0.318262,-0.084427,0.396000,0.001208,0.000000,0.220000,-0.013425,0.000000,-0.275637,0.961262,0.000000,-0.783060,0.102525,1.324067,1.000000,0.709415,0.893615,0.000000,0.000000,0.019928,0.012240,0.037218,0.132753,0.115995,0.031000,0.000000,0.000000,0.000000,0.000000,0.000000,0.000000,0.121613,0.600960,0.000000,0.075269,0.001538,1.000000,0.750000,0,0.00,candidate,1784098508,1784069400
cand-acac5a43-418,BTC,long,5.324673,2.851839,3.003265,2.182893,0.077350,0.216667,1.100469,0.001534,0.917292,-0.253583,-1.476084,5.000000,0.100000,-0.333333,0.322120,0.000000,0.000000,1.000000,0.000000,0.000000,0.969961,0.110318,0.304000,0.001324,0.000000,0.250000,0.006459,0.000000,0.988362,-0.152123,0.000000,-0.094969,0.391332,1.836268,1.000000,0.972596,0.989064,0.000000,0.000000,0.090946,0.065500,0.356010,0.176377,0.399545,0.005000,0.000000,0.000000,0.589000,0.000000,0.000000,0.000000,0.107665,0.732278,0.000000,-0.001688,0.873777,1.000000,1.000000,0,0.00,candidate,1784098508,1784097000
cand-acac5a43-341,BTC,long,-0.669911,-0.366429,0.725367,0.555301,0.115065,0.503333,0.835486,0.001544,0.869783,-0.080478,-0.094343,-0.151822,0.100000,-0.333333,0.321921,0.000000,0.000000,1.000000,0.000000,0.000000,0.000000,0.000000,0.504000,0.001886,0.000000,0.220000,0.000000,0.000000,-0.241922,0.970296,0.000000,0.000000,0.024456,1.000000,1.000000,0.639259,0.867829,0.000000,0.000000,0.004521,0.000000,0.042762,0.116120,-0.424753,0.030000,0.000000,0.000000,0.892000,0.000000,0.000000,0.000000,0.000000,0.013982,-1.000000,-0.004707,-0.786164,1.000000,0.875000,0,0.00,candidate,1784098820,1784069700
cand-acac5a43-412,ETH,long,0.322880,2.732898,2.167334,1.161575,0.114854,0.263333,1.034038,0.058300,0.773762,0.000000,-0.146500,0.589601,0.065484,-0.333333,0.437023,0.000000,0.000000,1.000000,0.000000,0.000000,0.751758,-0.077451,0.304000,0.001384,0.000000,0.250000,0.008047,0.000000,0.997564,-0.069756,0.000000,0.590549,0.516415,0.671016,1.000000,0.958235,0.981285,0.000000,0.000000,-0.022944,0.000000,0.342900,0.215705,-0.166923,0.006000,0.000000,0.000000,0.102000,0.000000,0.000000,0.000000,0.109529,0.100043,0.000000,0.022376,0.267176,1.000000,1.000000,0,0.00,candidate,1784098820,1784095800
cand-acac5a43-419,ETH,long,2.130597,1.405691,2.041985,1.661519,0.113653,0.263333,1.006306,0.042471,0.805382,0.128658,0.961756,2.169053,0.059121,-0.333333,0.437023,0.000000,0.000000,1.000000,0.000000,0.000000,0.970356,0.110697,0.304000,0.001993,0.000000,0.250000,0.006459,0.000000,0.985556,-0.169350,0.000000,0.722396,0.540331,1.025694,1.000000,0.958950,0.980419,0.000000,0.000000,-0.005883,0.000000,0.358652,0.168450,-0.331693,0.005000,0.000000,0.000000,0.000000,0.007000,0.000000,0.000000,0.107665,0.148948,1.000000,0.021330,0.633842,1.000000,1.000000,0,0.00,candidate,1784098820,1784097000
cand-acac5a43-342,BTC,long,-0.365299,-0.751606,0.867398,0.457048,0.114860,0.503333,1.553619,0.001543,0.866006,-0.405809,-0.507162,0.704579,0.100000,-0.333333,0.321921,0.000000,0.000000,1.000000,0.000000,0.000000,-1.000000,0.000000,0.504000,0.001886,0.000000,0.220000,0.000000,0.000000,-0.237686,0.971342,0.000000,0.422715,-0.586642,1.000000,1.000000,0.601094,0.853784,0.000000,0.000000,-0.003871,0.000000,0.043481,0.113962,-0.230520,0.018000,0.000000,0.000000,0.551000,0.000000,0.000000,0.000000,0.000000,0.342961,0.000000,0.171879,-0.199267,1.000000,0.750000,0,0.00,candidate,1784099132,1784070000
cand-acac5a43-415,ETH,long,0.087716,1.567694,1.835057,1.278481,0.114856,0.263333,0.283910,0.005308,0.796499,0.027415,0.294720,0.058461,0.062063,-0.333333,0.437023,0.000000,0.000000,1.000000,0.000000,0.000000,0.793339,-0.037203,0.304000,0.001324,0.000000,0.250000,0.010383,0.000000,0.992005,-0.126199,0.000000,1.104088,0.359768,0.928325,1.000000,0.882191,0.947155,0.000000,0.000000,-0.043434,0.000000,0.351673,0.189388,-0.161869,0.018000,0.000000,0.000000,0.000000,0.005000,0.000000,0.000000,0.107665,0.195497,0.000000,-0.201088,0.132450,1.000000,0.707501,0,0.00,candidate,1784099132,1784096400
cand-acac5a43-406,BTC,long,3.259430,2.361199,1.123949,0.791107,0.078686,0.220000,1.236556,0.001541,0.858231,0.000000,-0.691100,2.339530,0.100000,-0.333333,0.322120,0.000000,0.000000,1.000000,0.000000,0.000000,0.983311,0.010215,0.304000,0.001418,0.000000,0.250000,0.009199,0.000000,1.000000,0.000000,0.000000,0.000000,0.556828,0.752837,1.000000,0.963530,0.990707,0.000000,0.000000,0.001194,0.000000,0.331555,0.249741,-0.487176,0.012000,0.000000,0.000000,0.389000,0.000000,0.000000,0.000000,0.109529,0.297980,0.000000,-0.004216,0.843227,1.000000,1.000000,0,0.00,candidate,1784100309,1784094900
cand-acac5a43-407,ETH,long,1.991260,2.021199,0.852462,0.840840,0.112470,0.256667,0.303518,0.005317,0.795249,0.000000,0.046773,2.820359,0.070379,-0.333333,0.437023,0.000000,0.000000,1.000000,0.000000,0.000000,0.983381,0.010285,0.304000,0.001418,0.000000,0.250000,0.009199,0.000000,0.999962,-0.008727,0.000000,0.461655,0.455098,0.869858,1.000000,0.946225,0.981579,0.929682,1.000000,-0.086994,0.000000,0.333007,0.245385,-0.499589,0.009000,0.000000,0.000000,0.816000,0.000000,0.000000,0.000000,0.109529,0.178616,0.000000,-0.013485,0.699336,1.000000,1.000000,0,0.00,candidate,1784100309,1784094900
cand-acac5a43-408,ETH,long,0.117854,1.494506,0.903785,0.940336,0.112710,0.263333,0.443489,0.005315,0.798867,0.000000,-0.187221,2.162278,0.068813,-0.333333,0.437023,0.000000,0.000000,1.000000,0.000000,0.000000,0.896058,-0.024152,0.304000,0.001384,0.000000,0.250000,0.009199,0.000000,0.999762,-0.021815,0.000000,0.061930,0.264387,0.947897,1.000000,0.910653,0.967768,0.934119,1.000000,-0.084326,0.000000,0.335167,0.238906,0.031891,0.008000,0.000000,0.000000,0.373000,0.000000,0.000000,0.000000,0.109529,0.436943,0.000000,-0.172853,0.073394,1.000000,1.000000,0,0.00,candidate,1784100309,1784095200
cand-acac5a43-410,BTC,long,1.425672,2.035211,1.612999,0.762038,0.079312,0.220000,0.271692,0.001541,0.915225,0.000000,-0.024893,1.498095,0.100000,-0.333333,0.322120,0.000000,0.000000,1.000000,0.000000,0.000000,0.837991,-0.012140,0.304000,0.001384,0.000000,0.250000,0.008047,0.000000,0.999048,-0.043619,0.000000,-0.781615,0.708825,1.719710,1.000000,0.945936,0.985220,0.000000,0.000000,0.009108,0.000000,0.338566,0.228707,-0.296643,0.018000,0.000000,0.000000,0.259000,0.000000,0.000000,0.000000,0.109529,0.639224,0.770440,-0.017190,0.583797,1.000000,0.853414,0,0.00,candidate,1784100309,1784095500
cand-acac5a43-411,BTC,long,1.317297,2.650147,2.327507,0.932200,0.079552,0.223333,1.032121,0.001539,0.884514,0.000000,-0.020317,3.522437,0.100000,-0.333333,0.322120,0.000000,0.000000,1.000000,0.000000,0.000000,0.749700,-0.079504,0.304000,0.001384,0.000000,0.250000,0.008047,0.000000,0.997859,-0.065403,0.000000,-0.248242,0.768858,1.046058,1.000000,0.971138,0.991285,0.000000,0.000000,0.030046,0.000865,0.342178,0.217872,-0.053490,0.016000,0.000000,0.000000,0.700000,0.000000,0.000000,0.000000,0.109529,0.730613,0.000000,0.029116,0.616637,1.000000,1.000000,0,0.00,candidate,1784100309,1784095800
cand-acac5a43-413,BTC,long,-0.689737,1.834471,1.836737,1.144479,0.079628,0.223333,1.077338,0.001540,0.876539,0.000000,-0.274535,1.094187,0.100000,-0.333333,0.322120,0.000000,0.000000,1.000000,0.000000,0.000000,0.802217,-0.029555,0.304000,0.001324,0.000000,0.250000,0.010383,0.000000,0.996195,-0.087156,0.000000,0.017312,0.520487,0.962583,1.000000,0.910526,0.972967,0.000000,0.000000,0.019075,0.000000,0.345780,0.207066,-0.456870,0.027000,0.000000,0.000000,0.548000,0.000000,0.000000,0.000000,0.109529,0.181067,0.000000,0.386786,-0.364658,1.000000,1.000000,0,0.00,candidate,1784100309,1784096100
cand-acac5a43-414,ETH,short,0.975252,-1.844428,-1.643695,-1.231112,0.115205,0.263333,0.232061,0.005303,0.826688,0.000000,-0.024316,0.529194,-0.064247,0.333333,0.437023,0.000000,0.000000,1.000000,0.000000,0.000000,0.801910,-0.029872,0.304000,-0.001324,0.000000,0.250000,0.010383,0.000000,0.994969,-0.100188,0.000000,0.394916,-0.357810,1.440779,-1.000000,0.874704,0.607600,0.890322,0.000000,-0.045453,0.000000,0.347712,0.201270,0.145823,0.011000,0.000000,0.000000,0.000000,0.000000,0.000000,0.000000,0.107665,0.244591,1.000000,-0.094631,0.653374,-1.000000,1.000000,1,0.00,candidate,1784100309,1784096100
cand-acac5a43-416,BTC,long,0.174531,1.851003,1.948172,1.226385,0.079349,0.220000,1.091596,0.001540,0.865965,0.000000,0.100031,0.901583,0.100000,-0.333333,0.322120,0.000000,0.000000,1.000000,0.000000,0.000000,0.793310,-0.037234,0.304000,0.001324,0.000000,0.250000,0.010383,0.000000,0.992005,-0.126199,0.000000,0.666934,0.441051,0.838027,1.000000,0.925806,0.977587,0.000000,0.000000,0.021842,0.000000,0.352033,0.188307,-0.300966,0.035000,0.000000,0.000000,0.194000,0.000000,0.000000,0.000000,0.107665,0.200434,0.000000,-0.120162,0.166667,1.000000,0.853751,0,0.00,candidate,1784100309,1784096400
cand-acac5a43-417,BTC,long,-0.634891,0.294840,1.934473,1.346991,0.076116,0.213333,0.266531,0.001540,0.861045,0.000000,-0.116898,-0.336558,0.100000,-0.333333,0.322120,0.000000,0.000000,1.000000,0.000000,0.000000,0.835437,0.000608,0.304000,0.001324,0.000000,0.250000,0.010383,0.000000,0.991445,-0.130526,0.000000,-0.825065,0.162467,0.778403,1.000000,0.872496,0.961464,0.000000,0.000000,0.012185,0.000000,0.352393,0.187228,-0.272256,0.026000,0.000000,0.000000,0.380000,0.000000,0.000000,0.000000,0.107665,0.250911,0.000000,0.194544,-0.558929,1.000000,0.854142,0,0.00,candidate,1784100309,1784096700
cand-acac5a43-420,BTC,short,4.032678,-0.546530,-1.821386,-1.408678,0.079543,0.223333,0.124453,0.001539,0.880166,0.000000,-0.257724,2.563017,-0.100000,0.333333,0.322120,0.000000,0.000000,1.000000,0.000000,0.000000,0.963417,0.060388,0.304000,-0.001993,0.000000,0.250000,0.041161,0.000000,0.984808,-0.173648,0.000000,0.118296,0.206864,1.036972,-1.000000,0.691795,0.717727,0.897595,1.000000,0.013704,0.000000,0.359730,0.165217,0.615472,0.020000,0.000000,0.000000,0.933000,0.000000,0.000000,0.000000,0.107665,0.126126,-0.000000,-0.000832,0.738592,-1.000000,1.000000,1,0.00,candidate,1784100309,1784097300
cand-acac5a43-422,BTC,long,-0.098967,-0.031689,1.858456,1.328320,0.079259,0.220000,1.140747,0.001538,0.883757,0.000000,-0.122503,0.112905,0.100000,-0.333333,0.322120,0.000000,0.000000,1.000000,0.000000,0.000000,0.940393,0.043009,0.304000,0.001993,0.000000,0.250000,0.041161,0.000000,0.979925,-0.199368,0.000000,1.265199,-0.192457,1.127496,1.000000,0.685388,0.871619,0.000000,0.000000,0.012136,0.000000,0.364065,0.152212,-0.048683,0.010000,0.000000,0.000000,0.903000,0.038000,0.000000,0.000000,0.107665,0.773780,0.000000,0.056157,-0.077626,1.000000,0.892078,0,0.00,candidate,1784100309,1784097600
cand-acac5a43-423,ETH,long,0.481599,-0.734878,1.556293,1.290734,0.106916,0.233333,1.045620,0.005311,0.806295,0.000000,0.144571,-0.042178,0.056768,-0.333333,0.437023,0.000000,0.000000,1.000000,0.000000,0.000000,0.940398,0.043013,0.304000,0.001993,0.000000,0.250000,0.041161,0.000000,0.979045,-0.203642,0.000000,1.508480,-0.006152,0.978740,1.000000,0.743710,0.873871,0.000000,0.000000,-0.061516,0.000000,0.364425,0.151131,-0.090271,0.006000,0.000000,0.000000,0.000000,0.013000,0.000000,0.000000,0.107665,0.177926,0.000000,-0.098057,0.560000,1.000000,0.845826,0,0.00,candidate,1784100309,1784097600
cand-acac5a43-424,BTC,long,-1.402686,-0.321993,1.072646,1.240087,0.079434,0.220000,1.134056,0.001540,0.909587,0.000000,0.154256,0.163577,0.100000,-0.333333,0.320103,0.000000,0.000000,1.000000,0.000000,0.000000,0.946997,0.045859,0.340000,0.001993,0.000000,0.250000,0.041161,0.000000,0.976296,-0.216440,0.000000,1.139528,-0.203831,1.650937,1.000000,0.594421,0.834314,0.000000,0.000000,-0.010147,0.000000,0.366297,0.145515,0.049201,0.012000,0.000000,0.000000,0.394000,0.032000,0.000000,0.000000,0.107665,0.774551,0.000000,-0.083633,-0.669437,1.000000,1.000000,0,0.00,candidate,1784100309,1784097900
cand-acac5a43-426,ETH,long,-0.786417,-1.182352,0.419705,1.150023,0.101390,0.210000,0.694178,0.005328,0.822195,0.029711,0.658564,-0.165219,0.054156,-0.333333,0.435277,0.000000,0.000000,1.000000,0.000000,0.000000,0.954607,0.051150,0.340000,0.002576,0.000000,0.250000,-0.022240,0.000000,0.968148,-0.250380,0.000000,1.447271,-0.172015,1.165841,1.000000,0.606039,0.805724,0.960471,0.000000,-0.061303,0.000000,0.371855,0.128842,0.221166,0.011000,0.000000,0.000000,0.346000,0.006000,0.000000,0.000000,0.107665,0.107664,0.000000,0.006878,-0.705607,1.000000,0.846589,0,0.00,candidate,1784100309,1784098200
cand-acac5a43-343,ETH,short,-0.344150,1.024691,1.564586,-0.380578,0.106695,0.230000,0.570947,0.005319,0.788657,0.074857,0.364416,-0.112152,-0.010618,0.333333,0.436291,0.000000,0.000000,1.000000,0.000000,0.000000,0.933278,-0.036811,0.016000,-0.001960,0.000000,0.250000,0.000000,0.000000,0.229200,0.973379,0.000000,-0.000000,0.117113,0.913235,0.000000,0.318115,0.846765,0.906445,1.000000,-0.121457,0.000000,0.118278,0.889571,0.111677,0.014000,0.000000,0.000000,0.894000,0.000000,0.000000,0.000000,0.000000,0.253978,-0.734043,0.674441,-0.178756,-1.000000,0.875000,1,0.00,candidate,1784100620,1784076300
cand-acac5a43-379,ETH,long,2.170982,1.955851,1.774915,-0.952064,0.107325,0.233333,1.006500,0.005330,0.835758,0.000000,0.037323,2.636025,0.074571,-0.333333,0.438101,0.000000,0.000000,1.000000,0.000000,0.000000,0.924785,0.002444,0.128000,0.002384,0.000000,0.250000,-0.001642,0.000000,0.857167,0.515038,0.000000,0.000000,0.300386,1.726761,1.000000,0.486356,0.736026,0.854610,1.000000,-0.132138,0.000000,0.245944,0.506575,-0.303701,0.008000,0.000000,0.000000,0.385000,0.000000,0.000000,0.000000,0.113065,0.087910,0.000000,-0.038687,0.803309,1.000000,1.000000,0,0.00,candidate,1784100620,1784087400
cand-acac5a43-381,ETH,long,-1.103042,1.471795,1.656740,-1.112646,0.107731,0.236667,0.592768,0.005334,0.805940,0.000000,0.147096,-0.391412,0.074881,-0.333333,0.438101,0.000000,0.000000,1.000000,0.000000,0.000000,0.896553,-0.000120,0.128000,0.002384,0.000000,0.250000,0.021708,0.000000,0.868199,0.496217,0.000000,-0.413732,0.267780,1.059607,1.000000,0.409326,0.696078,0.814803,1.000000,-0.156076,0.000000,0.248836,0.497899,-0.293289,0.009000,0.000000,0.000000,0.908000,0.000000,0.000000,0.000000,0.113065,0.091473,0.000000,-0.055939,-0.689441,1.000000,0.750000,0,0.00,candidate,1784100620,1784087700
cand-acac5a43-385,ETH,long,0.158566,1.018822,0.980125,-0.947804,0.107609,0.236667,0.223983,0.026655,0.811319,0.000000,0.287349,-0.565222,0.077218,-0.333333,0.437062,0.000000,0.000000,1.000000,0.000000,0.000000,0.000000,0.000000,0.352000,0.002384,0.000000,0.250000,0.000000,0.000000,0.894934,0.446198,0.000000,0.000000,0.173862,0.947858,1.000000,0.472244,0.763446,0.815875,1.000000,-0.155431,0.000000,0.257944,0.470574,-0.178557,0.011000,0.000000,0.000000,0.627000,0.000000,0.000000,0.000000,0.113065,0.044090,0.660000,-0.648101,0.148649,1.000000,0.750000,0,0.00,candidate,1784100620,1784088300
cand-acac5a43-391,ETH,long,0.396591,0.024282,0.290603,-0.292987,0.107587,0.236667,1.001758,0.005332,0.832957,0.000000,-0.292747,-0.152722,0.073464,-0.333333,0.437062,0.000000,0.000000,1.000000,0.000000,0.000000,0.870879,0.030152,0.352000,0.002384,0.000000,0.250000,0.001321,0.000000,0.933580,0.358368,0.000000,0.602745,0.048333,1.230481,1.000000,0.615992,0.870246,0.812301,1.000000,-0.157580,0.000000,0.273583,0.423657,-0.359777,0.016000,0.000000,0.000000,0.993000,0.000000,0.000000,0.000000,0.111324,0.327740,0.000000,0.362718,0.242424,1.000000,0.875000,0,0.00,candidate,1784100620,1784089800
cand-acac5a43-393,ETH,long,0.567988,0.191543,0.853713,-0.197264,0.107931,0.236667,1.143608,0.005331,0.826720,0.000000,-0.004387,-0.499185,0.072000,-0.333333,0.437062,0.000000,0.000000,1.000000,0.000000,0.000000,0.769073,-0.029030,0.352000,0.002293,0.000000,0.250000,0.006729,0.000000,0.941176,0.337917,0.000000,0.576454,0.034273,1.094202,1.000000,0.676486,0.890753,0.832844,1.000000,-0.145227,0.000000,0.276943,0.413578,-0.229171,0.044000,0.000000,0.000000,0.680000,0.000000,0.000000,0.000000,0.111324,0.388653,0.000000,-0.167743,0.391156,1.000000,0.750000,0,0.00,candidate,1784100620,1784090100
cand-acac5a43-395,ETH,long,-0.113568,0.322690,0.487964,-0.193015,0.107903,0.236667,0.802594,0.005329,0.839671,0.000000,0.301826,-0.231817,0.071418,-0.333333,0.437062,0.000000,0.000000,1.000000,0.000000,0.000000,0.487584,-0.260113,0.352000,0.002293,0.000000,0.250000,0.006729,0.000000,0.953717,0.300706,0.000000,-0.341014,0.043532,1.386975,1.000000,0.726619,0.912260,0.837663,1.000000,-0.142329,0.000000,0.283065,0.395212,-0.109238,0.036000,0.000000,0.000000,0.492000,0.000000,0.000000,0.000000,0.111324,0.528457,0.000000,-0.855940,-0.074830,1.000000,0.750000,0,0.00,candidate,1784100620,1784090700
cand-acac5a43-397,ETH,long,-0.128230,0.116806,-0.172227,-0.325659,0.108045,0.236667,0.380799,0.005335,0.821648,0.000000,0.049141,-0.701549,0.070541,-0.333333,0.436426,0.000000,0.000000,1.000000,0.000000,0.000000,1.000000,0.000000,0.308000,0.002293,0.000000,0.250000,0.000000,0.000000,0.964787,0.263031,0.000000,0.000000,0.033038,0.828317,1.000000,0.712230,0.907629,0.833022,1.000000,-0.145119,0.000000,0.289343,0.376377,-0.341318,0.026000,0.000000,0.000000,0.801000,0.000000,0.000000,0.000000,0.111324,0.206142,0.000000,-0.478363,-0.104418,1.000000,0.750000,0,0.00,candidate,1784100620,1784091000
cand-acac5a43-399,ETH,long,-0.399153,0.231475,0.029881,-0.363043,0.108166,0.240000,1.080715,0.005332,0.808642,0.000000,-0.003720,-0.493390,0.070977,-0.333333,0.436426,0.000000,0.000000,1.000000,0.000000,0.000000,0.992980,0.004493,0.308000,0.002293,0.000000,0.250000,0.000000,0.000000,0.967046,0.254602,0.000000,0.699916,-0.015449,0.822764,1.000000,0.682513,0.900303,0.818556,1.000000,-0.153819,0.000000,0.291142,0.370979,-0.492923,0.006000,0.000000,0.000000,0.773000,0.000000,0.000000,0.000000,0.111324,0.168036,0.000000,0.291741,-0.337449,1.000000,0.750000,0,0.00,candidate,1784100620,1784091300
cand-acac5a43-400,ETH,long,-0.068809,0.042141,0.046827,-0.093613,0.108477,0.240000,1.133733,0.005340,0.770185,0.074911,0.465534,-0.399494,0.069078,-0.333333,0.436426,0.000000,0.000000,1.000000,0.000000,0.000000,0.990088,0.003197,0.308000,0.002293,0.000000,0.250000,0.002286,0.000000,0.973379,0.229200,0.000000,0.053018,-0.084328,0.629545,1.000000,0.741755,0.926244,0.816054,0.000000,-0.155323,0.000000,0.294755,0.360141,-0.253609,0.013000,0.000000,0.000000,0.367000,0.000000,0.000000,0.000000,0.111324,0.508399,0.000000,-0.373226,-0.050847,1.000000,0.750000,0,0.00,candidate,1784100620,1784091600
cand-acac5a43-409,BTC,long,-0.932539,1.369507,0.888016,0.637945,0.078813,0.220000,1.325308,0.001541,0.894345,-0.055869,-0.504843,0.350060,0.100000,-0.333333,0.322120,0.000000,0.000000,1.000000,0.000000,0.000000,0.895549,-0.024659,0.304000,0.001384,0.000000,0.250000,0.009199,0.000000,0.999657,-0.026177,0.000000,1.001710,0.412607,1.321289,1.000000,0.867419,0.966192,0.000000,0.000000,-0.013510,0.000000,0.335672,0.237390,-0.490220,0.013000,0.000000,0.000000,0.436000,0.000000,0.000000,0.000000,0.109529,0.015747,0.000000,0.046609,-0.514009,1.000000,1.000000,0,0.00,candidate,1784100620,1784095200
cand-acac5a43-421,ETH,short,2.850581,0.731302,-1.254780,-1.165470,0.115481,0.266667,-0.024776,0.005309,0.807813,0.000000,-0.108306,1.916447,-0.058965,0.333333,0.437023,0.000000,0.000000,1.000000,0.000000,0.000000,0.963253,0.060224,0.304000,-0.001993,0.000000,0.250000,0.041161,0.000000,0.984041,-0.177944,0.000000,1.023211,-0.106486,1.043650,-1.000000,0.708843,0.650977,0.934071,0.000000,-0.071849,0.000000,0.360106,0.164088,0.220276,0.004000,0.000000,0.000000,0.000000,0.016000,0.000000,0.000000,0.107665,0.156615,0.679431,0.049349,0.739286,-1.000000,0.845563,1,0.00,candidate,1784100620,1784097300
cand-acac5a43-425,ETH,short,1.210648,0.814224,-0.894427,-1.245941,0.102200,0.210000,0.753093,0.005315,0.814605,0.000000,-0.103554,0.089646,-0.055592,0.333333,0.435277,0.000000,0.000000,1.000000,0.000000,0.000000,0.947126,0.045987,0.340000,-0.002576,0.000000,0.250000,-0.022240,0.000000,0.975342,-0.220697,0.000000,1.798713,0.062651,1.035622,-1.000000,0.659957,0.674812,0.958112,0.000000,-0.046952,0.000000,0.367510,0.141875,-0.042524,0.003000,0.000000,0.000000,0.348000,0.008000,0.000000,0.000000,0.107665,0.066146,1.000000,-0.038208,0.681287,-1.000000,0.846085,1,0.00,candidate,1784100620,1784097900
cand-acac5a43-427,BTC,long,-1.199735,-0.882075,0.680784,1.135822,0.079613,0.223333,1.329506,0.001543,0.915030,0.000000,0.313019,0.380044,0.100000,-0.333333,0.320103,0.000000,0.000000,1.000000,0.000000,0.000000,0.954746,0.051289,0.340000,0.002576,0.000000,0.250000,-0.022240,0.000000,0.967046,-0.254602,0.000000,1.136746,-0.293641,1.686772,1.000000,0.515975,0.802302,0.952502,0.000000,-0.029269,0.000000,0.372578,0.126672,0.129262,0.044000,0.000000,0.000000,0.493000,0.048000,0.000000,0.000000,0.107665,0.830589,0.000000,-0.058031,-0.728019,1.000000,1.000000,0,0.00,candidate,1784100620,1784098200
cand-acac5a43-430,ETH,long,0.313297,-2.963636,-1.007686,0.626985,0.103838,0.216667,0.408017,0.005337,0.811603,0.000000,-0.029222,1.678373,0.053867,-0.333333,0.435277,0.000000,0.000000,1.000000,0.000000,0.000000,0.892540,0.010794,0.340000,0.001993,0.000000,0.250000,-0.026959,0.000000,0.955020,-0.296542,0.000000,1.085569,-0.705086,0.983782,1.000000,0.355511,0.714190,0.954409,0.000000,-0.011738,0.000000,0.379559,0.105728,-0.253451,0.015000,0.000000,0.000000,0.569000,0.000000,0.000000,0.000000,0.107665,0.441366,0.000000,0.511836,0.176301,1.000000,0.727342,0,0.00,candidate,1784100620,1784098800
cand-acac5a43-431,BTC,long,0.263708,-1.834467,-0.916651,0.486327,0.080785,0.233333,0.471297,0.001544,0.861469,-0.060897,-0.297149,-0.023274,0.100000,-0.333333,0.320103,0.000000,0.000000,1.000000,0.000000,0.000000,0.855500,-0.023758,0.340000,0.001993,0.000000,0.250000,-0.026959,0.000000,0.953717,-0.300706,0.000000,0.889215,-0.446478,0.808472,1.000000,0.320667,0.752563,0.971855,0.000000,0.004183,0.000000,0.380279,0.103569,-0.290672,0.020000,0.000000,0.000000,0.876000,0.055000,0.000000,0.000000,0.107665,0.388747,0.690000,0.488950,0.233503,1.000000,0.727342,0,0.00,candidate,1784100620,1784099100
cand-acac5a43-432,BTC,long,1.196442,-1.299177,-0.940553,0.654312,0.081111,0.233333,0.458292,0.001543,0.857459,0.000000,-0.062515,0.240921,0.100000,-0.333333,0.320103,0.000000,0.000000,1.000000,0.000000,0.000000,0.808775,-0.069068,0.340000,0.001993,0.000000,0.250000,-0.019517,0.000000,0.946930,-0.321439,0.000000,-0.305954,-0.449446,0.800240,1.000000,0.409521,0.785135,0.935412,0.000000,0.023579,0.000000,0.383898,0.092713,-0.279896,0.034000,0.000000,0.000000,0.204000,0.044000,0.000000,0.000000,0.107665,0.077079,0.000000,-0.010546,0.721330,1.000000,0.879568,0,0.00,candidate,1784100620,1784099400
cand-422fa3b3-530,ETH,short,-0.476380,1.838587,3.357873,0.500024,0.105746,0.226667,0.198744,0.010707,0.808161,0.000000,0.416019,0.560815,-0.056271,0.333333,0.435277,0.000000,0.000000,1.000000,0.000000,0.000000,0.926980,0.027389,0.340000,-0.002361,0.000000,0.250000,-0.045398,0.000000,0.911762,-0.410719,0.000000,0.147481,0.371848,0.903523,0.000000,0.117273,0.940708,0.000000,0.000000,-0.104315,-0.017701,0.398844,0.047874,0.171284,0.015000,0.000000,0.000000,0.122000,0.000000,0.000000,0.000000,0.105855,0.107864,-0.000000,0.138231,-0.375494,-1.000000,0.891944,0,0.00,candidate,1784105423,1784100600
cand-179fb86b-630,ETH,short,1.970279,2.201786,2.371040,-0.139443,0.104118,0.220000,0.051263,0.005349,0.813567,0.000000,-0.059987,1.734156,-0.054612,0.333333,0.435277,0.000000,0.000000,1.000000,0.000000,0.000000,0.973950,0.078243,0.340000,-0.002257,0.000000,0.250000,0.025696,0.000000,0.932008,-0.362438,0.000000,0.406291,0.396282,1.015236,0.000000,0.103463,0.955792,0.000000,0.000000,-0.069634,0.000000,0.390894,0.071725,0.181848,0.006000,0.000000,0.000000,0.811000,0.000000,0.000000,0.000000,0.105855,0.038657,-0.000000,-0.093092,0.658662,-1.000000,0.850124,0,0.00,candidate,1784106621,1784100000
cand-179fb86b-632,ETH,long,0.476380,-1.838587,-3.357873,-0.500024,0.105746,0.226667,1.072640,0.037502,0.787189,0.000000,0.143636,0.560815,0.056227,-0.333333,0.435277,0.000000,0.000000,1.000000,0.000000,0.000000,0.927285,0.027693,0.340000,0.002361,0.000000,0.250000,-0.045398,0.000000,0.909961,-0.414693,0.000000,1.271385,-0.371848,0.673931,0.000000,0.117273,0.553701,0.975176,0.000000,-0.104315,-0.017701,0.400046,0.044269,-0.195506,0.012000,0.000000,0.000000,0.000000,0.000000,0.000000,0.000000,0.105855,0.371196,0.000000,-0.138231,0.375494,1.000000,0.891944,1,0.00,candidate,1784106621,1784100600
cand-179fb86b-633,ETH,short,-0.892897,1.411584,2.220837,0.226879,0.106113,0.226667,1.205096,0.005353,0.830000,0.000000,-0.061582,-0.264852,-0.057491,0.333333,0.435277,0.000000,0.000000,1.000000,0.000000,0.000000,0.745002,-0.143995,0.340000,-0.002361,0.000000,0.250000,-0.002317,0.000000,0.894934,-0.446198,0.000000,2.000000,0.416150,1.280878,0.000000,0.206994,0.895488,0.000000,0.000000,-0.076993,0.000000,0.405119,0.029050,-0.002677,0.033000,0.000000,0.000000,0.433000,0.000000,0.000000,0.000000,0.105855,0.016921,-0.000000,0.009612,-0.830189,-1.000000,0.891944,0,0.00,candidate,1784106621,1784101200
cand-179fb86b-635,ETH,short,-0.766307,0.674218,1.663518,0.204967,0.106085,0.226667,0.381860,0.005351,0.794292,0.000000,-0.140836,-0.331721,-0.059651,0.333333,0.438677,0.000000,0.000000,1.000000,0.000000,0.000000,0.676995,-0.206701,0.512000,-0.001778,0.000000,0.250000,0.019032,0.000000,0.882948,-0.469472,0.000000,1.355754,0.296226,0.814445,0.000000,0.260685,0.868486,0.000000,0.000000,-0.060678,0.000000,0.409511,0.015873,0.125734,0.024000,0.000000,0.000000,0.561000,0.000000,0.000000,0.000000,0.105855,0.420323,-0.000000,-0.146300,-0.511785,-1.000000,0.783889,0,0.00,candidate,1784106621,1784101500
cand-179fb86b-636,ETH,short,0.389334,0.043355,1.563473,0.579817,0.105754,0.226667,0.991720,0.005351,0.869847,-0.004487,-0.001969,-0.513032,-0.060424,0.333333,0.439049,0.000000,0.000000,1.000000,0.000000,0.000000,0.000000,0.000000,0.476000,-0.002839,0.000000,0.250000,0.000000,0.000000,0.870356,-0.492424,0.000000,-0.000000,0.080498,1.117401,0.000000,0.233486,0.882159,0.000000,0.000000,-0.068940,0.000000,0.413579,0.003669,-0.115060,0.042000,0.000000,0.000000,0.575000,0.000000,0.000000,0.000000,0.105855,0.262170,-0.000000,-0.240292,0.509804,-1.000000,0.783889,0,0.00,candidate,1784106621,1784101800
cand-02524021-734,ETH,long,0.892897,-1.411584,-2.220837,-0.226879,0.106113,0.226667,0.745592,0.037444,0.773441,-0.199545,-0.505188,-0.264852,0.058487,-0.333333,0.435277,0.000000,0.000000,1.000000,0.000000,0.000000,0.743749,-0.145249,0.340000,0.002361,0.000000,0.250000,-0.002317,0.000000,0.889017,-0.457874,0.000000,1.950689,-0.416150,0.583748,0.000000,0.206994,0.599608,0.951311,0.000000,-0.076993,0.000000,0.407273,0.022586,-0.422409,0.007000,0.000000,0.000000,0.311000,0.000000,0.000000,0.000000,0.105855,0.351844,0.000000,-0.009612,0.830189,1.000000,0.891944,1,0.00,candidate,1784112552,1784101200
cand-02524021-739,ETH,short,1.191778,-0.907849,0.467210,0.275124,0.107523,0.236667,0.954262,0.005344,0.798100,0.000000,-0.027575,-0.462428,-0.063563,0.333333,0.439049,0.000000,0.000000,1.000000,0.000000,0.000000,0.960981,0.007755,0.476000,-0.002839,0.000000,0.250000,0.016770,0.000000,0.843391,-0.537300,0.000000,1.247609,0.056692,0.876992,0.000000,0.302367,0.847554,0.977739,0.000000,0.058699,0.000000,0.421918,0.978652,0.109541,0.018000,0.000000,0.000000,0.551000,0.000000,0.000000,0.000000,0.105855,0.028338,-0.000000,-0.034667,0.800000,-1.000000,0.783889,0,0.00,candidate,1784112552,1784102700
cand-02524021-740,ETH,short,-0.616257,-0.799972,0.419889,0.229274,0.107468,0.236667,0.277861,0.005338,0.829173,0.000000,0.087423,-0.573869,-0.061221,0.333333,0.439049,0.000000,0.000000,1.000000,0.000000,0.000000,0.946445,-0.002069,0.476000,-0.002839,0.000000,0.250000,-0.021905,0.000000,0.824126,-0.566406,0.000000,0.294354,0.025399,1.397715,0.000000,0.346167,0.825586,0.955685,0.000000,0.071901,0.000000,0.427592,0.961629,0.194812,0.003000,0.000000,0.000000,0.427000,0.000000,0.000000,0.000000,0.103927,0.323823,-0.000000,0.082879,-0.604878,-1.000000,0.891944,0,0.00,candidate,1784112552,1784103000
cand-02524021-741,ETH,short,-0.039837,-0.508561,0.112099,0.153721,0.107218,0.233333,0.651201,0.005342,0.838273,0.000000,-0.019444,-0.555347,-0.061077,0.333333,0.439049,0.000000,0.000000,1.000000,0.000000,0.000000,0.879858,-0.052741,0.476000,-0.002839,0.000000,0.250000,-0.021905,0.000000,0.811574,-0.584250,0.000000,0.462148,-0.016411,1.579977,0.000000,0.348993,0.824170,0.954263,0.000000,-0.039350,0.000000,0.431412,0.950169,0.005342,0.019000,0.000000,0.000000,0.274000,0.000000,0.000000,0.000000,0.103927,0.055740,-0.000000,0.762273,-0.039106,-1.000000,0.891944,0,0.00,candidate,1784112552,1784103300
cand-02524021-743,ETH,short,-0.101184,0.061954,-1.074029,0.112404,0.105492,0.226667,1.282307,0.005340,0.738859,0.000000,-0.169755,-0.660081,-0.060215,0.333333,0.439049,0.000000,0.000000,1.000000,0.000000,0.000000,0.827479,-0.096444,0.476000,-0.002252,0.000000,0.250000,0.002027,0.000000,0.777146,-0.629320,0.000000,0.631106,0.002475,0.384615,0.000000,0.376545,0.810368,0.940406,0.000000,-0.031009,0.000000,0.439875,0.924781,0.248266,0.014000,0.000000,0.000000,0.227000,0.003000,0.000000,0.000000,0.103927,0.181355,-0.000000,0.162769,-0.114943,-1.000000,0.762722,0,0.00,candidate,1784112552,1784104200
cand-c6d8e7ac-801,ETH,short,2.933122,2.135288,1.059103,-0.804463,0.104044,0.220000,0.800563,0.005335,0.868178,0.000000,-0.549796,3.980068,-0.053217,0.333333,0.435277,0.000000,0.000000,1.000000,0.000000,0.000000,0.911456,0.026666,0.340000,-0.002576,0.000000,0.250000,-0.022240,0.000000,0.965926,-0.258819,0.000000,1.531254,0.277785,2.279458,-1.000000,0.398559,0.803353,0.000000,0.000000,-0.018249,0.000000,0.373295,0.124522,-0.421629,0.006000,0.000000,0.000000,0.812000,0.008000,0.000000,0.000000,0.107665,0.077369,-0.000000,0.011568,0.721662,-1.000000,0.726912,0,0.00,candidate,1784122414,1784098500
cand-c6d8e7ac-802,BTC,short,1.905138,1.402076,0.795223,-0.856839,0.080884,0.233333,0.272609,0.001545,0.849790,0.000000,-0.186352,2.834362,-0.100000,0.333333,0.320103,0.000000,0.000000,1.000000,0.000000,0.000000,0.913336,0.028546,0.340000,-0.002576,0.000000,0.250000,-0.026959,0.000000,0.963630,-0.267238,0.000000,0.929074,0.544186,0.618807,-1.000000,0.390314,0.840332,0.972728,1.000000,-0.060157,0.000000,0.375106,0.119088,0.092916,0.012000,0.000000,0.000000,0.795000,0.067000,0.000000,0.000000,0.107665,0.110525,-0.000000,0.097266,0.554753,-1.000000,0.847312,0,0.00,candidate,1784122414,1784098500
cand-c6d8e7ac-813,BTC,long,2.338063,0.916114,-0.629599,-0.243184,0.084033,0.266667,1.141368,0.001548,0.847640,0.000000,-0.222747,0.423813,0.100000,-0.333333,0.324101,0.000000,0.000000,1.000000,0.000000,0.000000,0.982316,0.012675,0.476000,0.002839,0.000000,0.250000,0.000000,0.000000,0.854912,-0.518773,0.000000,0.000000,0.408496,0.604758,0.000000,0.245633,0.683793,0.834524,0.000000,0.037076,0.000000,0.418441,0.989084,-0.345316,0.033000,0.000000,0.000000,0.000000,0.000000,0.000000,0.000000,0.105855,0.157674,0.000000,-0.003605,0.939956,1.000000,0.891944,1,0.00,candidate,1784122414,1784102400
cand-c6d8e7ac-814,ETH,long,2.415866,1.554796,-0.182320,-0.080396,0.107260,0.233333,0.986536,0.010683,0.757498,0.000000,0.031456,0.082135,0.063266,-0.333333,0.439049,0.000000,0.000000,1.000000,0.000000,0.000000,0.982307,0.012666,0.476000,0.002839,0.000000,0.250000,0.000000,0.000000,0.854912,-0.518773,0.000000,1.978256,0.188572,0.467094,0.000000,0.387142,0.691407,0.846682,0.000000,-0.022357,0.000000,0.418788,0.988043,-0.146864,0.009000,0.000000,0.000000,0.242000,0.000000,0.000000,0.000000,0.105855,0.334018,1.000000,-0.008178,0.899814,1.000000,0.891944,1,0.00,candidate,1784122414,1784102400
cand-c6d8e7ac-818,BTC,long,0.571921,-0.011971,0.636495,-0.329009,0.084402,0.273333,1.126324,0.001548,0.873129,0.000000,0.223699,-0.135698,0.100000,-0.333333,0.324101,0.000000,0.000000,1.000000,0.000000,0.000000,0.827362,-0.096561,0.476000,0.002252,0.000000,0.250000,0.002027,0.000000,0.779884,-0.625923,0.000000,-0.015045,-0.016009,0.970257,0.000000,0.243665,0.682960,0.833695,0.000000,0.036582,0.000000,0.439528,0.925823,-0.121275,0.033000,0.000000,0.000000,0.000000,0.000000,0.000000,0.000000,0.103927,0.598585,0.000000,0.067689,0.383951,1.000000,1.000000,1,0.00,candidate,1784122414,1784104200
cand-c6d8e7ac-820,ETH,short,0.400550,-0.667229,-0.838667,0.038058,0.105097,0.223333,1.174727,0.005331,0.811824,0.000000,0.015035,0.315648,-0.057994,0.333333,0.439049,0.000000,0.000000,1.000000,0.000000,0.000000,0.715856,-0.181755,0.476000,-0.002548,0.000000,0.250000,-0.000436,0.000000,0.734323,-0.678801,0.000000,0.057113,-0.174319,1.134012,-1.000000,0.462734,0.767265,0.897135,0.000000,-0.004959,0.000000,0.450444,0.893074,0.202532,0.046000,0.000000,0.000000,0.694000,0.000000,0.000000,0.000000,0.103927,0.553233,-0.000000,0.149822,0.275862,-1.000000,0.762833,0,0.00,candidate,1784122414,1784105100
cand-c6d8e7ac-821,ETH,long,0.620294,1.333912,1.473838,0.553413,0.105408,0.226667,0.595093,0.047803,0.765798,-0.984541,-1.204754,-0.029110,0.048312,-0.333333,0.435391,0.000000,0.000000,1.000000,0.000000,0.000000,1.000000,-0.000000,0.416000,-0.000262,0.000000,0.250000,0.000000,0.000000,0.675590,-0.737277,0.000000,0.000000,0.115844,0.593293,1.000000,0.659131,0.829064,0.000000,0.000000,0.054148,0.035406,0.463954,0.852545,-0.236301,0.010000,0.000000,0.000000,0.016000,0.000000,0.000000,0.000000,0.000000,0.099888,0.000000,0.003953,0.416949,1.000000,0.892486,1,0.00,candidate,1784122414,1784106300
cand-5c02e86f-871,ETH,long,-0.882881,1.312167,4.892428,2.592268,0.158999,0.476667,0.297007,0.005160,0.808361,0.959128,1.183534,0.153394,0.001013,-0.333333,0.417583,0.000000,0.000000,1.000000,0.000000,0.000000,0.000000,0.000000,0.476000,0.002538,0.000000,0.250000,0.000000,0.000000,-0.398749,-0.917060,0.000000,0.000000,0.245208,1.029069,1.000000,0.865783,0.832669,0.000000,0.000000,-0.011246,0.000000,0.647086,0.303147,-0.495143,0.001000,0.000000,0.000000,0.391000,0.000000,0.000000,0.000000,0.000000,0.396555,0.000000,0.403259,-0.364973,1.000000,1.000000,0,0.00,candidate,1784127932,1784121900
cand-5c02e86f-872,ETH,long,1.145144,0.406706,4.834293,2.857085,0.159506,0.476667,1.189484,0.005158,0.766970,0.222459,0.500677,0.161507,0.001013,-0.333333,0.417583,0.000000,0.000000,1.000000,0.000000,0.000000,1.000000,0.000000,0.476000,0.002538,0.000000,0.250000,0.000000,0.000000,-0.398749,-0.917060,0.000000,0.892477,0.150517,0.712253,1.000000,0.914664,0.893805,0.000000,0.000000,0.025273,0.000000,0.647434,0.302105,-0.402175,0.004000,0.000000,0.000000,0.212000,0.000000,0.000000,0.000000,0.000000,0.128981,0.648352,-0.034880,0.411150,1.000000,1.000000,0,0.00,candidate,1784127932,1784122200
cand-5c02e86f-873,BTC,long,2.178205,0.857236,2.945469,1.455619,0.101565,0.413333,1.057672,0.001529,0.903395,0.000000,0.028282,0.234599,0.048808,-0.333333,0.314906,0.000000,0.000000,1.000000,0.000000,0.000000,0.727692,-0.027620,0.476000,0.002538,0.000000,0.250000,0.000000,0.000000,-0.402747,-0.915311,0.000000,0.000000,0.167667,1.000000,1.000000,0.879740,0.939583,0.000000,0.000000,0.195149,0.090374,0.647781,0.301064,-0.403209,0.006000,0.000000,0.000000,0.000000,0.000000,0.000000,0.000000,0.000000,0.096791,0.000000,-0.052531,0.700048,1.000000,1.000000,0,0.00,candidate,1784127932,1784122200
cand-b960179a-735,ETH,short,-0.735344,1.566591,0.932108,-1.542243,0.182841,0.610000,1.304844,0.041716,0.758968,-0.064156,-0.076347,-0.532812,-0.029728,0.333333,0.424380,0.000000,0.000000,1.000000,0.000000,0.000000,0.000000,0.000000,0.416000,-0.030265,0.000000,0.250000,0.000000,0.000000,-0.913545,-0.406737,0.000000,-0.000000,0.508287,0.843722,0.000000,0.614004,0.287574,0.647085,1.000000,-0.155014,0.000000,0.000955,0.948748,0.304952,0.001000,0.000000,0.000000,0.000000,0.000000,0.000000,0.000000,-0.048028,0.526023,-0.000000,0.073503,-0.714681,-1.000000,0.749637,0,0.00,candidate,1784161227,1784132100
cand-b960179a-736,ETH,short,0.595853,1.624756,0.808437,-1.553100,0.183642,0.610000,0.984456,0.057391,0.796028,-0.520015,-0.585963,-0.029014,-0.029728,0.333333,0.424380,0.000000,0.000000,1.000000,0.000000,0.000000,1.000000,0.000000,0.416000,-0.030265,0.000000,0.250000,0.000000,0.000000,-0.915311,-0.402747,0.000000,-0.320388,0.435349,1.300804,0.000000,0.577209,0.338060,0.683193,1.000000,-0.177643,0.000000,0.001302,0.947706,0.341623,0.003000,0.000000,0.000000,0.000000,0.000000,0.000000,0.000000,-0.048028,0.207934,-0.000000,-0.481466,0.306122,-1.000000,0.881566,0,0.00,candidate,1784161527,1784132400
cand-b960179a-737,ETH,long,-0.595853,-1.624756,-0.808437,1.553100,0.183642,0.610000,0.509464,0.005209,0.803942,-0.311061,-0.409734,-0.029014,0.029660,-0.333333,0.424011,0.000000,0.000000,1.000000,0.000000,0.000000,0.000000,0.000000,0.368000,0.030265,0.000000,0.250000,0.000000,0.000000,-0.922201,-0.386711,0.000000,0.000000,-0.435349,1.000000,0.000000,0.577209,0.515145,0.834385,0.000000,-0.177643,0.000000,0.004021,0.939549,-0.143232,0.016000,0.000000,0.000000,0.892000,0.000000,0.000000,0.000000,0.101427,0.022945,0.000000,0.481466,-0.306122,1.000000,0.881566,0,0.00,candidate,1784161527,1784132400
cand-b960179a-738,ETH,short,-0.946712,1.074020,0.759447,-1.508076,0.184322,0.613333,0.654526,0.083540,0.768439,-0.944077,-1.351369,-0.672055,-0.030509,0.333333,0.424011,0.000000,0.000000,1.000000,0.000000,0.000000,1.000000,-0.000000,0.368000,-0.030265,0.000000,0.250000,0.000000,0.000000,-0.930418,-0.366501,0.000000,0.737007,0.381678,0.545230,0.000000,0.603521,0.351705,0.625630,1.000000,-0.142798,0.000000,0.007493,0.929132,0.247948,0.002000,0.000000,0.000000,0.000000,0.000000,0.000000,0.000000,0.101427,0.084907,-0.797619,-0.046121,-0.709746,-1.000000,0.749637,0,0.00,candidate,1784161804,1784132700
cand-b960179a-739,BTC,short,1.707490,1.767464,2.530652,-0.009914,0.116790,0.523333,0.207221,0.001543,0.908316,0.000000,0.196746,1.578002,-0.029451,0.333333,0.318552,0.000000,0.000000,1.000000,0.000000,0.000000,1.000000,0.000000,0.436000,-0.031248,0.000000,0.250000,0.000000,0.000000,-0.942641,-0.333807,0.000000,-0.000000,0.756135,1.405587,0.000000,0.106378,0.953258,0.927239,1.000000,-0.150276,-0.051703,0.013647,0.910670,0.502594,0.064000,0.000000,0.000000,0.270000,0.000000,0.000000,0.000000,-1.000000,0.645995,-0.000000,-0.126679,0.620326,-1.000000,1.000000,1,0.00,candidate,1784162404,1784133300
cand-b960179a-765,BTC,long,0.883549,0.540710,0.686468,-0.254635,0.125461,0.563333,0.374253,0.001539,0.909422,0.000000,-0.046342,-0.628725,0.079148,-0.333333,0.317297,0.000000,0.000000,1.000000,0.000000,0.000000,0.862397,0.036052,0.328000,0.035374,0.000000,0.250000,0.007073,0.669287,-0.816642,0.577145,0.000000,-0.785594,0.010913,1.618732,0.000000,0.603085,0.906290,0.836303,1.000000,-0.007905,0.000000,0.165629,0.454725,-0.203196,0.046000,0.000000,0.000000,0.727000,0.001000,0.000000,0.000000,-0.700424,0.190491,1.000000,0.000000,1.000000,1.000000,0.736263,0,0.00,candidate,1784162404,1784146500
cand-b960179a-766,BTC,long,-0.194329,0.075838,0.665339,-0.214455,0.125123,0.563333,1.145498,0.001539,0.870556,0.000000,-0.022461,-0.650533,0.078270,-0.333333,0.317297,0.000000,0.000000,1.000000,0.000000,0.000000,0.827159,0.004733,0.328000,0.035374,0.000000,0.250000,-0.012689,0.639149,-0.803857,0.594823,0.000000,-0.044116,0.041057,0.858307,1.000000,0.568760,0.898162,0.828157,1.000000,-0.012771,0.000000,0.168754,0.445349,-0.192549,0.062000,0.000000,0.000000,0.569000,0.000000,0.000000,0.000000,-0.702408,0.306991,0.000000,0.102992,-0.340564,1.000000,0.736263,0,0.00,candidate,1784162404,1784146800
cand-b960179a-767,BTC,long,0.110981,0.140979,0.532756,-0.282101,0.124806,0.560000,1.104953,0.001539,0.897827,0.000000,-0.089941,-0.707293,0.076098,-0.333333,0.317297,0.000000,0.000000,1.000000,0.000000,0.000000,0.790877,-0.028927,0.328000,0.035374,0.000000,0.250000,-0.012689,0.612747,-0.793353,0.608761,0.000000,0.158000,0.128874,1.266309,1.000000,0.588312,0.902792,0.832798,1.000000,-0.009999,0.000000,0.171532,0.437015,-0.174521,0.036000,0.000000,0.000000,0.657000,0.000000,0.000000,0.000000,-0.702408,0.025144,0.000000,0.400233,0.363265,1.000000,0.736263,0,0.00,candidate,1784162404,1784147100
cand-b960179a-768,BTC,long,0.046997,0.277807,0.458140,0.055707,0.124427,0.560000,0.936412,0.001539,0.887943,0.000000,0.104692,-0.587453,0.074636,-0.333333,0.317297,0.000000,0.000000,1.000000,0.000000,0.000000,0.774047,-0.044664,0.328000,0.030228,0.000000,0.250000,-0.013326,0.589368,-0.779884,0.625923,0.000000,0.053776,0.279182,1.062391,1.000000,0.596567,0.904747,0.834757,1.000000,-0.008829,0.000000,0.175448,0.425266,-0.139372,0.021000,0.000000,0.000000,0.598000,0.001000,0.000000,0.000000,-0.702408,0.001294,0.000000,-0.855812,0.074899,1.000000,0.736263,0,0.00,candidate,1784162404,1784147400
cand-b960179a-770,BTC,long,-0.059613,0.319082,0.277309,0.279631,0.123909,0.556667,0.338747,0.001539,0.852722,0.000000,-0.101026,-0.778132,0.072701,-0.333333,0.317297,0.000000,0.000000,1.000000,0.000000,0.000000,0.781929,-0.036905,0.328000,0.030228,0.000000,0.250000,-0.013326,0.568476,-0.763232,0.646124,0.000000,-0.597665,0.289100,0.640254,1.000000,0.586139,0.902278,0.832282,1.000000,-0.015830,0.000000,0.179274,0.413791,-0.209401,0.025000,0.000000,0.000000,0.808000,0.001000,0.000000,0.000000,-0.702408,0.110706,-0.648649,0.691572,-0.164948,1.000000,0.736263,0,0.00,candidate,1784162404,1784147700
cand-b960179a-771,BTC,long,-0.077404,0.295758,0.050463,0.107633,0.123274,0.550000,0.960378,0.001540,0.889813,0.000000,0.034710,-0.641421,0.072213,-0.333333,0.317297,0.000000,0.000000,1.000000,0.000000,0.000000,0.644288,-0.163700,0.328000,0.030776,0.000000,0.250000,-0.002091,0.532595,-0.746057,0.665882,0.000000,0.669413,0.133110,1.070646,1.000000,0.572670,0.899088,0.829085,1.000000,-0.013590,0.000000,0.183788,0.400248,-0.205354,0.038000,0.000000,0.000000,0.462000,0.000000,0.000000,0.000000,-0.702408,0.084977,0.000000,-0.465776,-0.137168,1.000000,0.736263,0,0.00,candidate,1784162404,1784148000
cand-b960179a-773,BTC,long,-0.186931,-0.213532,-0.046094,-0.277022,0.118608,0.533333,0.509281,0.001540,0.842252,-0.182126,-0.273124,-0.780472,0.071288,-0.333333,0.316636,0.000000,0.000000,1.000000,0.000000,0.000000,0.713399,-0.092428,0.184000,0.030776,0.000000,0.250000,-0.004649,0.502749,-0.700909,0.713250,0.000000,-0.451098,-0.160078,0.568686,1.000000,0.500760,0.882047,0.812009,1.000000,-0.024735,0.000000,0.193636,0.370705,-0.118146,0.047000,0.000000,0.000000,0.533000,0.003000,0.563331,0.000000,-0.702408,0.002147,0.000000,-0.184094,-0.562992,1.000000,0.736263,0,0.00,candidate,1784162404,1784148900
cand-b960179a-812,BTC,short,-0.322560,-0.137172,-0.609566,-0.304783,0.080257,0.223333,0.466872,0.001542,0.869925,0.000000,-0.089870,-0.391927,-0.082641,0.333333,0.317140,0.000000,0.000000,1.000000,0.000000,0.000000,-0.674848,-0.119600,0.228000,-0.035283,0.000000,0.250000,0.008723,0.000000,-0.160743,0.986996,0.000000,-0.000000,-0.012995,0.989837,-1.000000,0.605370,0.900417,0.000000,0.000000,-0.036027,0.000000,0.291750,0.076362,0.197983,0.065000,0.000000,0.000000,0.000000,0.000000,0.000000,0.000000,-0.737329,0.032334,-1.000000,-0.283069,-0.333333,-1.000000,0.736263,1,0.00,candidate,1784162404,1784157300
cand-b960179a-823,BTC,long,1.348365,-0.294718,-0.555277,-0.400226,0.076731,0.213333,1.286123,0.001544,0.882126,0.000000,-0.048592,0.549729,0.080491,-0.333333,0.317140,0.000000,0.000000,1.000000,0.000000,0.000000,0.981701,0.111706,0.228000,0.027001,0.000000,0.250000,0.012329,0.000000,0.021815,0.999762,0.000000,0.516882,0.019779,1.234968,0.000000,0.362957,0.877197,0.734972,0.000000,-0.071897,-0.005966,0.320839,0.989094,-0.183823,0.029000,0.000000,0.000000,0.698000,0.000000,0.000000,0.000000,-0.737329,0.111011,0.867876,-0.024053,0.679513,1.000000,1.000000,0,0.00,candidate,1784162404,1784160000
cand-b960179a-825,BTC,long,0.438715,0.277803,-0.442344,-0.303716,0.075976,0.210000,1.141402,0.001543,0.845541,-0.120791,-0.387769,0.251537,0.079750,-0.333333,0.317140,0.000000,0.000000,1.000000,0.000000,0.000000,0.972697,0.101758,0.228000,0.027001,0.000000,0.250000,0.012329,0.000000,0.043619,0.999048,0.000000,-0.061496,0.156193,0.751848,0.000000,0.420603,0.888346,0.746170,0.000000,-0.066699,0.000000,0.324659,0.977635,-0.117981,0.010000,0.000000,0.000000,0.577000,0.000000,0.000000,0.000000,-0.737329,0.238616,0.000000,0.505045,0.288000,1.000000,0.881566,0,0.00,candidate,1784162404,1784160300
cand-b960179a-740,BTC,short,-1.179133,0.791566,2.023091,-0.282965,0.117532,0.523333,0.144725,0.001540,0.877912,0.000000,0.165262,-0.373486,-0.030407,0.333333,0.318552,0.000000,0.000000,1.000000,0.000000,0.000000,0.999901,-0.000007,0.436000,-0.031248,0.000000,0.250000,-0.004479,0.000000,-0.951057,-0.309017,0.000000,-0.000980,0.324888,1.000000,0.000000,0.196062,0.915632,0.881177,1.000000,-0.122370,-0.024039,0.017814,0.898168,0.302622,0.022000,0.000000,0.000000,0.446000,0.000000,0.000000,0.000000,-1.000000,0.412521,-0.000000,-0.126091,-0.644907,-1.000000,0.868071,1,0.00,candidate,1784162712,1784133600
cand-b960179a-759,BTC,long,0.952094,0.868881,0.223422,-0.746725,0.124578,0.560000,0.062146,0.001540,0.888797,0.000000,-0.094128,-0.410793,0.082466,-0.333333,0.317794,0.000000,0.000000,1.000000,0.000000,0.000000,0.514399,-0.318945,0.200000,0.029565,0.000000,0.250000,0.023389,0.603162,-0.876727,0.480989,0.000000,0.868180,0.121190,1.340073,0.000000,0.339994,0.754248,0.820369,1.000000,-0.017423,0.000000,0.147698,0.508517,-0.390824,0.076000,0.000000,0.000000,0.382000,0.000000,0.000000,0.000000,-0.498118,0.523795,0.000000,0.035732,0.804598,1.000000,0.868071,0,0.00,candidate,1784162712,1784145000
cand-b960179a-760,BTC,long,-0.048190,0.613497,0.381994,-0.774674,0.124593,0.560000,0.481003,0.001541,0.911830,0.000000,0.161563,-0.667102,0.081537,-0.333333,0.317297,0.000000,0.000000,1.000000,0.000000,0.000000,0.497830,-0.333788,0.328000,0.029565,0.000000,0.250000,0.023389,1.358754,-0.863836,0.503774,0.000000,-0.098042,-0.002600,1.876322,0.000000,0.334620,0.752232,0.818356,1.000000,-0.018625,0.000000,0.151908,0.495889,-0.507651,0.021000,0.000000,0.000000,0.000000,0.000000,0.000000,0.000000,-0.498118,0.404201,0.000000,0.066466,-0.083156,1.000000,0.736263,0,0.00,candidate,1784162712,1784145300
cand-b960179a-776,BTC,long,0.468184,-0.328359,0.011228,-0.347571,0.114854,0.503333,0.647180,0.001543,0.867219,0.687139,1.056491,-0.634526,0.070439,-0.333333,0.316636,0.000000,0.000000,1.000000,0.000000,0.000000,0.690002,-0.090471,0.184000,0.030178,0.000000,0.250000,0.003320,0.477418,-0.672367,0.740218,0.000000,0.710604,-0.103377,0.878861,0.000000,0.455790,0.871381,0.801320,1.000000,-0.031120,0.000000,0.199972,0.351697,-0.294795,0.032000,0.000000,0.000000,0.429000,0.023000,0.521990,0.000000,-0.702408,0.069758,0.000000,-0.050291,0.775744,1.000000,0.736263,0,0.00,candidate,1784162712,1784149500
cand-b960179a-741,ETH,short,-0.611818,-0.882681,0.351057,0.603298,0.193240,0.643333,1.430009,0.052044,0.814986,-0.201470,-0.198426,-0.248997,-0.045360,0.333333,0.422874,0.000000,0.000000,1.000000,0.000000,0.000000,0.000000,0.000000,0.216000,-0.030386,0.000000,0.250000,0.000000,0.000000,-0.975342,-0.220697,0.000000,-0.000000,-0.202862,1.031595,0.000000,0.418131,0.690291,0.949163,0.000000,0.008419,0.000000,0.032269,0.854805,0.327770,0.004000,0.000000,0.000000,0.299000,0.000000,0.000000,0.000000,-0.663868,0.416262,-0.000000,0.058509,-0.679641,-1.000000,0.749637,0,0.00,candidate,1784163920,1784134800
cand-b960179a-742,ETH,short,-0.518599,-1.686456,-0.065139,0.336878,0.193617,0.643333,0.924725,0.031226,0.793071,-0.097000,-0.119988,-0.544721,-0.045360,0.333333,0.422874,0.000000,0.000000,1.000000,0.000000,0.000000,1.000000,0.000000,0.216000,-0.030386,0.000000,0.250000,0.000000,0.000000,-0.976296,-0.216440,0.000000,-0.505284,-0.424247,0.852281,0.000000,0.463340,0.657149,0.915761,0.000000,0.028483,0.000000,0.032616,0.853763,0.293958,0.003000,0.000000,0.000000,0.351000,0.000000,0.000000,0.000000,-0.663868,0.560272,-0.000000,0.072514,-0.509235,-1.000000,0.749637,0,0.00,candidate,1784164220,1784135100
cand-b960179a-743,BTC,short,1.210454,-0.482764,0.209717,0.640930,0.119375,0.543333,0.002090,0.001539,0.834027,-0.476564,-0.738700,-0.949721,-0.035949,0.333333,0.315339,0.000000,0.000000,1.000000,0.000000,0.000000,0.963630,0.023635,0.216000,-0.030386,0.000000,0.250000,0.000000,0.000000,-0.980785,-0.195090,0.000000,-0.000000,-0.427566,0.592201,0.000000,0.305489,0.868730,0.970413,1.000000,-0.093985,0.000000,0.036089,0.843344,0.272481,0.047000,0.000000,0.000000,0.772000,0.000000,0.000000,0.000000,-0.663868,0.031887,1.000000,-0.030724,0.823839,-1.000000,0.749637,1,0.00,candidate,1784164531,1784135400
cand-b960179a-744,ETH,short,0.937669,-0.898491,-0.152572,0.700329,0.194274,0.646667,0.572350,0.156307,0.813551,-0.097783,-0.496650,-0.757709,-0.049153,0.333333,0.422874,0.000000,0.000000,1.000000,0.000000,0.000000,0.963315,0.023325,0.216000,-0.030386,0.000000,0.250000,-0.013935,0.000000,-0.984041,-0.177944,0.000000,-0.352375,-0.141163,1.102969,0.000000,0.381354,0.717301,0.877404,0.000000,-0.007931,0.000000,0.038867,0.835010,0.335947,0.011000,0.000000,0.000000,0.802000,0.000000,0.000000,0.000000,-0.663868,0.087642,0.909326,-0.050100,0.746809,-1.000000,0.749637,0,0.00,candidate,1784164531,1784135400
cand-b960179a-745,ETH,short,-0.198290,-0.612287,-0.010054,0.754075,0.194374,0.646667,1.039663,0.005202,0.834304,0.000000,0.362856,-0.669810,-0.050828,0.333333,0.422874,0.000000,0.000000,1.000000,0.000000,0.000000,0.807051,-0.045011,0.216000,-0.029700,0.000000,0.250000,-0.013935,0.000000,-0.986996,-0.160743,0.000000,0.467314,0.037388,1.452749,0.000000,0.398688,0.704565,0.864607,0.000000,-0.000221,0.000000,0.041993,0.825633,0.431600,0.012000,0.000000,0.000000,0.220000,0.000000,0.000000,0.000000,0.386593,0.578907,-0.000000,0.583990,-0.207283,-1.000000,0.749637,1,0.00,candidate,1784164831,1784135700
cand-b960179a-750,ETH,long,0.115651,0.354371,0.605919,0.080084,0.197105,0.656667,0.850755,0.005175,0.791205,-0.979725,-1.327903,-0.840185,0.067112,-0.333333,0.420827,0.000000,0.000000,1.000000,0.000000,0.000000,0.309267,-0.300014,0.184000,0.030321,0.000000,0.250000,0.001134,0.000000,-0.991445,0.130526,0.000000,0.059605,0.017682,0.821682,1.000000,0.770017,0.860135,0.000000,0.000000,0.104420,0.000000,0.088678,0.685577,-0.318162,0.003000,0.000000,0.000000,0.220000,0.000000,0.000000,0.000000,-1.000000,0.196684,0.000000,0.173282,0.148276,1.000000,0.749637,0,0.00,candidate,1784164831,1784139900
cand-b960179a-751,ETH,long,0.627341,0.516834,0.783589,0.025751,0.197229,0.656667,0.528703,0.005180,0.879740,0.024341,0.498255,-0.583619,0.067305,-0.333333,0.420827,0.000000,0.000000,1.000000,0.000000,0.000000,0.684888,-0.019154,0.184000,0.030343,0.000000,0.250000,0.001134,0.000000,-0.988362,0.152123,0.000000,-0.322052,0.158871,3.000000,1.000000,0.837876,0.901526,0.000000,0.000000,0.129021,0.000000,0.091917,0.675860,-0.328815,0.012000,0.000000,0.000000,0.883000,0.017000,0.000000,0.000000,0.524631,0.369474,0.000000,-0.100811,0.508547,1.000000,0.868071,0,0.00,candidate,1784164831,1784140200
cand-b960179a-761,BTC,long,-0.286233,0.368970,0.045245,-0.593542,0.124809,0.560000,0.325969,0.001540,0.868946,0.000000,-0.144207,-0.594724,0.081544,-0.333333,0.317297,0.000000,0.000000,1.000000,0.000000,0.000000,0.554090,-0.267579,0.328000,0.030283,0.000000,0.250000,0.012931,0.745061,-0.845728,0.533615,0.000000,-0.155035,-0.165940,0.985538,0.000000,0.383514,0.818779,0.806381,1.000000,-0.025778,-0.006120,0.156865,0.481017,-0.282193,0.019000,0.000000,0.000000,0.356000,0.003000,0.000000,0.000000,-0.700424,0.086368,0.000000,0.361338,-0.301961,1.000000,0.736263,0,0.00,candidate,1784164831,1784145600
cand-b960179a-762,BTC,long,-0.156412,0.072417,0.116299,-0.418273,0.125064,0.563333,0.620908,0.001541,0.883793,0.146375,0.387214,-0.721006,0.081631,-0.333333,0.317297,0.000000,0.000000,1.000000,0.000000,0.000000,0.563244,-0.258861,0.328000,0.030283,0.000000,0.250000,0.012931,0.745061,-0.843391,0.537300,0.000000,-0.518014,-0.220021,1.224985,0.000000,0.438999,0.864238,0.799822,1.000000,-0.029695,-0.010031,0.157559,0.478933,-0.571926,0.026000,0.000000,0.000000,0.000000,0.009000,0.000000,0.000000,-0.700424,0.429703,0.000000,0.108139,-0.138646,1.000000,0.736263,0,0.00,candidate,1784164831,1784145900
cand-b960179a-763,BTC,long,-0.016010,-0.221154,0.037333,-0.259954,0.125079,0.563333,1.159847,0.001540,0.846326,-0.135974,-0.368192,-0.600460,0.080539,-0.333333,0.317297,0.000000,0.000000,1.000000,0.000000,0.000000,0.373483,-0.427832,0.328000,0.030283,0.000000,0.250000,0.007073,0.704134,-0.826590,0.562805,0.000000,1.213863,-0.251512,0.692517,0.000000,0.436240,0.863567,0.799151,1.000000,-0.030097,-0.010431,0.162421,0.464349,-0.125305,0.012000,0.000000,0.000000,0.538000,0.007000,0.000000,0.000000,-0.700424,0.096994,0.000000,-0.868038,-0.036723,1.000000,0.736263,0,0.00,candidate,1784164831,1784146200
cand-b960179a-778,BTC,long,-0.750040,-0.603849,-0.200080,-0.276044,0.113618,0.496667,1.091154,0.001542,0.856289,0.000000,-0.159454,-0.234582,0.070758,-0.333333,0.316636,0.000000,0.000000,1.000000,0.000000,0.000000,0.872005,0.081497,0.184000,0.030178,0.000000,0.250000,0.005577,0.466108,-0.652760,0.757565,0.000000,0.929329,-0.101376,0.745142,0.000000,0.335651,0.842853,0.772733,1.000000,-0.048198,0.000000,0.204139,0.339196,-0.251288,0.044000,0.000000,0.000000,0.000000,0.016000,0.521990,0.000000,-0.702408,0.098614,-0.815634,0.248188,-0.501815,1.000000,0.736263,0,0.00,candidate,1784164831,1784149800
cand-b960179a-780,BTC,long,-0.102801,-0.489887,-0.516270,-0.247669,0.112481,0.476667,0.672786,0.001542,0.884582,0.000000,0.055468,-0.756917,0.070098,-0.333333,0.316636,0.000000,0.000000,1.000000,0.000000,0.000000,0.812169,0.023076,0.184000,0.030641,0.000000,0.250000,0.005577,0.455566,-0.642788,0.766044,0.000000,0.255589,-0.108698,1.181547,0.000000,0.319357,0.838980,0.768852,1.000000,-0.050516,0.000000,0.206301,0.332709,-0.111939,0.067000,0.000000,0.000000,0.000000,0.013000,0.521990,0.000000,-0.702408,0.407911,0.000000,-0.569877,-0.245098,1.000000,0.736263,0,0.00,candidate,1784164831,1784150100
cand-b960179a-799,BTC,short,-1.078126,-0.464492,-0.162214,0.409573,0.090546,0.300000,0.157383,0.001541,0.860061,0.000000,0.145679,-0.181384,-0.080584,0.333333,0.318711,0.000000,0.000000,1.000000,0.000000,0.000000,0.973091,0.160513,0.308000,-0.035252,0.000000,0.250000,-0.004488,0.357251,-0.370557,0.928810,0.000000,-0.456006,-0.108721,0.912429,0.000000,0.422741,0.915376,0.000000,0.000000,-0.045046,0.000000,0.257065,0.180416,-0.046305,0.055000,0.000000,0.000000,0.000000,0.000000,0.399535,0.000000,-0.725381,0.268284,-0.000000,-0.000000,-0.996850,-1.000000,0.868071,1,0.00,candidate,1784164831,1784154300
cand-b960179a-801,BTC,short,-0.104902,-0.506447,-0.378985,0.474862,0.089629,0.293333,0.327112,0.001541,0.881866,0.000000,0.018241,-0.128504,-0.081051,0.333333,0.318711,0.000000,0.000000,1.000000,0.000000,0.000000,0.936009,0.127256,0.308000,-0.035283,0.000000,0.250000,0.006904,0.352437,-0.350207,0.936672,0.000000,0.169729,-0.069709,1.201137,0.000000,0.471302,0.912250,0.981659,1.000000,-0.043161,0.000000,0.260625,0.169737,0.006397,0.028000,0.000000,0.000000,0.000000,0.000000,0.399535,0.000000,-0.725381,0.277146,-0.000000,0.792963,-0.109515,-1.000000,1.000000,1,0.00,candidate,1784164831,1784154600
cand-b960179a-806,BTC,short,0.513329,-0.351975,-0.276431,0.094463,0.084081,0.266667,0.123953,0.001543,0.890133,0.000000,-0.001374,1.581949,-0.081750,0.333333,0.318711,0.000000,0.000000,1.000000,0.000000,0.000000,0.958891,0.143549,0.308000,-0.035283,0.000000,0.250000,-0.005868,0.330984,-0.263031,0.964787,0.000000,-0.555282,-0.118166,1.496243,-1.000000,0.463316,0.923732,0.000000,0.000000,-0.050083,0.000000,0.275366,0.125513,0.087920,0.041000,0.000000,0.000000,0.219000,0.000000,0.370057,0.000000,-0.725381,0.167930,-0.000000,0.438405,0.276954,-1.000000,0.868191,1,0.00,candidate,1784164831,1784155800
cand-b960179a-807,BTC,short,0.419258,0.294573,-0.149471,0.026779,0.083125,0.246667,0.923565,0.001543,0.969695,0.000000,-0.030414,-0.561364,-0.081478,0.333333,0.318711,0.000000,0.000000,1.000000,0.000000,0.000000,0.690958,-0.114196,0.308000,-0.035283,0.000000,0.250000,-0.005868,0.330984,-0.258819,0.965926,0.000000,0.799612,0.055646,3.000000,0.000000,0.392757,0.935324,0.000000,0.000000,-0.057072,0.000000,0.276061,0.123429,0.492654,0.022000,0.000000,0.000000,0.271000,0.009000,0.370057,0.000000,-0.725381,0.815023,-0.000000,-0.000019,0.995595,-1.000000,0.736263,1,0.00,candidate,1784164831,1784156100
cand-b960179a-814,BTC,short,0.265065,0.097945,0.286440,0.022063,0.079724,0.223333,0.412418,0.001543,0.879819,0.000000,-0.039360,-0.788018,-0.082612,0.333333,0.317140,0.000000,0.000000,1.000000,0.000000,0.000000,0.871154,0.027584,0.228000,-0.037271,0.000000,0.250000,0.008723,0.000000,-0.130526,0.991445,0.000000,-0.103739,0.072334,1.154068,-1.000000,0.268905,0.960868,0.000000,0.000000,-0.060909,0.000000,0.297047,0.060469,0.132301,0.046000,0.000000,0.000000,0.425000,0.000000,0.000000,0.000000,-0.737329,0.223152,-0.000000,-0.113235,0.658654,-1.000000,0.736263,1,0.00,candidate,1784164831,1784157900
cand-b960179a-816,BTC,short,-0.080277,0.477771,0.301129,0.081653,0.078785,0.220000,-0.016700,0.001543,0.873254,-0.041576,-0.166844,-0.928093,-0.081800,0.333333,0.317140,0.000000,0.000000,1.000000,0.000000,0.000000,0.869820,0.027868,0.228000,-0.037271,0.000000,0.250000,-0.014096,0.000000,-0.100188,0.994969,0.000000,-0.501559,0.201774,1.056248,0.000000,0.283392,0.958763,0.000000,0.000000,-0.059640,0.000000,0.301909,0.045884,0.144592,0.053000,0.000000,0.000000,0.548000,0.000000,0.000000,0.000000,-0.737329,0.192513,-0.000000,0.253023,-0.146429,-1.000000,0.736263,1,0.00,candidate,1784164831,1784158200
cand-b960179a-817,BTC,short,0.938565,0.873338,0.552439,0.347827,0.078589,0.220000,0.513398,0.001544,0.873145,0.000000,-0.147934,-0.384396,-0.081551,0.333333,0.317140,0.000000,0.000000,1.000000,0.000000,0.000000,0.432465,-0.252279,0.228000,-0.037271,0.000000,0.250000,-0.014096,0.000000,-0.091502,0.995805,0.000000,0.138086,0.201774,1.066068,0.000000,0.114488,0.983328,0.000000,0.000000,-0.074442,-0.012342,0.303298,0.041718,-0.076810,0.052000,0.000000,0.000000,0.745000,0.000000,0.000000,0.000000,-0.737329,0.166844,1.000000,0.017486,0.865942,-1.000000,0.736263,1,0.00,candidate,1784164831,1784158500
cand-b960179a-820,BTC,long,0.214622,-1.462002,-0.932735,-0.447019,0.077032,0.216667,0.441464,0.001545,0.826949,0.000000,-0.135075,1.672871,0.081140,-0.333333,0.317140,0.000000,0.000000,1.000000,0.000000,0.000000,0.838646,0.071005,0.228000,0.037728,0.000000,0.250000,0.004715,0.000000,-0.039260,0.999229,0.000000,0.415185,-0.425021,0.540929,0.000000,0.185482,0.842823,0.983932,0.000000,-0.092519,-0.026487,0.311377,0.017480,-0.223693,0.019000,0.000000,0.000000,0.659000,0.000000,0.000000,0.000000,-0.737329,0.327261,0.000000,0.566711,0.138243,1.000000,0.881566,0,0.00,candidate,1784164831,1784159100
cand-b960179a-824,ETH,long,1.922142,0.068637,-0.446568,0.037679,0.117647,0.276667,1.110362,0.088533,0.790944,0.000000,-0.202949,0.428115,0.043300,-0.333333,0.421944,0.000000,0.000000,1.000000,0.000000,0.000000,0.981735,0.111740,0.228000,0.027001,0.000000,0.250000,0.012329,0.000000,0.039260,0.999229,0.000000,1.671748,-0.055393,0.926270,0.000000,0.472119,0.852190,0.000000,0.000000,0.010867,0.000000,0.323617,0.980760,-0.135385,0.007000,0.000000,0.000000,0.962000,0.000000,0.000000,0.000000,-0.737329,0.207427,1.000000,0.009184,0.904167,1.000000,1.000000,0,0.00,candidate,1784164831,1784160000
cand-b960179a-826,ETH,long,0.645731,1.588359,-0.119020,0.110039,0.115971,0.266667,1.127958,0.005204,0.774760,0.000000,0.295566,1.422879,0.046788,-0.333333,0.422976,0.000000,0.000000,1.000000,0.000000,0.000000,0.748821,-0.088785,0.012000,0.027365,0.000000,0.250000,-0.005203,0.000000,0.069756,0.997564,0.000000,0.017596,0.136969,0.726621,0.000000,0.612144,0.891525,0.000000,0.000000,0.006028,0.000000,0.328586,0.965854,-0.132681,0.005000,0.000000,0.000000,0.542000,0.000000,0.000000,0.000000,-0.749653,0.078646,0.000000,0.144601,0.557692,1.000000,0.749757,0,0.00,candidate,1784164831,1784160600
cand-b960179a-827,BTC,short,0.208470,-0.748000,0.500223,0.334897,0.074756,0.210000,0.144701,0.001546,0.852662,-0.003095,-0.314264,0.108482,-0.077920,0.333333,0.318457,0.000000,0.000000,1.000000,0.000000,0.000000,0.747707,-0.089895,0.012000,-0.027365,0.000000,0.250000,-0.005203,0.000000,0.082808,0.996566,0.000000,1.304673,-0.451205,0.819306,0.000000,0.393648,0.924130,0.000000,0.000000,-0.069826,0.000000,0.331017,0.958562,0.126287,0.021000,0.000000,0.000000,0.694000,0.007000,0.000000,0.000000,-0.749653,0.018941,-0.000000,-0.379394,0.230769,-1.000000,0.749637,1,0.00,candidate,1784164831,1784160600
cand-b960179a-843,ETH,short,2.907570,1.459025,1.593688,1.005619,0.105850,0.226667,0.385664,0.005235,0.812188,0.000000,0.124292,3.123094,-0.066043,0.333333,0.425899,0.000000,0.000000,1.000000,0.000000,0.000000,0.983186,0.076665,0.012000,-0.026958,0.000000,0.250000,-0.003914,0.000000,0.350207,0.936672,0.000000,-0.376573,0.259352,1.272534,0.000000,0.006235,0.997728,0.000000,0.000000,-0.141965,-0.122515,0.374467,0.828211,0.185822,0.003000,0.000000,0.000000,0.829000,0.001000,0.000000,0.000000,-0.762650,0.232005,-0.000000,0.010260,0.877429,-1.000000,1.000000,0,0.00,candidate,1784166009,1784164500
cand-b960179a-832,BTC,short,2.004131,2.823358,1.794090,1.500528,0.073765,0.206667,0.145057,0.001551,0.873210,0.000000,-0.008739,4.225700,-0.072106,0.333333,0.318457,0.000000,0.000000,1.000000,0.000000,0.000000,0.949062,0.077240,0.012000,-0.026882,0.000000,0.250000,-0.021061,0.000000,0.186524,0.982450,0.000000,-0.457321,0.504862,1.087070,0.000000,0.014555,0.995968,0.000000,0.000000,-0.172646,-0.104762,0.347073,0.910393,-0.164666,0.064000,0.000000,0.000000,0.982000,0.020000,0.000000,0.000000,-0.749653,0.303224,1.000000,-0.005713,0.924419,-1.000000,1.000000,0,0.00,candidate,1784166918,1784162100
cand-b960179a-833,ETH,short,0.353078,2.303501,0.440473,0.873271,0.109607,0.250000,0.419911,0.073216,0.772462,0.019487,0.423835,1.351711,-0.052276,0.333333,0.422976,0.000000,0.000000,1.000000,0.000000,0.000000,0.880193,0.017291,0.012000,-0.027225,0.000000,0.250000,-0.022399,0.000000,0.199368,0.979925,0.000000,0.472140,0.475331,0.734620,0.000000,0.056475,0.982739,0.000000,0.000000,-0.089509,-0.039557,0.349597,0.902820,0.143796,0.004000,0.000000,0.000000,0.533000,0.000000,0.000000,0.000000,-0.749653,0.218544,-0.000000,0.010455,0.273381,-1.000000,0.881061,0,0.00,candidate,1784166918,1784162400
cand-b960179a-834,BTC,short,-0.270831,2.733313,1.375814,1.500572,0.070995,0.193333,0.356455,0.001550,0.850396,0.000000,0.226673,1.067217,-0.071284,0.333333,0.318457,0.000000,0.000000,1.000000,0.000000,0.000000,0.880226,0.017323,0.012000,-0.027225,0.000000,0.250000,-0.022399,0.000000,0.203642,0.979045,0.000000,0.211398,0.618448,0.772035,0.000000,0.059879,0.983617,0.000000,0.000000,-0.168099,-0.099171,0.349944,0.901778,0.136164,0.020000,0.000000,0.000000,0.908000,0.015000,0.000000,0.000000,-0.749653,0.072130,-0.000000,-0.284110,-0.349296,-1.000000,1.000000,0,0.00,candidate,1784166918,1784162400
cand-b960179a-746,ETH,long,0.231099,0.597157,0.525313,-0.019547,0.195304,0.650000,1.099014,0.046690,0.769691,0.000000,-0.040076,-0.484245,0.066661,-0.333333,0.422214,0.000000,0.000000,1.000000,0.000000,0.000000,-0.280472,-0.360604,0.368000,0.029651,0.000000,0.250000,-0.014353,0.000000,-0.999657,0.026177,0.000000,0.000000,-0.038472,0.621854,1.000000,0.701022,0.817946,0.000000,0.000000,0.079344,0.000000,0.071538,0.736997,-0.194504,0.016000,0.000000,0.000000,0.191000,0.033000,0.000000,0.000000,-1.000000,0.066937,0.000000,-0.196945,0.325843,1.000000,0.749637,0,0.00,candidate,1784167526,1784138400
cand-b960179a-747,ETH,long,0.273619,0.703756,0.456098,-0.036024,0.195195,0.650000,0.479779,0.046538,0.807541,-0.472872,-1.113603,-0.707766,0.067162,-0.333333,0.420995,0.000000,0.000000,1.000000,0.000000,0.000000,0.000000,0.000000,0.308000,0.030321,0.000000,0.250000,0.000000,0.000000,-0.998392,0.056693,0.000000,0.000000,-0.036290,0.975633,1.000000,0.730267,0.835842,0.000000,0.000000,0.089980,0.000000,0.076726,0.721433,-0.235222,0.008000,0.000000,0.000000,0.000000,0.000000,0.000000,0.000000,-1.000000,0.236994,0.000000,0.304920,0.387833,1.000000,0.749637,0,0.00,candidate,1784167827,1784138700
cand-b960179a-748,ETH,long,-1.214480,0.584072,0.717424,-0.036002,0.197317,0.656667,1.119332,0.005182,0.806987,-0.183622,-0.253462,-0.387378,0.066618,-0.333333,0.420827,0.000000,0.000000,1.000000,0.000000,0.000000,1.000000,0.000000,0.184000,0.030321,0.000000,0.250000,0.000000,0.000000,-0.996195,0.087156,0.000000,0.000000,0.119031,1.014447,1.000000,0.751278,0.848687,0.000000,0.000000,0.097615,0.000000,0.081733,0.706414,-0.274552,0.011000,0.000000,0.000000,0.927000,0.000000,0.000000,0.000000,-1.000000,0.221404,0.000000,0.028019,-0.819788,1.000000,0.868071,0,0.00,candidate,1784168410,1784139300
cand-b960179a-749,ETH,long,0.057879,0.396680,0.571439,0.236181,0.196957,0.656667,0.772008,0.005186,0.800895,0.000000,0.137381,-0.986057,0.067242,-0.333333,0.420827,0.000000,0.000000,1.000000,0.000000,0.000000,0.914410,-0.030898,0.184000,0.030321,0.000000,0.250000,0.000000,0.000000,-0.993068,0.117537,0.000000,-0.633789,0.097161,0.987125,1.000000,0.757524,0.852504,0.000000,0.000000,0.099884,0.000000,0.086247,0.692871,-0.243672,0.011000,0.000000,0.000000,0.367000,0.000000,0.000000,0.000000,-1.000000,0.063311,0.000000,-0.113604,0.130682,1.000000,0.749637,0,0.00,candidate,1784168711,1784139600
cand-b960179a-831,ETH,short,1.598652,1.807289,0.882578,0.888274,0.114043,0.263333,1.323592,0.067995,0.790191,0.000000,-0.037151,0.762334,-0.051403,0.333333,0.422976,0.000000,0.000000,1.000000,0.000000,0.000000,0.948473,0.076655,0.012000,-0.026882,0.000000,0.250000,-0.021061,0.000000,0.177944,0.984041,0.000000,2.000000,0.510143,0.976732,0.000000,0.056153,0.983617,0.000000,0.000000,-0.081736,-0.031831,0.345684,0.914559,0.224857,0.009000,0.000000,0.000000,0.885000,0.000000,0.000000,0.000000,-0.749653,0.253604,1.000000,-0.041985,0.767033,-1.000000,0.881056,0,0.00,candidate,1784170834,1784162100
cand-b960179a-752,BTC,short,-0.894582,0.797348,0.189417,0.636274,0.122497,0.550000,0.793663,0.001542,0.844090,0.000000,-0.083987,-0.872489,-0.079926,0.333333,0.317794,0.000000,0.000000,1.000000,0.000000,0.000000,1.000000,0.000000,0.200000,-0.030248,0.000000,0.250000,0.000000,0.000000,-0.957571,0.288196,0.000000,-0.000000,0.273550,0.801108,0.000000,0.199642,0.914096,0.879642,1.000000,-0.029695,-0.010031,0.114399,0.608415,0.233739,0.027000,0.000000,0.000000,0.000000,0.000000,0.000000,0.000000,-0.377116,0.076293,-0.736025,-0.000605,-0.686957,-1.000000,0.868071,1,0.00,candidate,1784171103,1784142000
cand-b960179a-839,ETH,short,-0.735082,-0.112760,0.381260,0.512957,0.105816,0.226667,0.421365,0.005222,0.764835,0.000000,-0.356787,0.926126,-0.055767,0.333333,0.422976,0.000000,0.000000,1.000000,0.000000,0.000000,0.937760,0.061758,0.012000,-0.027225,0.000000,0.250000,0.013260,0.000000,0.237686,0.971342,0.000000,0.415614,0.040554,0.657622,0.000000,0.315849,0.903635,0.956079,1.000000,-0.067682,-0.034832,0.355500,0.885111,0.174914,0.008000,0.000000,0.000000,0.000000,0.000000,0.000000,0.000000,-0.749653,0.109734,-0.000000,0.127688,-0.383632,-1.000000,0.881061,0,0.00,candidate,1784171707,1784163000
cand-b960179a-840,ETH,short,1.080247,0.172805,0.415231,0.600436,0.104885,0.223333,0.593512,0.005224,0.807820,0.000000,-0.010305,-0.122114,-0.059246,0.333333,0.422976,0.000000,0.000000,1.000000,0.000000,0.000000,0.931398,0.055039,0.012000,-0.026958,0.000000,0.250000,0.013260,0.000000,0.267238,0.963630,0.000000,-0.147463,-0.037181,1.227976,0.000000,0.192132,0.941314,0.000000,0.000000,-0.075138,-0.057951,0.360449,0.870266,0.101853,0.025000,0.000000,0.000000,0.000000,0.002000,0.000000,0.000000,-0.749653,0.254574,0.723333,-0.003148,0.939394,-1.000000,0.881061,0,0.00,candidate,1784171707,1784163300
cand-b960179a-842,ETH,short,-0.570328,-0.744319,0.882733,0.571982,0.103432,0.216667,0.762237,0.005228,0.804350,-0.083691,-0.507265,-0.269636,-0.063446,0.333333,0.422976,0.000000,0.000000,1.000000,0.000000,0.000000,0.937011,0.058822,0.012000,-0.026958,0.000000,0.250000,0.017080,0.000000,0.309017,0.951057,0.000000,0.168724,-0.202636,1.173697,0.000000,0.305017,0.906930,0.000000,0.000000,-0.048357,-0.031854,0.367741,0.848390,0.044432,0.012000,0.000000,0.000000,0.230000,0.000000,0.000000,0.000000,-0.749653,0.086479,-0.000000,0.258344,-0.396491,-1.000000,0.748928,0,0.00,candidate,1784171707,1784163900
cand-b960179a-753,BTC,long,-0.116460,-0.558858,-1.057234,-0.926883,0.123253,0.550000,1.138866,0.001543,0.898647,0.000000,-0.212087,1.307409,0.082379,-0.333333,0.317794,0.000000,0.000000,1.000000,0.000000,0.000000,0.958716,-0.006364,0.200000,0.029726,0.000000,0.250000,0.005414,0.000000,-0.925541,0.378649,0.000000,1.249106,-0.088957,1.521625,0.000000,0.085119,0.586891,0.972447,0.000000,-0.070568,-0.050739,0.129412,0.563375,-0.576364,0.046000,0.000000,0.000000,0.484000,0.000000,0.000000,0.000000,-1.000000,0.036170,0.000000,0.725080,-0.101598,1.000000,0.881566,0,0.00,candidate,1784172315,1784143200
cand-b960179a-754,BTC,short,-0.582698,0.073985,0.757612,0.978455,0.123399,0.550000,0.582786,0.001542,0.871351,0.000000,-0.150374,-0.659266,-0.083109,0.333333,0.317794,0.000000,0.000000,1.000000,0.000000,0.000000,0.969318,0.003396,0.200000,-0.030294,0.000000,0.250000,-0.012614,0.000000,-0.920505,0.390731,0.000000,1.721652,0.027035,1.027639,0.000000,0.138218,0.937633,0.923494,1.000000,-0.056142,-0.036390,0.131589,0.556844,0.009176,0.013000,0.000000,0.000000,0.053000,0.000000,0.000000,0.000000,-1.000000,0.212006,-1.000000,0.004565,-0.614474,-1.000000,0.749637,0,0.00,candidate,1784172615,1784143500
cand-b960179a-755,BTC,short,-0.313670,0.308456,0.777779,1.028638,0.123404,0.550000,0.625624,0.001541,0.849855,0.000000,0.273089,-0.377763,-0.084045,0.333333,0.317794,0.000000,0.000000,1.000000,0.000000,0.000000,0.969627,0.004363,0.200000,-0.030294,0.000000,0.250000,-0.012614,0.000000,-0.909961,0.414693,0.000000,0.320063,0.184862,0.732784,0.000000,0.166819,0.924757,0.976667,1.000000,-0.048380,-0.028661,0.135463,0.545224,0.124141,0.029000,0.000000,0.000000,0.000000,0.000000,0.000000,0.000000,0.226652,0.289654,-0.000000,0.444297,-0.257467,-1.000000,0.749637,0,0.00,candidate,1784172922,1784143800
cand-b960179a-756,BTC,short,-0.710967,-0.277029,-0.001437,0.879070,0.123689,0.553333,0.685860,0.001541,0.902688,0.000000,-0.156167,-0.812914,-0.082615,0.333333,0.317794,0.000000,0.000000,1.000000,0.000000,0.000000,0.951633,0.002337,0.200000,-0.030294,0.000000,0.250000,0.017677,1.460657,-0.894934,0.446198,0.000000,0.060236,-0.066454,1.618651,0.000000,0.284412,0.871921,0.857810,1.000000,-0.016529,0.000000,0.141367,0.527509,-0.180196,0.046000,0.000000,0.000000,0.111000,0.000000,0.000000,0.000000,0.226652,0.216139,-0.000000,-0.000000,-1.000000,-1.000000,0.749637,0,0.00,candidate,1784173522,1784144400
cand-b960179a-757,BTC,short,0.991569,-0.434746,0.415096,1.041695,0.124121,0.560000,0.806034,0.001541,0.863552,0.000000,0.072843,-0.825649,-0.081726,0.333333,0.317794,0.000000,0.000000,1.000000,0.000000,0.000000,0.983532,0.032428,0.200000,-0.029565,0.000000,0.250000,0.017677,1.032482,-0.887011,0.461749,0.000000,0.120175,-0.173203,0.903283,0.000000,0.193368,0.912814,0.898685,1.000000,-0.041180,-0.021486,0.144226,0.518934,0.114109,0.015000,0.000000,0.000000,0.000000,0.000000,0.000000,0.000000,0.226652,0.134454,-0.000000,-0.000000,1.000000,-1.000000,0.868071,1,0.00,candidate,1784173831,1784144700
cand-b960179a-758,ETH,long,-0.132033,0.246441,0.046349,-0.313615,0.200761,0.663333,0.292323,0.036375,0.821925,-0.021025,-0.294789,-0.577558,0.063870,-0.333333,0.422925,0.000000,0.000000,1.000000,0.000000,0.000000,0.514399,-0.318945,0.200000,0.029565,0.000000,0.250000,0.023389,0.603162,-0.876727,0.480989,0.000000,0.000000,0.265141,1.093359,0.000000,0.625574,0.787915,0.904960,0.000000,0.048126,0.000000,0.147698,0.508517,-0.161065,0.021000,0.000000,0.000000,0.792000,0.008000,0.000000,0.000000,-0.498118,0.058861,0.000000,-0.006879,-0.097143,1.000000,0.736263,0,0.00,candidate,1784174130,1784145000
cand-b960179a-764,ETH,short,-0.390546,0.510209,0.265450,-0.161390,0.201250,0.663333,0.763748,0.005200,0.823693,0.000000,0.165531,-0.741728,-0.057853,0.333333,0.423303,0.000000,0.000000,1.000000,0.000000,0.000000,0.372818,-0.428493,0.328000,-0.035374,0.000000,0.250000,0.007073,0.669287,-0.824126,0.566406,0.000000,1.812768,0.067757,1.147813,0.000000,0.569899,0.676889,0.836797,0.000000,0.029150,0.000000,0.163545,0.460976,0.150770,0.024000,0.000000,0.000000,0.366000,0.000000,0.000000,0.000000,-0.700424,0.154579,-0.000000,0.090626,-0.607287,-1.000000,0.749637,0,0.00,candidate,1784175312,1784146200
cand-b960179a-769,ETH,short,-0.144581,-0.566717,-0.162545,-0.486395,0.201116,0.663333,0.563938,0.005194,0.798475,0.000000,0.039023,0.282395,-0.049958,0.333333,0.423303,0.000000,0.000000,1.000000,0.000000,0.000000,0.773345,-0.045366,0.328000,-0.030228,0.000000,0.250000,-0.013326,0.568476,-0.771625,0.636078,0.000000,0.135207,-0.084671,0.804767,0.000000,0.698991,0.604567,0.764125,0.000000,0.068712,0.000000,0.177532,0.419016,0.106465,0.018000,0.000000,0.000000,0.772000,0.011000,0.000000,0.000000,-0.702408,0.203863,-0.000000,0.721983,-0.127273,-1.000000,0.868191,0,0.00,candidate,1784176529,1784147400
cand-b960179a-772,ETH,short,0.280710,0.345861,0.047672,-0.144368,0.188954,0.630000,0.611532,0.005202,0.811077,-0.035535,-0.164593,-0.906696,-0.042129,0.333333,0.423303,0.000000,0.000000,1.000000,0.000000,0.000000,0.710827,-0.095004,0.328000,-0.030776,0.000000,0.250000,-0.004649,0.502749,-0.710185,0.704015,0.000000,-0.164573,0.062037,0.883060,0.000000,0.244818,0.924231,0.826790,1.000000,0.029551,0.000000,0.192203,0.375004,0.041612,0.037000,0.000000,0.000000,0.147000,0.000000,0.563331,0.000000,-0.702408,0.336951,-0.000000,0.030912,0.816000,-1.000000,0.736263,0,0.00,candidate,1784178006,1784148900
cand-b960179a-774,ETH,short,0.037308,0.476786,-0.144562,-0.055664,0.167309,0.523333,0.710433,0.051998,0.809337,-0.018662,-0.229407,-0.754625,-0.041187,0.333333,0.422703,0.000000,0.000000,1.000000,0.000000,0.000000,0.289176,-0.481530,0.184000,-0.030178,0.000000,0.250000,0.003320,0.489593,-0.691513,0.722364,0.000000,0.499533,0.153538,0.798605,0.000000,0.238095,0.926307,0.828860,1.000000,0.022804,0.000000,0.196152,0.363157,0.205349,0.015000,0.000000,0.000000,0.386000,0.004000,0.563331,0.000000,-0.702408,0.307828,-0.000000,0.822434,0.045977,-1.000000,0.736263,0,0.00,candidate,1784178314,1784149200
cand-b960179a-775,ETH,short,-0.508593,0.258002,-0.327756,-0.041744,0.163578,0.506667,0.046450,0.020811,0.763261,-0.577846,-0.773600,-0.901740,-0.040177,0.333333,0.422703,0.000000,0.000000,1.000000,0.000000,0.000000,0.690972,-0.089502,0.184000,-0.030178,0.000000,0.250000,0.003320,0.477418,-0.675590,0.737277,0.000000,-0.896830,0.092378,0.400103,0.000000,0.327731,0.898649,0.801282,1.000000,-0.126995,0.000000,0.199277,0.353781,0.114449,0.019000,0.000000,0.000000,0.220000,0.004000,0.521990,0.000000,-0.702408,0.266252,-0.000000,0.057233,-0.760766,-1.000000,0.736263,0,0.00,candidate,1784178614,1784149500
cand-b960179a-777,ETH,short,0.475245,0.260887,-0.057746,-0.140191,0.158638,0.476667,0.280766,0.026014,0.706864,0.000000,-0.253392,-0.344170,-0.040211,0.333333,0.422703,0.000000,0.000000,1.000000,0.000000,0.000000,0.872185,0.081677,0.184000,-0.030178,0.000000,0.250000,0.005577,0.466108,-0.659346,0.751840,0.000000,-0.511649,0.168054,0.173714,0.000000,0.246499,0.923712,0.826272,1.000000,-0.142174,-0.003393,0.202750,0.343363,0.156059,0.015000,0.000000,0.000000,0.279000,0.004000,0.521990,0.000000,-0.702408,0.074848,-0.000000,-0.351289,0.407303,-1.000000,0.736263,0,0.00,candidate,1784178917,1784149800
cand-b960179a-779,ETH,short,0.278335,0.286034,0.267048,-0.067318,0.155141,0.456667,0.643051,0.031223,0.757423,0.000000,-0.065523,-0.846288,-0.039152,0.333333,0.422703,0.000000,0.000000,1.000000,0.000000,0.000000,0.812169,0.023076,0.184000,-0.030641,0.000000,0.250000,0.005577,0.455566,-0.642788,0.766044,0.000000,-0.240589,0.134974,0.404872,0.000000,0.200000,0.938076,0.840594,1.000000,-0.021290,0.000000,0.206301,0.332709,0.179500,0.046000,0.000000,0.000000,0.414000,0.008000,0.521990,0.000000,-0.702408,0.158434,-0.000000,0.249967,0.494253,-1.000000,0.736263,0,0.00,candidate,1784179226,1784150100
cand-b960179a-781,ETH,short,-0.883999,-0.108216,0.022558,-0.090280,0.152946,0.443333,0.722155,0.031182,0.787944,0.000000,0.213159,-0.834733,-0.040018,0.333333,0.422703,0.000000,0.000000,1.000000,0.000000,0.000000,0.910369,0.110542,0.184000,-0.030641,0.000000,0.250000,-0.030440,0.445708,-0.625923,0.779884,0.000000,0.073654,0.085018,0.733523,0.000000,0.345658,0.893122,0.795772,1.000000,0.005762,0.000000,0.209777,0.322281,0.207835,0.023000,0.000000,0.000000,0.740000,0.010000,0.488592,0.000000,-0.713820,0.073642,-1.000000,0.000509,-0.977444,-1.000000,0.736263,0,0.00,candidate,1784179525,1784150400
cand-b960179a-829,BTC,short,1.675124,1.604082,1.731891,1.341056,0.073676,0.206667,0.152859,0.001550,0.850119,0.000000,-0.155605,3.602449,-0.074040,0.333333,0.318457,0.000000,0.000000,1.000000,0.000000,0.000000,0.825086,-0.026732,0.012000,-0.026882,0.000000,0.250000,-0.012815,0.000000,0.130526,0.991445,0.000000,-0.349991,0.106471,0.761497,0.000000,0.000000,1.000000,0.000000,0.000000,-0.153789,-0.091026,0.338392,0.936436,0.184129,0.036000,0.000000,0.000000,0.946000,0.030000,0.000000,0.000000,-0.749653,0.097864,-0.000000,0.055975,0.763410,-1.000000,1.000000,0,0.00,candidate,1784179525,1784161500
cand-b960179a-830,BTC,short,-0.870701,1.827940,1.510187,1.230584,0.073473,0.206667,0.501582,0.001550,0.866749,0.000000,-0.058851,1.785365,-0.074309,0.333333,0.318457,0.000000,0.000000,1.000000,0.000000,0.000000,0.852397,0.001335,0.012000,-0.026882,0.000000,0.250000,-0.021061,0.000000,0.160743,0.986996,0.000000,0.348722,0.279878,0.993540,0.000000,0.112228,0.971766,0.000000,0.000000,-0.137324,-0.074506,0.342906,0.922893,-0.063849,0.059000,0.000000,0.000000,0.928000,0.029000,0.000000,0.000000,-0.749653,0.297313,-0.000000,-0.047851,-0.708904,-1.000000,1.000000,0,0.00,candidate,1784179525,1784161800
cand-b960179a-835,BTC,long,0.270831,-2.733313,-1.375814,-1.500572,0.070995,0.193333,1.097670,0.001550,0.847919,0.000000,-0.003843,1.067217,0.071227,-0.333333,0.318457,0.000000,0.000000,1.000000,0.000000,0.000000,0.880346,0.017436,0.012000,0.027225,0.000000,0.250000,-0.022399,0.000000,0.212178,0.977231,0.000000,1.588578,-0.618448,0.756198,0.000000,0.059879,0.742776,0.991705,0.000000,-0.168099,-0.099171,0.351333,0.897611,-0.284936,0.030000,0.000000,0.000000,0.949000,0.014000,0.000000,0.000000,-0.749653,0.195985,0.000000,0.284110,0.349296,1.000000,1.000000,1,0.00,candidate,1784179525,1784162400
cand-b960179a-836,BTC,long,1.243621,-1.308717,-1.116919,-1.262436,0.069414,0.176667,0.457391,0.001550,0.842608,-0.035533,-0.241357,0.857226,0.071324,-0.333333,0.318457,0.000000,0.000000,1.000000,0.000000,0.000000,0.922492,0.049710,0.012000,0.027225,0.000000,0.250000,-0.022399,0.000000,0.216440,0.976296,0.000000,-0.699282,-0.206072,0.701409,0.000000,0.165093,0.771760,0.975033,0.000000,-0.150697,-0.081984,0.352028,0.895528,-0.293953,0.012000,0.000000,0.000000,0.667000,0.011000,0.000000,0.000000,-0.749653,0.287254,0.000000,0.029925,0.691542,1.000000,1.000000,1,0.00,candidate,1784179525,1784162700
cand-b960179a-837,BTC,short,-1.243621,1.308717,1.116919,1.262436,0.069414,0.176667,0.640739,0.001550,0.851503,0.000000,0.066211,0.857226,-0.071187,0.333333,0.318457,0.000000,0.000000,1.000000,0.000000,0.000000,0.922575,0.049793,0.012000,-0.027225,0.000000,0.250000,-0.022399,0.000000,0.220697,0.975342,0.000000,1.098130,0.206072,0.801527,0.000000,0.165093,0.954868,0.000000,0.000000,-0.150697,-0.081984,0.353070,0.892403,0.286752,0.022000,0.000000,0.000000,0.667000,0.011000,0.000000,0.000000,-0.749653,0.388270,-0.000000,-0.029925,-0.691542,-1.000000,1.000000,0,0.00,candidate,1784179525,1784162700
cand-b960179a-845,BTC,long,2.145839,-0.985312,-0.863250,-1.327281,0.070300,0.186667,0.957855,0.001550,0.864602,0.000000,-0.358650,0.611881,0.069753,-0.333333,0.320837,0.000000,0.000000,1.000000,0.000000,0.000000,0.970235,0.053677,0.012000,0.026958,0.000000,0.250000,0.011150,0.000000,0.370557,0.928810,0.000000,-0.480946,-0.201631,0.958620,0.000000,0.196562,0.755952,0.979090,1.000000,-0.166867,-0.078207,0.377939,0.817794,-0.347172,0.019000,0.000000,0.000000,0.714000,0.013000,0.000000,0.000000,-0.762650,0.336748,0.000000,0.018957,0.792653,1.000000,1.000000,1,0.00,candidate,1784179525,1784164800
cand-b960179a-854,BTC,short,0.653943,-0.256621,-0.288274,0.496736,0.072394,0.200000,0.309471,0.001549,0.848243,-0.174141,-0.372061,0.071424,-0.066660,0.333333,0.320318,0.000000,0.000000,1.000000,0.000000,0.000000,0.795353,-0.133565,0.020000,-0.025655,0.000000,0.250000,-0.010143,0.000000,0.559193,0.829038,0.000000,0.218214,-0.181443,0.862606,-1.000000,0.432948,0.868773,0.943181,1.000000,0.015107,0.000000,0.412065,0.715417,0.171726,0.019000,0.000000,0.000000,0.292000,0.001000,0.000000,0.000000,-0.775662,0.191101,-0.000000,-0.131955,0.636743,-1.000000,0.868736,0,0.00,candidate,1784179525,1784167800
cand-b960179a-782,ETH,short,0.441620,-0.071311,0.253897,-0.028179,0.151848,0.436667,0.875593,0.005203,0.834544,0.000000,-0.104338,-0.784881,-0.039984,0.333333,0.422703,0.000000,0.000000,1.000000,0.000000,0.000000,0.882028,0.078425,0.184000,-0.030641,0.000000,0.250000,-0.030440,0.436463,-0.601815,0.798636,0.000000,0.156433,0.152254,1.540914,0.000000,0.273389,0.915411,0.817996,1.000000,-0.007651,0.000000,0.214986,0.306654,0.145663,0.020000,0.000000,0.000000,0.313000,0.009000,0.488592,0.000000,-0.713820,0.013411,-0.000000,0.026361,0.646766,-1.000000,0.736263,0,0.00,candidate,1784179825,1784150700
cand-b960179a-871,BTC,long,0.532381,-0.165934,-0.129648,-0.160079,0.068958,0.176667,0.297976,0.001549,0.860549,-0.239830,-0.508793,0.094994,0.061128,-0.333333,0.320247,0.000000,0.000000,1.000000,0.000000,0.000000,0.963284,0.042354,0.048000,0.024138,0.000000,0.250000,0.004841,0.000000,0.915311,0.402747,0.000000,-0.823802,-0.115827,0.996148,0.000000,0.451858,0.873622,0.000000,0.000000,-0.001795,0.000000,0.501420,0.447352,-0.184943,0.012000,0.000000,0.000000,0.501000,0.000000,0.000000,0.000000,-0.803398,0.574541,0.000000,0.329751,0.425760,1.000000,0.747425,1,0.00,candidate,1784179825,1784175600
cand-b960179a-784,BTC,short,0.523241,0.461525,0.730473,0.384474,0.109675,0.463333,0.343440,0.001544,0.863170,0.000000,-0.175481,-0.430317,-0.069738,0.333333,0.316636,0.000000,0.000000,1.000000,0.000000,0.000000,0.871016,0.065840,0.184000,-0.030782,0.000000,0.250000,0.001729,0.419579,-0.577145,0.816642,0.000000,0.975624,0.112423,0.943779,0.000000,0.205301,0.951393,0.000000,0.000000,-0.066759,-0.004690,0.219588,0.292849,0.174626,0.046000,0.000000,0.000000,0.800000,0.010000,0.460880,0.000000,-0.713820,0.100415,-0.000000,0.068489,0.640893,-1.000000,0.749637,0,0.00,candidate,1784180102,1784151000
cand-b960179a-841,BTC,long,0.701178,0.122258,-1.337431,-0.980122,0.066696,0.156667,1.178105,0.001549,0.884032,0.000000,0.016291,0.138863,0.069658,-0.333333,0.318457,0.000000,0.000000,1.000000,0.000000,0.000000,0.920485,0.043828,0.012000,0.026958,0.000000,0.250000,0.017080,0.000000,0.284015,0.958820,0.000000,0.104113,-0.052728,1.305661,0.000000,0.260674,0.813238,0.960341,1.000000,-0.138155,-0.060528,0.363227,0.861932,-0.340935,0.015000,0.000000,0.000000,0.327000,0.026000,0.000000,0.000000,-0.749653,0.106561,0.000000,0.304059,0.448584,1.000000,1.000000,1,0.00,candidate,1784180102,1784163600
cand-b960179a-846,BTC,long,1.365299,0.068076,0.129856,-0.648779,0.070557,0.186667,1.592834,0.001548,0.853167,0.000000,-0.282724,-0.113368,0.069924,-0.333333,0.320837,0.000000,0.000000,1.000000,0.000000,0.000000,0.970362,0.050863,0.012000,0.023996,0.000000,0.250000,-0.019486,0.000000,0.402747,0.915311,0.000000,0.237281,0.078298,0.826420,0.000000,0.397039,0.817182,0.964267,1.000000,-0.140467,-0.031475,0.383585,0.800857,-0.282067,0.009000,0.000000,0.000000,0.029000,0.023000,0.000000,0.000000,-0.762650,0.345914,0.000000,0.005952,0.922849,1.000000,1.000000,1,0.00,candidate,1784180102,1784165400
cand-b960179a-855,BTC,short,-0.786668,0.896870,-1.691118,0.422986,0.072174,0.200000,0.801136,0.001547,0.850278,0.000000,0.078727,-0.431195,-0.066453,0.333333,0.320318,0.000000,0.000000,1.000000,0.000000,0.000000,0.885808,-0.043975,0.020000,-0.025655,0.000000,0.250000,-0.010143,0.000000,0.577145,0.816642,0.000000,0.321804,0.046307,0.878891,-1.000000,0.495405,0.849927,0.924293,1.000000,0.026450,0.000000,0.415190,0.706041,0.020811,0.031000,0.000000,0.000000,0.000000,0.000000,0.000000,0.000000,-0.775662,0.218215,-0.603279,-0.305048,-0.447689,-1.000000,0.738998,0,0.00,candidate,1784180102,1784168100
cand-b960179a-783,ETH,short,0.958280,0.302927,0.586497,0.112056,0.151510,0.436667,1.410549,0.005207,0.828648,0.000000,0.245249,-0.168760,-0.040024,0.333333,0.422703,0.000000,0.000000,1.000000,0.000000,0.000000,0.869542,0.064367,0.184000,-0.030782,0.000000,0.250000,0.001729,0.427771,-0.587785,0.809017,0.000000,0.555074,0.123988,1.415198,0.000000,0.117087,0.963720,0.866163,1.000000,-0.036721,0.000000,0.217851,0.298058,0.288888,0.025000,0.000000,0.000000,0.903000,0.011000,0.488592,0.000000,-0.713820,0.527197,-0.000000,-0.050337,0.772853,-1.000000,0.736263,0,0.00,candidate,1784180132,1784151000
cand-b960179a-786,BTC,short,0.459709,0.863126,0.858529,0.559037,0.107440,0.453333,0.050138,0.001544,0.896029,0.000000,-0.074585,0.016994,-0.069977,0.333333,0.316636,0.000000,0.000000,1.000000,0.000000,0.000000,0.789927,-0.010860,0.184000,-0.030782,0.000000,0.250000,0.001729,0.419579,-0.573576,0.819152,0.000000,-0.249213,0.214367,1.544995,0.000000,0.135781,0.967836,0.000000,0.000000,-0.076673,-0.014563,0.220282,0.290765,0.295176,0.029000,0.000000,0.000000,0.940000,0.010000,0.460880,0.000000,-0.713820,0.575613,-0.000000,0.001718,0.759524,-1.000000,0.881566,0,0.00,candidate,1784180402,1784151300
cand-b960179a-785,ETH,short,0.124814,0.582584,0.610609,0.133534,0.150218,0.436667,0.510556,0.005209,0.819316,0.000000,0.096559,-0.262916,-0.039827,0.333333,0.422703,0.000000,0.000000,1.000000,0.000000,0.000000,0.789927,-0.010860,0.184000,-0.030782,0.000000,0.250000,0.001729,0.419579,-0.573576,0.819152,0.000000,-0.353366,0.227152,1.180376,0.000000,0.096919,0.969963,0.872388,1.000000,-0.040615,0.000000,0.220282,0.290765,0.143230,0.010000,0.000000,0.000000,0.965000,0.013000,0.460880,0.000000,-0.713820,0.064220,-0.000000,0.049227,0.136882,-1.000000,0.868071,0,0.00,candidate,1784180432,1784151300
cand-b960179a-788,BTC,short,-0.131881,0.496175,0.811342,0.492098,0.105350,0.450000,0.488806,0.001544,0.840204,0.000000,0.051287,-0.377369,-0.071412,0.333333,0.316636,0.000000,0.000000,1.000000,0.000000,0.000000,0.788072,-0.012385,0.184000,-0.030750,0.000000,0.250000,-0.020707,0.404513,-0.540974,0.841039,0.000000,0.438669,0.133766,0.649475,0.000000,0.155333,0.963210,0.000000,0.000000,-0.073884,-0.011786,0.226273,0.272794,0.311774,0.051000,0.000000,0.000000,0.626000,0.000000,0.460880,0.000000,-0.713820,0.565004,-0.000000,0.465597,-0.229974,-1.000000,0.868071,0,0.00,candidate,1784180702,1784151600
cand-b960179a-787,ETH,short,-0.035017,0.367140,0.456354,0.226664,0.148744,0.436667,0.594541,0.041680,0.800814,0.000000,-0.038544,-0.452394,-0.039710,0.333333,0.422703,0.000000,0.000000,1.000000,0.000000,0.000000,0.786691,-0.013764,0.184000,-0.030782,0.000000,0.250000,-0.020707,0.411839,-0.555570,0.831470,0.000000,-0.419003,0.128040,0.883660,0.000000,0.102521,0.968229,0.870658,1.000000,-0.039571,0.000000,0.223763,0.280322,0.195335,0.007000,0.000000,0.000000,0.715000,0.016000,0.460880,0.000000,-0.713820,0.039897,-0.000000,0.183055,-0.038961,-1.000000,0.868071,0,0.00,candidate,1784180733,1784151600
cand-b960179a-789,BTC,short,-0.047244,0.435516,0.680622,0.428710,0.104554,0.443333,0.395450,0.001544,0.855275,-0.059356,-0.186983,-0.760889,-0.071835,0.333333,0.316636,0.000000,0.000000,1.000000,0.000000,0.000000,0.786328,-0.014059,0.184000,-0.030750,0.000000,0.250000,-0.020707,0.404513,-0.537300,0.843391,0.000000,0.105547,0.089543,0.830959,0.000000,0.179957,0.961565,0.000000,0.000000,-0.072892,-0.010799,0.226967,0.270710,0.162252,0.036000,0.000000,0.000000,0.841000,0.002000,0.460880,0.000000,-0.713820,0.077022,-0.000000,0.691047,-0.094675,-1.000000,0.868071,0,0.00,candidate,1784181010,1784151900
cand-b960179a-790,ETH,short,-0.007072,0.248194,0.388541,0.220755,0.147287,0.430000,1.219870,0.005210,0.892252,0.000000,-0.168614,-0.527832,-0.039773,0.333333,0.422703,0.000000,0.000000,1.000000,0.000000,0.000000,0.786434,-0.013953,0.184000,-0.030750,0.000000,0.250000,-0.020707,0.404513,-0.537300,0.843391,0.000000,0.547017,0.111538,3.000000,0.000000,0.103641,0.967882,0.870313,1.000000,-0.032743,0.000000,0.227314,0.269668,-0.020839,0.029000,0.000000,0.000000,0.823000,0.016000,0.460880,0.000000,-0.713820,0.083049,-0.000000,0.357791,-0.004608,-1.000000,0.868071,0,0.00,candidate,1784181010,1784151900
cand-b960179a-791,ETH,short,-0.423977,0.454753,0.241475,0.262352,0.146140,0.430000,1.100157,0.057295,0.807250,0.000000,-0.138546,-0.823374,-0.040832,0.333333,0.422703,0.000000,0.000000,1.000000,0.000000,0.000000,0.887728,0.084324,0.184000,-0.030750,0.000000,0.250000,-0.003548,0.397565,-0.518773,0.854912,0.000000,-0.119712,0.144171,0.980772,0.000000,0.170308,0.947255,0.849746,1.000000,-0.020105,0.000000,0.230789,0.259244,0.216113,0.012000,0.000000,0.000000,0.934000,0.016000,0.437405,0.000000,-0.713820,0.331852,-0.000000,-0.184257,-0.528889,-1.000000,0.868071,0,0.00,candidate,1784181310,1784152200
cand-b960179a-792,BTC,short,-0.323458,0.573761,0.644957,0.451739,0.102582,0.426667,0.280227,0.001544,0.843043,0.000000,-0.018774,-0.510855,-0.073539,0.333333,0.316636,0.000000,0.000000,1.000000,0.000000,0.000000,0.887971,0.084567,0.184000,-0.030750,0.000000,0.250000,-0.003548,0.397565,-0.511293,0.859406,0.000000,-0.115224,0.162787,0.732964,0.000000,0.231751,0.950519,0.000000,0.000000,-0.066233,-0.004165,0.231831,0.256119,0.232738,0.032000,0.000000,0.000000,0.704000,0.000000,0.437405,0.000000,-0.713820,0.198777,-0.000000,-0.136523,-0.546835,-1.000000,0.868071,0,0.00,candidate,1784181310,1784152200
cand-b960179a-793,ETH,short,-0.045321,0.265073,0.131876,0.316777,0.137814,0.386667,0.220311,0.005215,0.820810,-0.664689,-1.004060,-0.832762,-0.040629,0.333333,0.422703,0.000000,0.000000,1.000000,0.000000,0.000000,0.888571,0.085149,0.184000,-0.030750,0.000000,0.250000,-0.003548,0.390962,-0.496217,0.868199,0.000000,-0.184984,0.052140,1.233091,0.000000,0.177031,0.945176,0.847673,1.000000,-0.018854,0.000000,0.234956,0.246743,0.291950,0.021000,0.000000,0.000000,0.798000,0.016000,0.437405,0.000000,-0.713820,0.091819,-0.000000,-0.511593,-0.074534,-1.000000,0.868071,0,0.00,candidate,1784181610,1784152500
cand-b960179a-794,ETH,short,-0.114526,-0.213574,0.087036,0.351487,0.136328,0.380000,0.994556,0.098845,0.821793,0.000000,0.215566,2.429215,-0.039983,0.333333,0.424308,0.000000,0.000000,1.000000,0.000000,0.000000,0.853686,0.050765,0.308000,-0.030755,0.000000,0.250000,-0.002211,0.384678,-0.480989,0.876727,0.000000,0.774245,-0.006481,1.252541,0.000000,0.228004,0.926277,0.842493,1.000000,-0.061550,0.000000,0.237865,0.238016,0.049420,0.010000,0.000000,0.000000,0.202000,0.017000,0.437405,0.000000,-0.713820,0.175005,-0.000000,-0.102296,-0.040486,-1.000000,1.000000,0,0.00,candidate,1784181916,1784152800
cand-b960179a-795,ETH,short,-0.069208,-0.299943,0.245142,0.401020,0.135341,0.370000,1.197540,0.026033,0.809491,0.000000,-0.278224,-0.542808,-0.038510,0.333333,0.424308,0.000000,0.000000,1.000000,0.000000,0.000000,0.451875,-0.347381,0.308000,-0.030755,0.000000,0.250000,-0.002211,0.378688,-0.453990,0.891007,0.000000,0.202985,-0.037817,1.042932,0.000000,0.237661,0.923162,0.839386,1.000000,-0.059671,0.000000,0.242727,0.223432,0.179596,0.002000,0.000000,0.000000,0.656000,0.012000,0.417186,0.000000,-0.713820,0.480233,-0.000000,0.085950,-0.054545,-1.000000,0.868071,0,0.00,candidate,1784182217,1784153100
cand-b960179a-844,ETH,long,2.377985,-0.769298,-0.465125,-0.833953,0.107001,0.233333,1.041543,0.114940,0.820612,-0.154000,-0.671540,0.832854,0.067393,-0.333333,0.425899,0.000000,0.000000,1.000000,0.000000,0.000000,0.970313,0.053754,0.012000,0.026958,0.000000,0.250000,0.011150,0.000000,0.366501,0.930418,0.000000,2.000000,-0.169671,1.427442,0.000000,0.245480,0.723567,0.965228,0.000000,-0.089854,-0.070843,0.377592,0.818835,-0.276823,0.020000,0.000000,0.000000,0.000000,0.000000,0.000000,0.000000,-0.762650,0.037732,0.000000,-0.002264,0.874101,1.000000,0.880254,1,0.00,candidate,1784182217,1784164800
cand-b960179a-865,ETH,short,2.628857,1.336421,0.986007,-0.052924,0.102475,0.210000,0.863775,0.005217,0.788716,0.000000,0.100626,1.774404,-0.089247,0.333333,0.421719,0.000000,0.000000,1.000000,0.000000,0.000000,0.988069,0.070864,0.072000,-0.022362,0.000000,0.250000,0.026048,0.000000,0.845728,0.533615,0.000000,0.055823,0.076524,0.699679,-1.000000,0.435294,0.839121,0.943127,1.000000,-0.045959,-0.011559,0.478275,0.516787,0.114757,0.021000,0.000000,0.000000,0.000000,0.003000,0.000000,0.000000,-0.789555,0.144326,-0.000000,-0.005942,0.905594,-1.000000,0.869017,0,0.00,candidate,1784182217,1784173500
cand-b960179a-867,ETH,short,0.216312,1.576135,0.831462,0.292623,0.101251,0.210000,1.175760,0.005218,0.796961,0.000000,-0.059661,-0.726172,-0.087952,0.333333,0.421719,0.000000,0.000000,1.000000,0.000000,0.000000,0.907597,-0.006257,0.072000,-0.023304,0.000000,0.250000,-0.001819,0.000000,0.878817,0.477159,0.000000,0.335766,0.143559,0.825035,0.000000,0.477176,0.823723,0.927681,1.000000,-0.036655,0.000000,0.488082,0.487364,0.310352,0.023000,0.000000,0.000000,0.000000,0.001000,0.000000,0.000000,-0.789555,0.283732,1.000000,0.015433,0.315789,-1.000000,0.740547,0,0.00,candidate,1784182217,1784174400
cand-b960179a-868,ETH,short,1.109772,1.632853,1.442524,0.514179,0.101094,0.210000,0.736870,0.005219,0.767274,0.000000,0.198482,-0.354811,-0.087083,0.333333,0.421719,0.000000,0.000000,1.000000,0.000000,0.000000,0.948391,0.033536,0.072000,-0.023304,0.000000,0.250000,-0.001819,0.000000,0.887011,0.461749,0.000000,0.302499,0.153236,0.559327,0.000000,0.376000,0.860944,0.965018,1.000000,-0.059147,-0.005063,0.491208,0.477988,0.232184,0.011000,0.000000,0.000000,0.000000,0.003000,0.000000,0.000000,-0.789555,0.534124,-0.000000,0.012179,0.833977,-1.000000,0.871624,0,0.00,candidate,1784182217,1784174700
cand-b960179a-870,ETH,short,1.874375,0.264889,1.127787,0.256663,0.102966,0.216667,0.847976,0.005223,0.849943,0.000000,-0.153516,-0.317893,-0.086780,0.333333,0.423843,0.000000,0.000000,1.000000,0.000000,0.000000,0.991810,0.069563,0.048000,-0.024138,0.000000,0.250000,0.004841,0.000000,0.908143,0.418660,0.000000,-0.327295,-0.021538,2.215331,0.000000,0.375059,0.861290,0.965366,1.000000,-0.059356,-0.005272,0.498642,0.455686,0.271538,0.021000,0.000000,0.000000,0.000000,0.001000,0.000000,0.000000,-0.803398,0.384832,0.504087,-0.031605,0.822222,-1.000000,0.871531,0,0.00,candidate,1784182217,1784175300
cand-b960179a-872,ETH,short,-0.142704,0.461608,1.070432,0.015446,0.102437,0.210000,0.859077,0.067814,0.789572,0.000000,0.124891,0.359410,-0.087112,0.333333,0.423843,0.000000,0.000000,1.000000,0.000000,0.000000,0.962642,0.041712,0.048000,-0.024138,0.000000,0.250000,0.004897,0.000000,0.922201,0.386711,0.000000,0.238350,0.028028,0.860044,0.000000,0.388235,0.856438,0.000000,0.000000,-0.056424,-0.002349,0.504199,0.439016,0.237293,0.026000,0.000000,0.000000,0.000000,0.000000,0.000000,0.000000,-0.803398,0.154077,-0.000000,-0.566749,-0.112450,-1.000000,1.000000,0,0.00,candidate,1784182217,1784175600
cand-b960179a-796,ETH,short,0.855386,0.063235,0.331780,0.825232,0.134516,0.370000,0.828857,0.036467,0.804670,0.000000,0.001005,-0.672774,-0.037375,0.333333,0.424308,0.000000,0.000000,1.000000,0.000000,0.000000,0.804253,0.018867,0.308000,-0.030755,0.000000,0.250000,-0.001056,0.372969,-0.438371,0.898794,0.000000,-0.115526,-0.000154,0.944674,0.000000,0.129673,0.961450,0.877577,1.000000,-0.082766,0.000000,0.245161,0.216129,0.182302,0.020000,0.000000,0.000000,0.757000,0.011000,0.417186,0.000000,-0.713820,0.533271,-0.000000,0.121797,0.630372,-1.000000,0.868071,0,0.00,candidate,1784182521,1784153400
cand-b960179a-797,BTC,short,-0.209047,-0.064006,0.306422,0.654604,0.091555,0.306667,0.613389,0.001544,0.870045,0.000000,-0.119015,-0.226437,-0.077631,0.333333,0.318711,0.000000,0.000000,1.000000,0.000000,0.000000,0.568161,-0.213433,0.308000,-0.035252,0.000000,0.250000,-0.001056,0.367501,-0.422618,0.906308,0.000000,0.412862,0.030213,1.132502,0.000000,0.213360,0.956786,0.000000,0.000000,-0.070011,0.000000,0.248030,0.207521,0.184100,0.047000,0.000000,0.000000,0.870000,0.000000,0.417186,0.000000,-0.713820,0.001384,-0.000000,-0.396383,-0.234522,-1.000000,0.868071,0,0.00,candidate,1784182802,1784153700
cand-b960179a-798,ETH,short,-1.374407,-0.333979,-0.041789,0.396236,0.132898,0.360000,0.981411,0.005198,0.805975,0.000000,0.127115,-0.390596,-0.039886,0.333333,0.424308,0.000000,0.000000,1.000000,0.000000,0.000000,0.973029,0.160451,0.308000,-0.035252,0.000000,0.250000,-0.004488,0.357251,-0.374607,0.927184,0.000000,0.747840,-0.103020,0.999979,0.000000,0.353423,0.895324,0.811618,1.000000,-0.027620,0.000000,0.256371,0.182500,0.015594,0.021000,0.000000,0.000000,0.595000,0.006000,0.399535,0.000000,-0.725381,0.221425,-0.000000,-0.001276,-0.964286,-1.000000,0.736263,0,0.00,candidate,1784183403,1784154300
cand-b960179a-800,ETH,short,0.180016,-0.218942,-0.313208,0.568503,0.129982,0.346667,0.927646,0.072767,0.823761,0.000000,0.218192,0.815407,-0.040280,0.333333,0.424308,0.000000,0.000000,1.000000,0.000000,0.000000,0.936147,0.127394,0.308000,-0.035283,0.000000,0.250000,0.006904,0.352437,-0.350207,0.936672,0.000000,-0.053765,-0.111188,1.305471,0.000000,0.361578,0.903100,0.973392,1.000000,-0.032307,0.000000,0.260278,0.170779,0.166296,0.014000,0.000000,0.000000,0.615000,0.003000,0.399535,0.000000,-0.725381,0.173508,-0.000000,0.648280,0.152249,-1.000000,0.868191,0,0.00,candidate,1784183710,1784154600
cand-b960179a-802,ETH,short,-0.329171,-0.326933,-0.455538,0.363594,0.127939,0.340000,1.169121,0.005198,0.864351,0.000000,0.044543,-0.871016,-0.040123,0.333333,0.424308,0.000000,0.000000,1.000000,0.000000,0.000000,0.824308,0.022411,0.308000,-0.035283,0.000000,0.250000,0.006904,0.347813,-0.342020,0.939693,0.000000,0.529854,-0.123694,2.403461,0.000000,0.487433,0.889106,0.805416,1.000000,-0.039129,0.000000,0.261667,0.166612,-0.033790,0.052000,0.000000,0.000000,0.553000,0.002000,0.383950,0.000000,-0.725381,0.234109,-0.920455,0.074712,-0.280277,-1.000000,0.736263,0,0.00,candidate,1784184010,1784154900
cand-b960179a-885,BTC,long,3.103989,2.474424,2.028666,1.280935,0.072410,0.200000,0.920083,0.001541,0.874340,0.000000,-0.274806,3.086330,0.057547,-0.333333,0.319695,0.000000,0.000000,1.000000,0.000000,0.000000,0.982485,0.073972,0.020000,0.021296,0.000000,0.250000,0.031117,0.000000,0.989651,0.143493,0.000000,1.540570,0.327804,1.037208,1.000000,0.966078,0.992501,0.000000,0.000000,0.099570,0.050654,0.544887,0.316952,-0.103312,0.029000,0.000000,0.000000,0.812000,0.003000,0.000000,0.000000,-0.818083,0.148818,0.000000,-0.008306,0.908864,1.000000,1.000000,0,0.00,candidate,1784184010,1784179200
cand-b960179a-886,BTC,long,0.044839,2.502862,1.673843,1.119361,0.072165,0.200000,0.361212,0.001540,0.854738,-0.269781,-0.611916,2.607881,0.055458,-0.333333,0.319695,0.000000,0.000000,1.000000,0.000000,0.000000,0.965753,0.058462,0.020000,0.020155,0.000000,0.250000,0.031117,0.000000,0.993068,0.117537,0.000000,-0.558871,0.356052,0.753016,1.000000,0.929909,0.985002,0.000000,0.000000,0.100214,0.043722,0.548784,0.305259,-0.155447,0.011000,0.000000,0.000000,0.974000,0.000000,0.000000,0.000000,-0.818083,0.059751,0.000000,-0.027784,0.037351,1.000000,0.869712,0,0.00,candidate,1784184010,1784179500
cand-b960179a-889,BTC,long,0.023418,2.460585,1.884356,0.927360,0.072377,0.200000,0.196688,0.001542,0.864093,0.000000,-0.157215,3.216773,0.053796,-0.333333,0.319695,0.000000,0.000000,1.000000,0.000000,0.000000,0.881898,-0.021526,0.020000,0.020155,0.000000,0.250000,0.016060,0.000000,0.994522,0.104528,0.000000,0.709814,0.276977,0.860357,1.000000,0.840182,0.962045,0.000000,0.000000,0.098292,0.031952,0.551215,0.297967,-0.300015,0.017000,0.000000,0.000000,0.000000,0.003000,0.000000,0.000000,-0.818083,0.036948,0.000000,-0.415049,0.010486,1.000000,1.000000,0,0.00,candidate,1784184010,1784179800
cand-b960179a-890,BTC,long,-0.017038,2.214593,1.972307,0.734221,0.072346,0.200000,1.177153,0.001541,0.872927,0.000000,-0.260850,2.204036,0.051382,-0.333333,0.319695,0.000000,0.000000,1.000000,0.000000,0.000000,0.759032,-0.140512,0.020000,0.020155,0.000000,0.250000,0.016060,0.000000,0.996566,0.082808,0.000000,-0.173385,0.365968,0.970225,1.000000,0.838452,0.961633,0.000000,0.000000,0.098046,0.023873,0.554687,0.287550,-0.243996,0.041000,0.000000,0.000000,0.056000,0.003000,0.000000,0.000000,-0.818083,0.569604,0.000000,0.808350,-0.007592,1.000000,1.000000,0,0.00,candidate,1784184010,1784180100
cand-b960179a-893,BTC,long,0.357281,-0.117010,1.689991,0.575113,0.072046,0.200000,0.483897,0.001542,0.882105,0.000000,-0.010009,-0.292763,0.045693,-0.333333,0.319695,0.000000,0.000000,1.000000,0.000000,0.000000,0.756955,-0.140171,0.020000,0.020694,0.000000,0.250000,0.000331,0.000000,0.999990,-0.004363,0.000000,-0.675547,0.002078,1.102945,1.000000,0.808824,0.954587,0.000000,0.000000,0.093844,0.019646,0.568321,0.246649,-0.178634,0.033000,0.000000,0.000000,0.000000,0.000000,0.000000,0.000000,-0.818083,0.303892,1.000000,-0.344139,0.413366,1.000000,0.867682,0,0.00,candidate,1784184010,1784181300
cand-b960179a-894,BTC,long,0.689979,0.050259,1.596239,0.780896,0.072589,0.200000,0.602777,0.001541,0.847196,-0.215920,-0.451404,0.497630,0.043983,-0.333333,0.319695,0.000000,0.000000,1.000000,0.000000,0.000000,0.936687,0.040436,0.020000,0.020694,0.000000,0.250000,-0.004875,0.000000,0.999048,-0.043619,0.000000,0.118880,0.103872,0.656745,1.000000,0.850995,0.964615,0.000000,0.000000,0.006104,0.000000,0.574300,0.228711,-0.144222,0.024000,0.000000,0.000000,0.138000,0.000000,0.000000,0.000000,-0.818083,0.417081,1.000000,0.023234,0.314922,1.000000,1.000000,0,0.00,candidate,1784184010,1784181900
cand-b960179a-803,ETH,short,0.476002,-0.512566,-0.314560,0.312127,0.125623,0.330000,1.304464,0.057143,0.802897,0.000000,0.328961,-0.931310,-0.041202,0.333333,0.424308,0.000000,0.000000,1.000000,0.000000,0.000000,0.888758,0.083647,0.308000,-0.035283,0.000000,0.250000,0.009490,0.339085,-0.304864,0.952396,0.000000,-0.079989,-0.115243,1.036281,-1.000000,0.418660,0.908978,0.825238,1.000000,-0.051115,0.000000,0.267917,0.147860,0.186979,0.012000,0.000000,0.000000,0.965000,0.003000,0.383950,0.000000,-0.725381,0.364945,0.716049,-0.118772,0.655367,-1.000000,0.736263,0,0.00,candidate,1784184311,1784155200
cand-b960179a-804,ETH,short,-0.474557,-0.741274,-0.453718,0.242747,0.123814,0.330000,1.302249,0.046784,0.795849,0.000000,0.035607,-0.643649,-0.040944,0.333333,0.424308,0.000000,0.000000,1.000000,0.000000,0.000000,0.919294,0.109447,0.308000,-0.035283,0.000000,0.250000,0.009490,0.339085,-0.292372,0.956305,0.000000,0.024396,-0.142503,0.919410,-1.000000,0.508772,0.889451,0.805760,1.000000,-0.039337,0.000000,0.270147,0.141172,0.197494,0.022000,0.000000,0.000000,0.619000,0.006000,0.383950,0.000000,-0.725381,0.056621,-0.000000,0.397806,-0.369281,-1.000000,0.736263,0,0.00,candidate,1784184618,1784155500
cand-b960179a-805,ETH,short,0.663548,-0.389583,-0.117675,0.059414,0.123827,0.330000,0.591865,0.005206,0.820954,-0.044684,-0.424230,1.686792,-0.040698,0.333333,0.424308,0.000000,0.000000,1.000000,0.000000,0.000000,0.958950,0.143608,0.308000,-0.035283,0.000000,0.250000,-0.005868,0.334961,-0.275637,0.961262,0.000000,-0.592832,-0.072491,1.278399,-1.000000,0.382775,0.916760,0.833000,1.000000,-0.055810,0.000000,0.272936,0.132805,-0.083301,0.032000,0.000000,0.000000,0.681000,0.008000,0.370057,0.000000,-0.725381,0.073389,0.699115,0.542095,0.254019,-1.000000,0.868191,0,0.00,candidate,1784184919,1784155800
cand-b960179a-808,ETH,short,-1.080097,-0.333683,-0.399909,0.162404,0.122733,0.320000,0.423376,0.062367,0.808964,0.000000,-0.088045,0.452151,-0.037218,0.333333,0.423120,0.000000,0.000000,1.000000,0.000000,0.000000,0.938353,0.115404,0.208000,-0.035283,0.000000,0.250000,0.007748,0.327145,-0.237686,0.971342,0.000000,-0.089309,-0.010018,1.067290,-1.000000,0.599681,0.869775,0.786134,1.000000,0.048769,0.000000,0.279663,0.112624,0.155894,0.013000,0.000000,0.000000,0.751000,0.005000,0.370057,0.000000,-0.725381,0.128712,-0.000000,0.111827,-0.644836,-1.000000,0.868191,0,0.00,candidate,1784185525,1784156400
cand-b960179a-809,ETH,short,-0.165478,-0.261639,-0.426592,-0.024497,0.122427,0.320000,0.348261,0.025978,0.807136,0.000000,0.102087,-0.612490,-0.038003,0.333333,0.423120,0.000000,0.000000,1.000000,0.000000,0.000000,0.929517,0.107218,0.208000,-0.035283,0.000000,0.250000,0.007748,0.323436,-0.216440,0.976296,0.000000,-0.924718,-0.017724,1.075280,-1.000000,0.630781,0.863050,0.967104,1.000000,0.052811,0.000000,0.282548,0.103968,0.161035,0.019000,0.000000,0.000000,0.861000,0.004000,0.357571,0.000000,-0.725381,0.636344,-0.000000,-0.190000,-0.185714,-1.000000,0.868071,0,0.00,candidate,1784185825,1784156700
cand-b960179a-810,ETH,short,0.303786,-0.340854,-0.616014,0.058048,0.121417,0.310000,0.440969,0.005197,0.798386,-0.314746,-0.461682,-0.692776,-0.038877,0.333333,0.421944,0.000000,0.000000,1.000000,0.000000,0.000000,1.000000,0.000000,0.228000,-0.035283,0.000000,0.250000,0.000000,0.000000,-0.195090,0.980785,0.000000,-0.163679,-0.047478,0.907136,-1.000000,0.574163,0.875296,0.979389,1.000000,0.045452,0.000000,0.286194,0.093030,0.096143,0.021000,0.000000,0.000000,0.667000,0.000000,0.000000,0.000000,-0.737329,0.204140,0.910256,0.198571,0.338095,-1.000000,0.868071,0,0.00,candidate,1784186132,1784157000
cand-b960179a-811,ETH,short,0.246488,-0.044145,-0.571251,-0.190550,0.120175,0.300000,0.577266,0.041597,0.734686,0.000000,-0.098820,-0.728642,-0.038323,0.333333,0.421944,0.000000,0.000000,1.000000,0.000000,0.000000,-0.674848,-0.119600,0.228000,-0.035283,0.000000,0.250000,0.008723,0.000000,-0.160743,0.986996,0.000000,-0.571472,-0.026966,0.361997,-1.000000,0.528708,0.885135,0.801454,1.000000,0.039540,0.000000,0.291750,0.076362,0.200147,0.068000,0.000000,0.000000,0.362000,0.000000,0.000000,0.000000,-0.737329,0.175555,-0.000000,-0.492610,0.229508,-1.000000,0.868071,0,0.00,candidate,1784186410,1784157300
cand-b960179a-887,BTC,short,-0.023418,-2.460585,-1.884356,-0.927360,0.072377,0.200000,0.513126,0.001543,0.858757,-0.312351,-0.719410,3.216773,-0.054132,0.333333,0.319695,0.000000,0.000000,1.000000,0.000000,0.000000,0.883747,-0.019679,0.020000,-0.020155,0.000000,0.250000,0.031117,0.000000,0.994056,0.108867,0.000000,1.181152,-0.276977,0.784444,-1.000000,0.840182,0.800465,0.894043,1.000000,0.098292,0.031952,0.550173,0.301092,0.281721,0.018000,0.000000,0.000000,0.326000,0.004000,0.000000,0.000000,-0.818083,0.258002,-0.000000,0.415049,-0.010486,-1.000000,1.000000,1,0.00,candidate,1784186410,1784179800
cand-b960179a-892,BTC,long,-0.085616,-0.244622,1.586187,0.412252,0.072020,0.200000,0.474194,0.001542,0.858737,0.000000,-0.095567,-0.420702,0.046674,-0.333333,0.319695,0.000000,0.000000,1.000000,0.000000,0.000000,0.665680,-0.231455,0.020000,0.020694,0.000000,0.250000,0.000331,0.000000,0.999962,0.008727,0.000000,-0.693683,-0.046244,0.786489,1.000000,0.772708,0.945994,0.000000,0.000000,0.088720,0.014493,0.565890,0.253942,-0.421171,0.058000,0.000000,0.000000,0.000000,0.000000,0.000000,0.000000,-0.818083,0.233710,0.000000,0.027252,-0.078895,1.000000,0.867789,0,0.00,candidate,1784186410,1784181000
cand-b960179a-898,BTC,long,0.755034,-0.066091,0.692546,0.633473,0.073321,0.206667,0.992863,0.001543,0.829771,0.000000,0.102140,0.022340,0.041635,-0.333333,0.318200,0.000000,0.000000,1.000000,0.000000,0.000000,0.750201,-0.140346,0.012000,0.022621,0.000000,0.250000,-0.006932,0.000000,0.995805,-0.091502,0.000000,2.000000,0.016107,0.505772,1.000000,0.764706,0.944090,0.000000,0.000000,-0.006194,0.000000,0.582120,0.205251,-0.174085,0.019000,0.000000,0.000000,0.347000,0.015000,0.000000,0.000000,-0.833425,0.122311,0.000000,0.270456,0.479947,1.000000,1.000000,0,0.00,candidate,1784186410,1784182500
cand-b960179a-899,BTC,long,-0.961190,-0.424093,-0.469406,0.504272,0.073484,0.206667,0.776748,0.001543,0.885541,0.000000,0.022606,-0.501092,0.040477,-0.333333,0.318200,0.000000,0.000000,1.000000,0.000000,0.000000,0.796489,-0.093616,0.012000,0.022621,0.000000,0.250000,-0.006932,0.000000,0.993572,-0.113203,0.000000,-0.216115,-0.018192,1.179248,1.000000,0.665657,0.920498,0.000000,0.000000,-0.020330,0.000000,0.585940,0.193793,-0.091668,0.036000,0.000000,0.000000,0.557000,0.012000,0.000000,0.000000,-0.833425,0.639428,-0.637883,0.118226,-0.656160,1.000000,0.867309,0,0.00,candidate,1784186410,1784182800
cand-b960179a-813,ETH,short,1.127296,0.133848,-0.191926,0.001262,0.119034,0.296667,1.120520,0.031238,0.799799,0.000000,-0.028949,-0.687807,-0.038002,0.333333,0.421944,0.000000,0.000000,1.000000,0.000000,0.000000,0.932734,0.058719,0.228000,-0.035283,0.000000,0.250000,0.008723,0.000000,-0.143493,0.989651,0.000000,0.389256,0.032846,0.943635,-1.000000,0.322967,0.929739,0.845946,1.000000,-0.017177,0.000000,0.294875,0.066987,0.153562,0.035000,0.000000,0.000000,0.729000,0.000000,0.000000,0.000000,-0.737329,0.759246,-0.000000,0.002622,0.656489,-1.000000,0.736263,0,0.00,candidate,1784186710,1784157600
cand-b960179a-850,BTC,long,3.522672,3.205322,1.255395,-0.075236,0.074046,0.206667,1.032932,0.001545,0.869365,0.000000,0.092816,1.005036,0.072439,-0.333333,0.320837,0.000000,0.000000,1.000000,0.000000,0.000000,0.988875,0.049181,0.012000,0.025686,0.000000,0.250000,0.014361,0.000000,0.469472,0.882948,0.000000,-0.159021,0.772330,1.131302,0.000000,0.670014,0.900196,0.000000,0.000000,-0.090582,0.000000,0.395495,0.765127,-0.071379,0.036000,0.000000,0.000000,0.695000,0.003000,0.000000,0.000000,-0.762650,0.383113,1.000000,0.012571,0.869588,1.000000,0.748865,0,0.00,candidate,1784187010,1784166300
cand-b960179a-880,BTC,long,2.276339,1.474562,0.813195,0.555170,0.070684,0.186667,1.040773,0.001545,0.875792,-0.395739,-0.826042,1.871467,0.060494,-0.333333,0.319695,0.000000,0.000000,1.000000,0.000000,0.000000,0.932653,0.026163,0.020000,0.020693,0.000000,0.250000,0.008559,0.000000,0.980785,0.195090,0.000000,-0.014479,0.102093,1.116145,1.000000,0.858710,0.967516,0.000000,0.000000,0.057886,0.005394,0.536115,0.343265,-0.582475,0.025000,0.000000,0.000000,0.699000,0.001000,0.000000,0.000000,-0.803398,0.036390,0.000000,0.005442,0.925333,1.000000,0.868468,0,0.00,candidate,1784187010,1784178600
cand-b960179a-882,BTC,long,0.043840,1.311573,1.314469,1.165070,0.070455,0.186667,0.697586,0.001545,0.908556,0.000000,-0.112350,4.419175,0.058972,-0.333333,0.319695,0.000000,0.000000,1.000000,0.000000,0.000000,0.921085,0.015064,0.020000,0.021296,0.000000,0.250000,0.026751,0.000000,0.984808,0.173648,0.000000,-0.190379,0.138547,1.849367,1.000000,0.859309,0.967517,0.000000,0.000000,0.054791,0.005638,0.539678,0.332578,-0.469055,0.021000,0.000000,0.000000,0.878000,0.007000,0.000000,0.000000,-0.818083,0.405589,0.000000,-0.495725,0.022353,1.000000,1.000000,0,0.00,candidate,1784187010,1784178900
cand-b960179a-815,ETH,short,-0.026707,0.704335,0.250429,0.191302,0.116953,0.270000,0.412259,0.083338,0.781072,0.000000,-0.134390,-0.542674,-0.036625,0.333333,0.421944,0.000000,0.000000,1.000000,0.000000,0.000000,0.869648,0.027697,0.228000,-0.037271,0.000000,0.250000,-0.014096,0.000000,-0.104528,0.994522,0.000000,-0.627588,0.092202,0.668824,0.000000,0.290271,0.936838,0.853028,1.000000,0.006913,0.000000,0.301215,0.047968,0.114576,0.020000,0.000000,0.000000,0.951000,0.000000,0.000000,0.000000,-0.737329,0.082814,-0.000000,0.353808,-0.028000,-1.000000,0.736263,0,0.00,candidate,1784187317,1784158200
cand-b960179a-895,ETH,long,1.033584,0.405721,1.297672,0.474652,0.104519,0.220000,1.003973,0.005202,0.765374,0.000000,0.358154,2.721047,0.080641,-0.333333,0.423126,0.000000,0.000000,1.000000,0.000000,0.000000,0.937330,0.041078,0.012000,0.020694,0.000000,0.250000,-0.004875,0.000000,0.998392,-0.056693,0.000000,0.590282,0.008936,0.424189,1.000000,0.816989,0.949302,0.000000,0.000000,0.022113,0.017353,0.576783,0.221262,-0.153435,0.007000,0.000000,0.000000,0.137000,0.005000,0.000000,0.000000,-0.818083,0.148350,0.000000,-0.106698,0.300872,1.000000,1.000000,0,0.00,candidate,1784187317,1784181900
cand-b960179a-897,BTC,short,1.593597,0.459264,-0.486714,-0.636218,0.073326,0.206667,0.902137,0.001543,0.851880,0.000000,-0.014542,0.137695,-0.042143,0.333333,0.318200,0.000000,0.000000,1.000000,0.000000,0.000000,0.978789,0.075284,0.012000,-0.022621,0.000000,0.250000,-0.006932,0.000000,0.996917,-0.078459,0.000000,1.504914,0.042100,0.708719,-1.000000,0.687067,0.836650,0.930331,1.000000,-0.017273,0.000000,0.580037,0.211502,0.353165,0.048000,0.000000,0.000000,0.577000,0.009000,0.000000,0.000000,-0.833425,0.765736,1.000000,-0.047623,0.719848,-1.000000,1.000000,1,0.00,candidate,1784187317,1784182200
cand-b960179a-905,BTC,long,1.078460,-0.941892,-0.711320,0.500163,0.075639,0.210000,0.271871,0.001545,0.888548,0.000000,-0.123981,-0.333934,0.037894,-0.333333,0.318200,0.000000,0.000000,1.000000,0.000000,0.000000,0.981068,0.074297,0.012000,0.024147,0.000000,0.250000,-0.005508,0.000000,0.976296,-0.216440,0.000000,-0.171296,-0.205427,1.308360,0.000000,0.520112,0.885771,0.000000,0.000000,-0.041138,0.000000,0.602096,0.145325,-0.449996,0.029000,0.000000,0.000000,0.534000,0.007000,0.000000,0.000000,-0.833425,0.135140,0.000000,0.163983,0.593926,1.000000,0.868519,0,0.00,candidate,1784187317,1784184300
cand-b960179a-906,BTC,long,-0.490641,-0.761592,-0.830183,0.395884,0.075556,0.210000,0.994973,0.001545,0.839629,0.000000,-0.012058,-0.326994,0.037888,-0.333333,0.318200,0.000000,0.000000,1.000000,0.000000,0.000000,0.944806,0.040410,0.012000,0.024147,0.000000,0.250000,-0.005508,0.000000,0.970296,-0.241922,0.000000,0.639269,-0.157105,0.615016,0.000000,0.468209,0.873369,0.000000,0.000000,-0.048569,0.000000,0.606263,0.132824,-0.295978,0.041000,0.000000,0.000000,0.644000,0.005000,0.000000,0.000000,-0.833425,0.227636,0.000000,-0.044504,-0.523913,1.000000,0.868384,0,0.00,candidate,1784187317,1784184600
cand-b960179a-907,BTC,long,0.393213,-0.350990,-0.816640,0.401196,0.075424,0.210000,1.084390,0.001546,0.849322,0.000000,0.019063,-0.642236,0.037454,-0.333333,0.318200,0.000000,0.000000,1.000000,0.000000,0.000000,0.937645,0.033043,0.012000,0.026509,0.000000,0.250000,-0.010977,0.000000,0.961262,-0.275637,0.000000,0.089418,0.020296,0.760487,0.000000,0.509732,0.883291,0.000000,0.000000,-0.042624,0.000000,0.612241,0.114890,-0.326303,0.027000,0.000000,0.000000,0.525000,0.007000,0.000000,0.000000,-0.833425,0.250436,0.000000,-0.093486,0.694245,1.000000,0.736841,0,0.00,candidate,1784187317,1784184900
cand-b960179a-818,BTC,short,1.294066,1.396048,0.811295,0.700392,0.077935,0.216667,0.522353,0.001546,0.854970,0.000000,-0.192544,3.602530,-0.080865,0.333333,0.317140,0.000000,0.000000,1.000000,0.000000,0.000000,0.823387,0.058716,0.228000,-0.037728,0.000000,0.250000,0.004715,0.000000,-0.056693,0.998392,0.000000,-0.110594,0.499019,0.829453,0.000000,0.105606,0.980787,0.000000,0.000000,-0.099855,-0.035308,0.308252,0.026855,-0.045377,0.036000,0.000000,0.000000,0.946000,0.000000,0.000000,0.000000,-0.737329,0.248314,-0.000000,-0.132425,0.636098,-1.000000,1.000000,1,0.00,candidate,1784187618,1784158800
cand-b960179a-828,BTC,short,2.243592,0.253354,1.252309,0.876831,0.074206,0.206667,0.699689,0.001546,0.873490,0.000000,-0.258285,0.477371,-0.077784,0.333333,0.318457,0.000000,0.000000,1.000000,0.000000,0.000000,0.958662,0.070084,0.012000,-0.027365,0.000000,0.250000,-0.005203,0.000000,0.087156,0.996195,0.000000,0.554988,-0.153862,1.119773,0.000000,0.105951,0.979545,0.000000,0.000000,-0.104833,-0.044163,0.331364,0.957520,-0.081484,0.043000,0.000000,0.000000,0.705000,0.014000,0.000000,0.000000,-0.749653,0.313109,-0.000000,0.011246,0.893123,-1.000000,1.000000,1,0.00,candidate,1784187618,1784160900
cand-b960179a-847,BTC,long,1.350982,0.418728,1.121219,-0.350149,0.070893,0.190000,1.427749,0.001547,0.878853,0.000000,-0.140053,0.325566,0.070445,-0.333333,0.320837,0.000000,0.000000,1.000000,0.000000,0.000000,0.966818,0.044890,0.012000,0.023996,0.000000,0.250000,-0.019486,0.000000,0.422618,0.906308,0.000000,-0.163847,0.197078,1.242817,0.000000,0.502383,0.849267,0.961775,1.000000,-0.121187,-0.012341,0.387057,0.790440,-0.272529,0.029000,0.000000,0.000000,0.000000,0.017000,0.000000,0.000000,-0.762650,0.018270,0.000000,0.000000,0.996779,1.000000,1.000000,0,0.00,candidate,1784187618,1784165700
cand-b960179a-849,ETH,long,2.874859,2.819696,1.017233,0.160576,0.111821,0.256667,1.005793,0.005198,0.806733,-0.143637,-0.881474,2.257311,0.077777,-0.333333,0.425899,0.000000,0.000000,1.000000,0.000000,0.000000,0.988818,0.049124,0.012000,0.025686,0.000000,0.250000,0.014361,0.000000,0.461749,0.887011,0.000000,0.303315,0.581365,1.058165,1.000000,0.717888,0.897177,0.000000,0.000000,0.013919,0.000000,0.394106,0.769294,-0.293606,0.004000,0.000000,0.000000,0.764000,0.000000,0.000000,0.000000,-0.762650,0.111855,0.000000,-0.026587,0.804178,1.000000,0.868617,0,0.00,candidate,1784187618,1784166300
cand-b960179a-852,BTC,short,0.497580,-2.176016,-0.875649,0.212063,0.073873,0.206667,0.336342,0.001546,0.859845,0.000000,-0.160248,0.741145,-0.071204,0.333333,0.320837,0.000000,0.000000,1.000000,0.000000,0.000000,0.954809,0.020382,0.012000,-0.025686,0.000000,0.250000,-0.000054,0.000000,0.492424,0.870356,0.000000,1.369274,-0.543369,0.997685,-1.000000,0.629510,0.809535,0.992019,1.000000,-0.097969,0.000000,0.399664,0.752621,0.318053,0.022000,0.000000,0.000000,0.337000,0.001000,0.000000,0.000000,-0.762650,0.608408,-0.000000,0.384167,0.283511,-1.000000,0.868590,1,0.00,candidate,1784187618,1784166600
cand-b960179a-853,BTC,short,0.755872,-1.397631,-0.839996,0.327120,0.073591,0.206667,0.091257,0.001546,0.867517,0.000000,-0.153451,-0.723598,-0.070733,0.333333,0.320837,0.000000,0.000000,1.000000,0.000000,0.000000,0.956522,0.022033,0.012000,-0.025686,0.000000,0.250000,-0.000054,0.000000,0.503774,0.863836,0.000000,-0.224708,-0.418702,1.128774,-1.000000,0.568244,0.827976,0.902293,1.000000,-0.109151,0.000000,0.401485,0.747155,0.305008,0.041000,0.000000,0.000000,0.146000,0.004000,0.000000,0.000000,-0.762650,0.320172,-0.000000,0.076140,0.718000,-1.000000,0.739112,1,0.00,candidate,1784187618,1784166900
cand-b960179a-856,ETH,long,0.851979,-0.171857,1.905254,0.142112,0.110003,0.250000,0.105837,0.005205,0.817486,-0.083249,-0.457965,-0.427100,0.081925,-0.333333,0.424089,0.000000,0.000000,1.000000,0.000000,0.000000,0.884670,-0.045110,0.020000,0.025655,0.000000,0.250000,-0.010143,0.000000,0.587785,0.809017,0.000000,0.241917,-0.158557,1.147252,1.000000,0.675547,0.881690,0.000000,0.000000,0.004662,0.000000,0.417621,0.698749,-0.296601,0.001000,0.000000,0.000000,0.722000,0.000000,0.000000,0.000000,-0.775662,0.291218,1.000000,0.230178,0.520231,1.000000,0.750149,0,0.00,candidate,1784187618,1784168100
cand-b960179a-857,ETH,long,0.297404,-0.148778,1.340806,0.154462,0.108476,0.240000,0.985286,0.005205,0.835763,0.000000,-0.364423,-0.445606,0.081925,-0.333333,0.424089,0.000000,0.000000,1.000000,0.000000,0.000000,0.806534,-0.121657,0.020000,0.025655,0.000000,0.250000,-0.015297,0.000000,0.591310,0.806445,0.000000,0.879449,-0.127367,1.509120,1.000000,0.705043,0.892480,0.000000,0.000000,0.011112,0.000000,0.417968,0.697708,-0.312174,0.009000,0.000000,0.000000,0.556000,0.000000,0.000000,0.000000,-0.775662,0.251841,0.000000,0.453928,0.155779,1.000000,0.749957,0,0.00,candidate,1784187618,1784168400
cand-b960179a-858,BTC,long,-0.077559,-0.724297,1.071169,-0.490426,0.071790,0.196667,1.032586,0.001548,0.893305,0.000000,-0.117353,-0.077126,0.065942,-0.333333,0.320318,0.000000,0.000000,1.000000,0.000000,0.000000,0.806534,-0.121657,0.020000,0.025655,0.000000,0.250000,-0.015297,0.000000,0.591310,0.806445,0.000000,1.682799,-0.039532,1.670221,1.000000,0.489278,0.845279,0.966823,0.000000,0.025338,0.000000,0.417968,0.697708,-0.442880,0.045000,0.000000,0.000000,0.000000,0.000000,0.000000,0.000000,-0.775662,0.273468,0.000000,0.795734,-0.033751,1.000000,0.748696,0,0.00,candidate,1784187618,1784168400
cand-b960179a-859,ETH,long,-0.387961,-0.032083,0.596190,-0.159426,0.105996,0.226667,1.009429,0.005204,0.804039,-0.128784,-0.475428,-0.804510,0.087734,-0.333333,0.424089,0.000000,0.000000,1.000000,0.000000,0.000000,0.786813,-0.136349,0.020000,0.021071,0.000000,0.250000,-0.003148,0.000000,0.625923,0.779884,0.000000,0.548714,-0.092531,1.055711,1.000000,0.637488,0.867757,0.000000,0.000000,-0.007712,0.000000,0.425347,0.675570,-0.210731,0.011000,0.000000,0.000000,0.552000,0.002000,0.000000,0.000000,-0.775662,0.140037,0.000000,0.069340,-0.406091,1.000000,0.749957,0,0.00,candidate,1784187618,1784169000
cand-b960179a-860,ETH,long,0.980671,1.023257,0.748285,-0.020313,0.103348,0.216667,0.008440,0.031147,0.777700,0.000000,-0.285067,-0.764410,0.094241,-0.333333,0.424089,0.000000,0.000000,1.000000,0.000000,0.000000,0.954193,0.041028,0.020000,0.026510,0.000000,0.250000,-0.014347,0.000000,0.743145,0.669131,0.000000,-1.012984,0.070903,0.548171,1.000000,0.932034,0.977662,0.000000,0.000000,0.041931,0.000000,0.451230,0.597922,-0.129762,0.026000,0.000000,0.000000,0.952000,0.000000,0.000000,0.000000,-0.775662,0.439617,0.727612,0.017601,0.862832,1.000000,0.750272,0,0.00,candidate,1784187618,1784171100
cand-b960179a-861,ETH,short,-0.394590,-0.967525,-0.887661,-0.088362,0.102667,0.210000,0.209287,0.031168,0.759498,-0.131081,-0.528057,2.082679,-0.094290,0.333333,0.421719,0.000000,0.000000,1.000000,0.000000,0.000000,0.760521,-0.145632,0.072000,-0.026510,0.000000,0.250000,-0.014347,0.000000,0.751840,0.659346,0.000000,0.217726,-0.169916,0.418611,-1.000000,0.869176,0.680301,0.931196,1.000000,0.050015,0.000000,0.452661,0.593629,0.179186,0.036000,0.000000,0.000000,0.574000,0.000000,0.000000,0.000000,-0.775662,0.099781,-0.000000,0.414167,-0.183333,-1.000000,0.879080,1,0.00,candidate,1784187618,1784171400
cand-b960179a-863,ETH,long,0.154753,0.402399,0.633522,0.294378,0.100716,0.200000,0.280488,0.005195,0.818623,0.000000,-0.145654,-0.608005,0.092618,-0.333333,0.421719,0.000000,0.000000,1.000000,0.000000,0.000000,0.946844,0.040184,0.072000,0.026115,0.000000,0.250000,-0.006543,0.000000,0.809017,0.587785,0.000000,1.134598,0.160589,1.136878,1.000000,0.830588,0.937661,0.000000,0.000000,0.041516,0.000000,0.467414,0.549370,-0.225942,0.003000,0.000000,0.000000,0.955000,0.007000,0.000000,0.000000,-0.789555,0.095450,0.000000,0.022518,0.129310,1.000000,0.750223,0,0.00,candidate,1784187618,1784172600
cand-b960179a-874,BTC,long,1.357585,0.365460,-0.200667,0.294157,0.068987,0.176667,0.726089,0.001548,0.845458,0.000000,-0.055265,-0.134990,0.060357,-0.333333,0.320247,0.000000,0.000000,1.000000,0.000000,0.000000,0.982373,0.058133,0.048000,0.021360,0.000000,0.250000,0.004897,0.000000,0.927184,0.374607,0.000000,-0.299315,0.024503,0.738224,0.000000,0.587326,0.904944,0.000000,0.000000,0.016929,0.000000,0.506379,0.432475,-0.323302,0.017000,0.000000,0.000000,0.000000,0.000000,0.000000,0.000000,-0.803398,0.102395,0.000000,0.006760,0.896296,1.000000,0.747425,0,0.00,candidate,1784187618,1784175900
cand-b960179a-878,BTC,long,0.113783,0.213163,0.142998,0.084384,0.069367,0.176667,1.036371,0.001548,0.844579,0.000000,-0.093083,-0.459316,0.059426,-0.333333,0.320247,0.000000,0.000000,1.000000,0.000000,0.000000,0.413935,-0.496401,0.048000,0.020693,0.000000,0.250000,0.008559,0.000000,0.974370,0.224951,0.000000,-0.081356,0.001564,0.707539,1.000000,0.564039,0.899564,0.000000,0.000000,0.017273,0.000000,0.531211,0.357979,-0.305078,0.018000,0.000000,0.000000,0.000000,0.000000,0.000000,0.000000,-0.803398,0.052264,1.000000,0.151163,0.079027,1.000000,0.740313,0,0.00,candidate,1784187618,1784178000
cand-b960179a-879,BTC,long,0.611235,0.597248,0.571966,0.100097,0.069611,0.176667,0.780952,0.001548,0.880253,0.000000,-0.007571,0.027308,0.059449,-0.333333,0.320247,0.000000,0.000000,1.000000,0.000000,0.000000,-0.462125,-1.000000,0.048000,0.020693,0.000000,0.250000,0.008559,0.000000,0.977231,0.212178,0.000000,0.619094,-0.030244,1.208232,1.000000,0.625616,0.913787,0.000000,0.000000,0.025773,0.000000,0.533295,0.351728,-0.229521,0.033000,0.000000,0.000000,0.000000,0.000000,0.000000,0.000000,-0.803398,0.417649,0.000000,-0.003634,0.514019,1.000000,0.868560,0,0.00,candidate,1784187618,1784178300
cand-b960179a-881,ETH,long,1.699103,0.402090,0.265453,0.531668,0.103657,0.216667,1.066132,0.072893,0.759069,0.000000,-0.338774,-0.236049,0.093234,-0.333333,0.424371,0.000000,0.000000,1.000000,0.000000,0.000000,0.932853,0.026363,0.020000,0.020693,0.000000,0.250000,0.008559,0.000000,0.981627,0.190809,0.000000,1.400088,0.255307,0.548338,0.000000,0.635294,0.865507,0.973969,1.000000,-0.002332,0.000000,0.536810,0.341182,-0.236847,0.004000,0.000000,0.000000,0.545000,0.007000,0.000000,0.000000,-0.803398,0.131015,1.000000,0.040193,0.752784,1.000000,0.747239,0,0.00,candidate,1784187618,1784178600
cand-b960179a-884,BTC,short,-0.043840,-1.311573,-1.314469,-1.165070,0.070455,0.186667,0.620488,0.001542,0.884950,0.070985,0.521919,4.419175,-0.058547,0.333333,0.319695,0.000000,0.000000,1.000000,0.000000,0.000000,0.922473,0.016454,0.020000,-0.021296,0.000000,0.250000,0.026751,0.000000,0.987688,0.156434,0.000000,2.000000,-0.138547,1.255577,-1.000000,0.859309,0.801602,0.970451,0.000000,0.054791,0.005638,0.542803,0.323202,0.452964,0.032000,0.000000,0.000000,0.482000,0.005000,0.000000,0.000000,-0.818083,0.489377,-0.000000,0.495725,-0.022353,-1.000000,1.000000,1,0.00,candidate,1784187618,1784178900
cand-b960179a-891,ETH,long,0.521446,1.427498,0.925975,0.325724,0.104663,0.220000,0.413691,0.005197,0.811915,0.000000,-0.180230,0.204725,0.090217,-0.333333,0.424371,0.000000,0.000000,1.000000,0.000000,0.000000,0.759200,-0.140344,0.020000,0.020155,0.000000,0.250000,0.016060,0.000000,0.996917,0.078459,0.000000,1.978368,0.392449,0.943610,1.000000,0.729908,0.928984,0.000000,0.000000,0.035605,0.000000,0.555035,0.286508,-0.166273,0.021000,0.000000,0.000000,0.733000,0.005000,0.000000,0.000000,-0.818083,0.086180,0.000000,0.519338,0.263959,1.000000,0.879064,0,0.00,candidate,1784187618,1784180100
cand-b960179a-896,ETH,long,-1.417714,-0.162869,0.394206,0.275454,0.105529,0.226667,0.823485,0.005202,0.820567,0.000000,0.048283,0.674323,0.080081,-0.333333,0.423126,0.000000,0.000000,1.000000,0.000000,0.000000,0.978962,0.075456,0.012000,0.020694,0.000000,0.250000,-0.004875,0.000000,0.997564,-0.069756,0.000000,-0.147215,-0.082489,1.039668,1.000000,0.637102,0.899319,0.000000,0.000000,-0.007798,0.000000,0.578534,0.216010,-0.189826,0.037000,0.000000,0.000000,0.150000,0.009000,0.000000,0.000000,-0.818083,0.049698,-0.698068,0.087673,-0.614894,1.000000,1.000000,0,0.00,candidate,1784187618,1784182200
cand-b960179a-900,BTC,short,0.631034,0.823788,0.663493,-0.424194,0.073605,0.206667,1.105452,0.001544,0.917151,0.000000,-0.115967,-0.141422,-0.039589,0.333333,0.318200,0.000000,0.000000,1.000000,0.000000,0.000000,0.802821,-0.084285,0.012000,-0.022621,0.000000,0.250000,0.006395,0.000000,0.990866,-0.134851,0.000000,1.125438,0.162249,1.901835,-1.000000,0.600562,0.857128,0.950867,1.000000,-0.029631,0.000000,0.589074,0.184389,-0.142230,0.029000,0.000000,0.000000,0.861000,0.017000,0.000000,0.000000,-0.833425,0.153571,-0.000000,-0.049998,0.442647,-1.000000,1.000000,1,0.00,candidate,1784187618,1784183100
cand-b960179a-901,BTC,long,-2.570521,-2.267258,-1.568761,0.190852,0.074921,0.210000,1.026713,0.001547,0.880152,0.000000,-0.331502,2.412795,0.037643,-0.333333,0.318200,0.000000,0.000000,1.000000,0.000000,0.000000,0.970359,0.070087,0.012000,0.022920,0.000000,0.250000,-0.009527,0.000000,0.984041,-0.177944,0.000000,1.571323,-0.508963,1.157512,1.000000,0.268166,0.825485,0.000000,0.000000,-0.077260,0.000000,0.595756,0.164345,-0.369984,0.018000,0.000000,0.000000,0.016000,0.009000,0.000000,0.000000,-0.833425,0.317222,0.000000,0.056898,-0.761468,1.000000,0.868680,0,0.00,candidate,1784187618,1784183700
cand-b960179a-902,BTC,short,2.570521,2.267258,1.568761,-0.190852,0.074921,0.210000,0.819312,0.001546,0.882595,0.000000,0.129633,2.412795,-0.037947,0.333333,0.318200,0.000000,0.000000,1.000000,0.000000,0.000000,0.971107,0.070834,0.012000,-0.022920,0.000000,0.250000,-0.009527,0.000000,0.981627,-0.190809,0.000000,1.132679,0.508963,1.216221,-1.000000,0.268166,0.936052,0.000000,0.000000,-0.077260,0.000000,0.597839,0.158094,0.271053,0.030000,0.000000,0.000000,0.223000,0.008000,0.000000,0.000000,-0.833425,0.300019,-0.000000,-0.056898,0.761468,-1.000000,0.868680,1,0.00,candidate,1784187618,1784183700
cand-b960179a-904,BTC,long,1.308680,-1.088710,-1.086202,0.399353,0.075269,0.210000,0.241310,0.001546,0.872947,0.000000,-0.042326,-0.289510,0.037894,-0.333333,0.318200,0.000000,0.000000,1.000000,0.000000,0.000000,0.981073,0.077365,0.012000,0.024147,0.000000,0.250000,-0.005508,0.000000,0.977231,-0.212178,0.000000,0.684533,-0.252975,1.035367,0.000000,0.405926,0.858475,0.983179,0.000000,-0.057493,0.000000,0.601401,0.147408,-0.339590,0.015000,0.000000,0.000000,0.358000,0.007000,0.000000,0.000000,-0.833425,0.144005,0.000000,-0.010282,0.897183,1.000000,0.868599,0,0.00,candidate,1784187618,1784184000
cand-b960179a-908,BTC,short,1.498918,-0.129665,1.499355,-0.099686,0.075493,0.210000,0.387887,0.001547,0.910721,0.000000,0.053843,-0.140516,-0.036072,0.333333,0.318200,0.000000,0.000000,1.000000,0.000000,0.000000,0.968168,0.062857,0.012000,-0.026509,0.000000,0.250000,0.004001,0.000000,0.953717,-0.300706,0.000000,1.472277,-0.131392,1.642703,0.000000,0.301687,0.928076,0.000000,0.000000,0.021642,0.000000,0.616408,0.102389,0.300910,0.053000,0.000000,0.000000,0.000000,0.010000,0.000000,0.000000,-0.833425,0.554409,-0.000000,-0.052769,0.770285,-1.000000,0.880533,1,0.00,candidate,1784187618,1784185500
cand-b960179a-821,ETH,long,1.420598,-0.440273,-0.408124,-0.307257,0.116378,0.270000,0.516418,0.020854,0.795629,0.000000,-0.062115,0.402276,0.040179,-0.333333,0.421944,0.000000,0.000000,1.000000,0.000000,0.000000,0.914107,0.116794,0.228000,0.037728,0.000000,0.250000,-0.016364,0.000000,-0.017452,0.999848,0.000000,-0.439094,-0.113888,0.936653,0.000000,0.324659,0.810665,0.986451,0.000000,-0.013924,0.000000,0.314503,0.008104,-0.132926,0.030000,0.000000,0.000000,0.364000,0.000000,0.000000,0.000000,-0.737329,0.310516,0.000000,0.004244,0.840426,1.000000,1.000000,0,0.00,candidate,1784187918,1784159400
cand-b960179a-848,ETH,long,1.648855,0.746253,1.032603,0.002092,0.107814,0.236667,0.453233,0.005212,0.815569,0.000000,0.086144,1.196098,0.072461,-0.333333,0.425899,0.000000,0.000000,1.000000,0.000000,0.000000,0.967135,0.045208,0.012000,0.023996,0.000000,0.250000,-0.019486,0.000000,0.430511,0.902585,0.000000,-0.588309,0.072713,1.282656,0.000000,0.599905,0.853986,0.000000,0.000000,-0.036812,0.000000,0.388099,0.787314,-0.171952,0.009000,0.000000,0.000000,0.764000,0.000000,0.000000,0.000000,-0.762650,0.085395,0.000000,-0.020402,0.854637,1.000000,0.748865,0,0.00,candidate,1784187918,1784165700
cand-b960179a-851,ETH,short,-0.227911,-1.983742,-0.882203,-0.113493,0.111824,0.256667,1.176014,0.005202,0.806271,0.000000,-0.187821,1.836245,-0.079159,0.333333,0.425899,0.000000,0.000000,1.000000,0.000000,0.000000,0.954851,0.020424,0.012000,-0.025686,0.000000,0.250000,-0.000054,0.000000,0.488621,0.872496,0.000000,2.000000,-0.393753,1.022398,-1.000000,0.741199,0.729919,0.975124,1.000000,0.019012,0.000000,0.398969,0.754705,0.127433,0.026000,0.000000,0.000000,0.140000,0.000000,0.000000,0.000000,-0.762650,0.282759,-0.000000,0.526444,-0.149390,-1.000000,0.748667,1,0.00,candidate,1784187918,1784166600
cand-b960179a-862,ETH,short,1.409372,0.057989,-0.218303,0.073208,0.102501,0.210000,0.854111,0.005200,0.822019,0.000000,0.042518,0.561003,-0.094184,0.333333,0.421719,0.000000,0.000000,1.000000,0.000000,0.000000,0.954483,0.044715,0.072000,-0.026510,0.000000,0.250000,-0.002139,0.000000,0.768842,0.639439,0.000000,-0.148088,0.005110,1.088718,-1.000000,0.738353,0.728028,0.831686,1.000000,0.021174,0.000000,0.456917,0.580861,0.259956,0.016000,0.000000,0.000000,0.275000,0.002000,0.000000,0.000000,-0.789555,0.095922,1.000000,-0.066194,0.683047,-1.000000,0.879080,1,0.00,candidate,1784187918,1784171700
cand-b960179a-864,ETH,short,0.983098,0.409793,-0.454657,-0.287961,0.100450,0.190000,1.282575,0.005201,0.870047,0.000000,-0.061882,-0.856049,-0.091988,0.333333,0.421719,0.000000,0.000000,1.000000,0.000000,0.000000,0.902250,-0.004833,0.072000,-0.026115,0.000000,0.250000,-0.006543,0.000000,0.819152,0.573576,0.000000,1.573159,-0.058171,2.366080,-1.000000,0.741176,0.726996,0.830651,1.000000,0.021797,0.000000,0.470539,0.539994,0.421106,0.005000,0.000000,0.000000,0.203000,0.004000,0.000000,0.000000,-0.789555,0.694617,1.000000,0.086629,0.607029,-1.000000,0.871488,1,0.00,candidate,1784187918,1784172900
cand-b960179a-873,ETH,long,1.413497,0.097501,-0.925438,0.244420,0.102599,0.210000,1.021279,0.057345,0.835128,0.000000,-0.237656,-0.064497,0.087514,-0.333333,0.423843,0.000000,0.000000,1.000000,0.000000,0.000000,0.982373,0.058133,0.048000,0.021360,0.000000,0.250000,0.004897,0.000000,0.927184,0.374607,0.000000,1.880356,0.061756,1.739232,0.000000,0.519059,0.822415,0.931016,1.000000,-0.027359,0.000000,0.506379,0.432475,-0.208483,0.009000,0.000000,0.000000,0.260000,0.000000,0.000000,0.000000,-0.803398,0.096556,0.000000,0.002592,0.945578,1.000000,0.878433,0,0.00,candidate,1784187918,1784175900
cand-b960179a-883,ETH,short,-0.226145,-0.546048,-0.868783,-0.993535,0.103584,0.216667,1.013589,0.005198,0.817716,0.000000,0.296465,0.949859,-0.095415,0.333333,0.424371,0.000000,0.000000,1.000000,0.000000,0.000000,0.922356,0.016337,0.020000,-0.021296,0.000000,0.250000,0.026751,0.000000,0.987688,0.156434,0.000000,2.000000,-0.226350,1.195353,-1.000000,0.656471,0.757970,0.977532,0.000000,0.002353,0.000000,0.542456,0.324244,0.166300,0.029000,0.000000,0.000000,0.622000,0.003000,0.000000,0.000000,-0.818083,0.044869,-0.000000,0.453944,-0.141935,-1.000000,0.747225,1,0.00,candidate,1784187918,1784178900
cand-b960179a-888,ETH,short,0.542167,-1.082099,-0.769480,-0.496408,0.104496,0.220000,0.635615,0.005202,0.819747,0.000000,0.144554,1.575555,-0.091935,0.333333,0.424371,0.000000,0.000000,1.000000,0.000000,0.000000,0.881898,-0.021526,0.020000,-0.020155,0.000000,0.250000,0.016060,0.000000,0.994522,0.104528,0.000000,-0.377974,-0.436230,1.052018,-1.000000,0.660738,0.826176,0.940297,0.000000,0.024707,0.000000,0.551215,0.297967,0.127445,0.005000,0.000000,0.000000,0.500000,0.005000,0.000000,0.000000,-0.818083,0.205527,-0.000000,0.254198,0.249428,-1.000000,0.879155,1,0.00,candidate,1784187918,1784179800
cand-b960179a-910,BTC,short,1.289914,1.667891,1.842380,0.082084,0.075983,0.213333,0.353137,0.001549,0.865891,0.000000,0.010395,1.251444,-0.034817,0.333333,0.319737,0.000000,0.000000,1.000000,0.000000,0.000000,0.912673,0.011260,0.020000,-0.025825,0.000000,0.250000,-0.029860,0.000000,0.933580,-0.358368,0.000000,-0.422591,0.170382,0.953787,0.000000,0.086073,0.979448,0.000000,0.000000,-0.009214,0.000000,0.625610,0.074780,-0.012858,0.016000,0.000000,0.000000,0.570000,0.006000,0.000000,0.000000,-0.849083,0.276522,-0.000000,-0.075534,0.611810,-1.000000,0.880648,1,0.00,candidate,1784187918,1784186100
cand-b960179a-819,ETH,long,0.382744,-1.496527,-1.025851,-0.547218,0.115944,0.266667,1.009243,0.005221,0.810945,0.000000,-0.143273,0.527311,0.038072,-0.333333,0.421944,0.000000,0.000000,1.000000,0.000000,0.000000,0.837914,0.070288,0.228000,0.037728,0.000000,0.250000,0.004715,0.000000,-0.043619,0.999048,0.000000,1.271070,-0.275863,1.178569,0.000000,0.128253,0.755197,0.966420,0.000000,-0.047040,0.000000,0.310336,0.020605,-0.078312,0.009000,0.000000,0.000000,0.471000,0.000000,0.000000,0.000000,-0.737329,0.030786,0.000000,0.129700,0.311594,1.000000,1.000000,0,0.00,candidate,1784188226,1784159100
cand-b960179a-912,BTC,short,0.217913,1.555966,1.635107,0.137532,0.076072,0.213333,0.174954,0.001549,0.863145,0.000000,-0.020625,0.226163,-0.034572,0.333333,0.319737,0.000000,0.000000,1.000000,0.000000,0.000000,0.888524,-0.011808,0.020000,-0.025825,0.000000,0.250000,-0.029860,0.000000,0.932008,-0.362438,0.000000,-0.325964,0.159438,0.930618,0.000000,0.062933,0.984971,0.000000,0.000000,-0.012531,0.000000,0.626305,0.072697,-0.008057,0.033000,0.000000,0.000000,0.736000,0.008000,0.000000,0.000000,-0.849083,0.281075,-0.000000,0.179366,0.169600,-1.000000,0.880706,1,0.00,candidate,1784188527,1784186400
cand-b960179a-913,BTC,short,1.389115,2.268914,1.848528,0.545262,0.076667,0.213333,0.802026,0.001552,0.836599,0.000000,-0.173455,2.066708,-0.034407,0.333333,0.319737,0.000000,0.000000,1.000000,0.000000,0.000000,0.904729,0.008697,0.020000,-0.026532,0.000000,0.250000,-0.024126,0.000000,0.918791,-0.394744,0.000000,0.627072,0.273555,0.646815,0.000000,0.009276,0.997570,0.000000,0.000000,-0.033856,-0.006335,0.631861,0.056029,0.032365,0.079000,0.000000,0.000000,0.497000,0.012000,0.000000,0.000000,-0.849083,0.297610,-0.000000,0.104812,0.630275,-1.000000,1.000000,1,0.00,candidate,1784188527,1784186700
cand-b960179a-822,ETH,short,0.878304,0.713113,0.683718,0.392831,0.116348,0.270000,0.561386,0.125023,0.812491,0.000000,-0.093222,-0.373043,-0.041942,0.333333,0.421944,0.000000,0.000000,1.000000,0.000000,0.000000,0.934857,0.116741,0.228000,-0.027001,0.000000,0.250000,0.012329,0.000000,0.017452,0.999848,0.000000,1.635140,0.152529,1.267463,0.000000,0.203222,0.942968,0.921580,1.000000,-0.034387,0.000000,0.320145,0.991177,0.187499,0.011000,0.000000,0.000000,0.896000,0.000000,0.000000,0.000000,-0.737329,0.038864,-0.000000,-0.012039,0.844828,-1.000000,0.868071,0,0.00,candidate,1784188826,1784159700
cand-b960179a-838,ETH,long,1.482172,-0.782216,-0.140136,-0.627903,0.107552,0.236667,-0.005751,0.005218,0.782388,0.000000,-0.391749,0.789499,0.055370,-0.333333,0.422976,0.000000,0.000000,1.000000,0.000000,0.000000,0.922684,0.049901,0.012000,0.027225,0.000000,0.250000,0.013260,0.000000,0.233445,0.972370,0.000000,0.414160,-0.222519,0.852562,0.000000,0.230901,0.765166,0.949082,0.000000,-0.057509,-0.007713,0.354806,0.887194,-0.245168,0.014000,0.000000,0.000000,0.000000,0.000000,0.000000,0.000000,-0.749653,0.019543,1.000000,0.054976,0.724466,1.000000,0.881061,0,0.00,candidate,1784189707,1784162700
cand-b960179a-866,ETH,short,-0.623296,1.055737,0.925861,0.090645,0.102095,0.210000,0.839993,0.005216,0.824679,0.000000,0.068027,0.246848,-0.088462,0.333333,0.421719,0.000000,0.000000,1.000000,0.000000,0.000000,0.950128,0.034575,0.072000,-0.022362,0.000000,0.250000,-0.003311,0.000000,0.863836,0.503774,0.000000,-0.023782,0.002942,1.138910,0.000000,0.492706,0.818018,0.921958,1.000000,-0.033207,0.000000,0.483488,0.501147,0.260747,0.016000,0.000000,0.000000,0.000000,0.000000,0.000000,0.000000,-0.789555,0.210850,-0.000000,0.016192,-0.792208,-1.000000,0.868923,1,0.00,candidate,1784189707,1784173800
cand-b960179a-869,ETH,short,-1.883609,0.573684,1.002020,0.344267,0.101907,0.210000,1.143555,0.041742,0.777033,0.000000,-0.420789,-0.001571,-0.087501,0.333333,0.423843,0.000000,0.000000,1.000000,0.000000,0.000000,0.983355,0.066386,0.048000,-0.024138,0.000000,0.250000,0.004841,0.000000,0.898794,0.438371,0.000000,0.406685,0.023055,0.714013,0.000000,0.549176,0.797287,0.901162,1.000000,-0.020679,0.000000,0.495517,0.465061,0.255602,0.040000,0.000000,0.000000,0.012000,0.000000,0.000000,0.000000,-0.803398,0.354732,-0.000000,0.056685,-0.759834,-1.000000,1.000000,1,0.00,candidate,1784189707,1784175000
cand-b960179a-875,ETH,short,0.142239,-0.126537,1.010117,-0.149670,0.102624,0.210000,0.997966,0.005216,0.815900,0.000000,-0.022536,-0.449917,-0.087897,0.333333,0.423843,0.000000,0.000000,1.000000,0.000000,0.000000,0.902412,-0.018230,0.048000,-0.021360,0.000000,0.250000,-0.003358,0.000000,0.933580,0.358368,0.000000,1.489930,0.001858,1.386004,0.000000,0.505882,0.813178,0.970630,0.000000,-0.030282,0.000000,0.509157,0.424141,0.255532,0.021000,0.000000,0.000000,0.016000,0.003000,0.000000,0.000000,-0.803398,0.167374,-0.000000,0.048062,0.099644,-1.000000,0.750304,1,0.00,candidate,1784189707,1784176200
cand-b960179a-876,ETH,short,0.025474,-0.564070,0.741758,-0.403565,0.102334,0.210000,0.597233,0.005217,0.827889,0.000000,-0.074367,-1.064374,-0.088284,0.333333,0.423843,0.000000,0.000000,1.000000,0.000000,0.000000,0.875564,-0.044110,0.048000,-0.021360,0.000000,0.250000,-0.003358,0.000000,0.941176,0.337917,0.000000,0.452152,-0.036086,1.626244,0.000000,0.503529,0.814042,0.971498,0.000000,-0.030805,0.000000,0.512629,0.413724,0.310321,0.025000,0.000000,0.000000,0.000000,0.005000,0.000000,0.000000,-0.803398,0.397330,-0.000000,-0.596939,0.071429,-1.000000,0.750304,1,0.00,candidate,1784189707,1784176500
cand-b960179a-877,ETH,short,-0.427729,0.027018,0.422932,-0.519731,0.102369,0.210000,0.764099,0.005214,0.829738,0.000000,0.013891,-0.902195,-0.089556,0.333333,0.423843,0.000000,0.000000,1.000000,0.000000,0.000000,0.825292,-0.093205,0.048000,-0.019908,0.000000,0.250000,0.002303,0.000000,0.949699,0.313164,0.000000,0.166866,0.056189,1.693038,0.000000,0.543059,0.799532,0.956918,0.000000,-0.022036,0.000000,0.516543,0.401983,0.039103,0.053000,0.000000,0.000000,0.291000,0.003000,0.000000,0.000000,-0.803398,0.083392,-0.000000,-0.006001,-0.468927,-1.000000,0.750304,1,0.00,candidate,1784189707,1784176800
cand-b960179a-903,ETH,short,1.862069,1.968970,1.108130,0.238138,0.105529,0.226667,0.962357,0.015639,0.783472,0.000000,0.112907,3.809237,-0.072841,0.333333,0.423126,0.000000,0.000000,1.000000,0.000000,0.000000,0.971204,0.070931,0.012000,-0.022920,0.000000,0.250000,-0.009527,0.000000,0.981627,-0.190809,0.000000,1.954760,0.416082,0.693644,0.000000,0.206121,0.942609,0.000000,0.000000,-0.079826,0.000000,0.598186,0.157053,0.148544,0.038000,0.000000,0.000000,0.420000,0.006000,0.000000,0.000000,-0.833425,0.112604,-0.000000,-0.122500,0.650000,-1.000000,0.749025,1,0.00,candidate,1784189707,1784183700
cand-b960179a-909,ETH,short,1.115699,0.664745,1.036771,0.388613,0.104639,0.220000,0.575976,0.031283,0.793093,0.000000,0.055040,0.353839,-0.068955,0.333333,0.423528,0.000000,0.000000,1.000000,0.000000,0.000000,0.912267,0.010853,0.020000,-0.025825,0.000000,0.250000,-0.029860,0.000000,0.936672,-0.350207,0.000000,-0.386381,0.310429,0.802823,0.000000,0.262961,0.926817,0.000000,0.000000,-0.070297,0.000000,0.624222,0.078947,0.247592,0.009000,0.000000,0.000000,0.315000,0.011000,0.000000,0.000000,-0.849083,0.253540,1.000000,-0.031238,0.745033,-1.000000,0.880648,1,0.00,candidate,1784189707,1784186100
cand-b960179a-911,ETH,short,-0.064814,0.622312,0.873643,0.368659,0.104594,0.220000,0.310103,0.005216,0.745888,0.000000,-0.096130,-0.580835,-0.068173,0.333333,0.423528,0.000000,0.000000,1.000000,0.000000,0.000000,0.888524,-0.011808,0.020000,-0.025825,0.000000,0.250000,-0.029860,0.000000,0.932008,-0.362438,0.000000,-0.634513,0.289936,0.384039,0.000000,0.271081,0.924563,0.000000,0.000000,-0.068936,0.000000,0.626305,0.072697,0.250312,0.009000,0.000000,0.000000,0.000000,0.011000,0.000000,0.000000,-0.849083,0.184597,-0.000000,0.495700,-0.061538,-1.000000,0.748575,1,0.00,candidate,1784189707,1784186400
cand-b960179a-915,ETH,short,0.883940,2.631175,1.705856,1.062529,0.107945,0.236667,0.318736,0.005241,0.830605,0.000000,0.154649,3.908753,-0.073322,0.333333,0.423528,0.000000,0.000000,1.000000,0.000000,0.000000,0.975208,0.051475,0.020000,-0.026874,0.000000,0.250000,-0.014681,0.000000,0.889017,-0.457874,0.000000,-0.147565,0.637013,1.663645,0.000000,0.050249,0.978844,0.000000,0.000000,-0.182025,-0.092134,0.643510,0.021080,0.455768,0.007000,0.000000,0.000000,0.193000,0.010000,0.000000,0.000000,-0.849083,0.238568,-0.000000,-0.151977,0.590323,-1.000000,1.000000,1,0.00,candidate,1784189707,1784187600
cand-b960179a-916,ETH,long,1.068995,-1.744553,-1.687430,-0.545235,0.108374,0.240000,0.474391,0.005247,0.785162,0.000000,0.226169,1.222728,0.073230,-0.333333,0.423528,0.000000,0.000000,1.000000,0.000000,0.000000,0.865449,-0.045466,0.020000,0.026874,0.000000,0.250000,-0.014681,0.000000,0.882948,-0.469472,0.000000,0.793127,-0.531213,0.859210,0.000000,0.142027,0.639200,0.880461,0.000000,-0.158658,-0.069057,0.645247,0.015872,-0.249193,0.005000,0.000000,0.000000,0.734000,0.011000,0.000000,0.000000,-0.849083,0.155730,0.603825,0.029306,0.529976,1.000000,1.000000,0,0.00,candidate,1784189707,1784187900
cand-b960179a-918,ETH,short,-1.068995,1.744553,1.687430,0.545235,0.108374,0.240000,0.164225,0.005252,0.794099,0.000000,-0.495885,1.222728,-0.073788,0.333333,0.423528,0.000000,0.000000,1.000000,0.000000,0.000000,0.864769,-0.046146,0.020000,-0.026874,0.000000,0.250000,-0.014681,0.000000,0.880891,-0.473320,0.000000,0.638616,0.531213,0.982468,0.000000,0.142027,0.940274,0.000000,0.000000,-0.158658,-0.069057,0.646288,0.012747,0.215289,0.010000,0.000000,0.000000,0.548000,0.009000,0.000000,0.000000,-0.849083,0.284623,-0.603825,-0.029306,-0.529976,-1.000000,1.000000,1,0.00,candidate,1784189707,1784187900
cand-b960179a-919,ETH,long,-0.835360,-2.118547,-1.924514,-0.753204,0.107922,0.236667,1.165685,0.010489,0.778144,-0.006515,-0.401707,1.685364,0.075090,-0.333333,0.423528,0.000000,0.000000,1.000000,0.000000,0.000000,0.818990,-0.077363,0.020000,0.026874,0.000000,0.250000,-0.014681,0.000000,0.874620,-0.484810,0.000000,1.329910,-0.704818,0.773361,0.000000,0.114715,0.608810,0.850288,0.000000,-0.118721,-0.079737,0.648372,0.006496,-0.317178,0.023000,0.000000,0.000000,0.419000,0.007000,0.000000,0.000000,-0.849083,0.250119,0.000000,0.394014,-0.372294,1.000000,1.000000,0,0.00,candidate,1784189707,1784188200
cand-b960179a-920,ETH,long,1.414361,-1.307768,-1.654719,-0.553534,0.108178,0.240000,1.164630,0.005233,0.816094,-0.116037,-0.685651,0.625157,0.075998,-0.333333,0.423528,0.000000,0.000000,1.000000,0.000000,0.000000,0.920503,0.019730,0.020000,0.026874,0.000000,0.250000,-0.035722,0.000000,0.866025,-0.500000,0.000000,0.059494,-0.408136,1.280686,0.000000,0.230222,0.660370,0.901479,0.000000,-0.087962,-0.049235,0.651150,0.998162,-0.329576,0.006000,0.000000,0.000000,0.683000,0.009000,0.000000,0.000000,-0.849083,0.587463,0.848837,0.020970,0.764398,1.000000,1.000000,0,0.00,candidate,1784189707,1784188500
cand-b960179a-923,ETH,short,1.855827,0.486949,1.846884,0.654136,0.109024,0.240000,0.053962,0.005294,0.807352,0.000000,-2.118364,3.601237,-0.069393,0.333333,0.431217,0.000000,0.000000,1.000000,0.000000,0.000000,0.816696,-0.073376,0.260000,-0.023888,0.000000,0.250000,0.009902,0.000000,0.833886,-0.551937,0.000000,1.307546,0.172643,1.006838,0.000000,0.069225,0.969392,0.000000,0.000000,-0.009270,-0.003742,0.660302,0.970707,0.370456,0.005000,0.000000,0.000000,0.601000,0.006000,0.000000,0.000000,-0.849083,0.023106,-0.000000,-0.059977,0.667244,-1.000000,1.000000,1,0.00,candidate,1784189707,1784189100
cand-b960179a-921,BTC,long,2.295332,-2.010970,-2.906507,-1.024402,0.082856,0.246667,1.082392,0.001558,0.898353,0.000000,-0.181548,0.822713,0.038054,-0.333333,0.319737,0.000000,0.000000,1.000000,0.000000,0.000000,0.920441,0.019667,0.020000,0.026874,0.000000,0.250000,-0.035722,0.000000,0.863836,-0.503774,0.000000,1.454259,-0.346534,1.797013,0.000000,0.173137,0.603074,0.870789,0.000000,-0.112146,-0.069897,0.651497,0.997121,-0.080679,0.032000,0.000000,0.000000,0.481000,0.033000,0.000000,0.000000,-0.849083,0.709413,0.500000,-0.011424,0.893119,1.000000,1.000000,0,0.00,candidate,1784190015,1784188500
cand-b960179a-927,ETH,long,3.537965,-2.794065,-2.671163,-1.428734,0.143841,0.426667,1.373228,0.005291,0.793095,0.000000,-0.662817,0.630264,0.063518,-0.333333,0.431217,0.000000,0.000000,1.000000,0.000000,0.000000,0.916820,0.118361,0.260000,0.025338,0.000000,0.250000,0.046217,0.000000,0.793353,-0.608761,0.000000,1.474009,-0.125136,0.718025,0.000000,0.315213,0.327238,0.734473,0.000000,0.001600,0.000000,0.671521,0.937050,-0.283001,0.003000,0.000000,0.000000,0.919000,0.006000,0.000000,0.000000,-0.865444,0.102533,0.000000,-0.000904,0.966767,1.000000,1.000000,0,0.00,candidate,1784205613,1784190300
cand-b960179a-931,ETH,long,0.755291,-0.652815,-2.318212,-1.593610,0.145276,0.430000,1.289898,0.005301,0.832636,0.000000,0.054828,-0.230270,0.053731,-0.333333,0.431217,0.000000,0.000000,1.000000,0.000000,0.000000,0.820473,0.042004,0.260000,0.027634,0.000000,0.250000,0.002988,0.000000,0.691513,-0.722364,0.000000,0.029728,-0.080138,1.683309,0.000000,0.249731,0.261480,0.669503,0.000000,-0.037072,0.000000,0.695733,0.864413,-0.423878,0.008000,0.000000,0.000000,0.000000,0.001000,0.000000,0.000000,-0.865444,0.072042,0.000000,-0.048834,0.596542,1.000000,1.000000,0,0.00,candidate,1784205613,1784192400
cand-b960179a-943,ETH,long,0.837975,0.127856,-0.127375,-1.091898,0.140525,0.413333,0.553202,0.005304,0.842859,0.000000,0.056771,-0.362826,0.048182,-0.333333,0.434115,0.000000,0.000000,1.000000,0.000000,0.000000,0.947336,0.140686,0.136000,0.024643,0.000000,0.250000,-0.006450,0.000000,0.061049,-0.998135,0.000000,-0.570664,0.139431,1.517105,0.000000,0.327072,0.537908,0.647909,1.000000,-0.049924,0.000000,0.807887,0.527952,-0.026521,0.020000,0.000000,0.000000,0.000000,0.000000,0.000000,-2.645751,-0.918802,0.296321,0.000000,-0.048313,0.755102,1.000000,0.863482,0,0.00,candidate,1784205613,1784202000
cand-b960179a-930,ETH,long,0.584340,-0.851184,-2.557971,-1.680270,0.145283,0.430000,1.199034,0.005299,0.828342,-1.078857,-1.661746,0.043708,0.053509,-0.333333,0.431217,0.000000,0.000000,1.000000,0.000000,0.000000,0.874504,0.095996,0.260000,0.026772,0.000000,0.250000,0.002988,0.000000,0.707107,-0.707107,0.000000,0.554069,-0.051627,1.577457,0.000000,0.212594,0.224074,0.989216,0.000000,-0.059070,-0.022092,0.692525,0.874037,-0.309909,0.007000,0.000000,0.000000,0.000000,0.004000,0.000000,0.000000,-0.865444,0.417088,0.000000,0.436224,0.285714,1.000000,1.000000,0,0.00,candidate,1784205913,1784192100
cand-b960179a-933,ETH,long,0.349407,-0.662213,-0.937563,-2.134091,0.142893,0.426667,1.304354,0.005314,0.809564,0.000000,0.347750,-0.010952,0.056417,-0.333333,0.433620,0.000000,0.000000,1.000000,0.000000,0.000000,0.783928,0.008150,0.160000,0.026873,0.000000,0.250000,-0.007885,0.000000,0.587785,-0.809017,0.000000,0.004136,-0.068027,0.982179,0.000000,0.171331,0.182416,0.591385,0.000000,-0.083568,0.000000,0.717839,0.798095,-0.419622,0.005000,0.000000,0.000000,0.000000,0.000000,0.000000,0.000000,-0.882295,0.084017,0.000000,0.092364,0.167254,1.000000,1.000000,0,0.00,candidate,1784205913,1784194200
cand-b960179a-935,BTC,long,1.601791,0.870093,0.277683,-1.971433,0.084614,0.270000,0.920001,0.001560,0.880855,0.000000,0.000132,0.057105,0.043671,-0.333333,0.325387,0.000000,0.000000,1.000000,0.000000,0.000000,0.970894,0.195204,0.160000,0.025586,0.000000,0.250000,0.018352,0.000000,0.453990,-0.891007,0.000000,1.191674,0.250410,1.006773,0.000000,0.290006,0.609518,0.844659,0.000000,0.000999,0.000000,0.742344,0.724578,-0.139591,0.057000,0.000000,0.000000,0.000000,0.039000,0.000000,0.000000,-0.882295,0.342550,0.000000,-0.000465,0.927428,1.000000,0.868935,0,0.00,candidate,1784205913,1784196300
cand-b960179a-937,BTC,long,1.432593,1.042643,0.577745,-1.745914,0.085295,0.276667,0.845474,0.001559,0.887123,0.000000,-0.126124,-0.581257,0.045965,-0.333333,0.325631,0.000000,0.000000,1.000000,0.000000,0.000000,0.990649,0.208355,0.060000,0.024055,0.000000,0.250000,0.000228,0.000000,0.422618,-0.906308,0.000000,-0.253433,0.275169,1.115713,0.000000,0.342679,0.654310,0.865577,1.000000,0.013491,0.000000,0.748034,0.707511,-0.490054,0.054000,0.000000,0.000000,0.017000,0.035000,0.000000,0.000000,-0.900282,0.286719,1.000000,0.020807,0.735708,1.000000,0.732417,0,0.00,candidate,1784205913,1784196900
cand-b960179a-941,ETH,long,0.162958,-0.238136,-0.444727,-1.315160,0.140065,0.406667,1.072950,0.079608,0.776960,-0.008940,-0.289282,-0.472158,0.048476,-0.333333,0.434115,0.000000,0.000000,1.000000,0.000000,0.000000,0.903920,0.100764,0.136000,0.024643,0.000000,0.250000,-0.006450,0.000000,0.082808,-0.996566,0.000000,1.038627,0.075918,0.577674,0.000000,0.269943,0.498088,0.608219,1.000000,-0.073549,0.000000,0.804066,0.539413,-0.209591,0.007000,0.000000,0.000000,0.000000,0.000000,0.000000,-2.645751,-0.918802,0.009371,0.000000,0.371552,0.191964,1.000000,0.863482,0,0.00,candidate,1784205913,1784201700
cand-b960179a-942,BTC,long,0.286751,0.360922,0.095878,-0.159959,0.085872,0.280000,1.344125,0.001559,0.878634,0.000000,-0.059408,-0.730610,0.039272,-0.333333,0.325305,0.000000,0.000000,1.000000,0.000000,0.000000,0.903870,0.100714,0.136000,0.024643,0.000000,0.250000,-0.006450,0.000000,0.082808,-0.996566,0.000000,0.734095,-0.081702,1.084619,1.000000,0.661908,0.915125,0.851391,1.000000,0.005020,0.000000,0.804414,0.538371,-0.330642,0.083000,0.000000,0.000000,0.034000,0.032000,0.000000,-2.645751,-0.918802,0.034571,0.000000,0.123831,0.300952,1.000000,0.732417,0,0.00,candidate,1784205913,1784201700
cand-b960179a-946,BTC,long,1.229865,-0.430757,0.091023,0.209254,0.087984,0.293333,0.630299,0.001559,0.895087,0.000000,-0.000371,-0.341675,0.039413,-0.333333,0.325305,0.000000,0.000000,1.000000,0.000000,0.000000,0.992660,0.161394,0.136000,0.023110,0.000000,0.250000,0.008502,0.000000,0.021815,-0.999762,0.000000,0.971709,-0.226485,1.530997,1.000000,0.655700,0.913563,0.849826,1.000000,0.004085,0.000000,0.813884,0.509960,-0.387302,0.063000,0.000000,0.000000,0.000000,0.030000,0.000000,-2.380476,-0.918802,0.273186,0.000000,0.062275,0.594340,1.000000,0.732417,0,0.00,candidate,1784205913,1784202600
cand-b960179a-947,ETH,long,0.971726,-0.645358,-0.295081,-1.265222,0.143273,0.426667,0.660215,0.005312,0.761784,0.000000,-0.113368,-0.134087,0.048115,-0.333333,0.434115,0.000000,0.000000,1.000000,0.000000,0.000000,0.992640,0.161374,0.136000,0.023110,0.000000,0.250000,0.008502,0.000000,0.021815,-0.999762,0.000000,-0.401659,-0.092835,0.500441,0.000000,0.246011,0.481379,0.989999,1.000000,-0.083462,0.000000,0.814231,0.508918,-0.321246,0.016000,0.000000,0.000000,0.210000,0.000000,0.000000,-2.380476,-0.918802,0.188976,0.000000,0.184000,0.514735,1.000000,1.000000,0,0.00,candidate,1784205913,1784202600
cand-b960179a-948,ETH,long,0.387846,0.251249,-0.363449,-1.372581,0.142350,0.423333,1.001773,0.005311,0.788535,0.000000,0.263290,-0.379131,0.047394,-0.333333,0.434115,0.000000,0.000000,1.000000,0.000000,0.000000,0.970018,0.139668,0.136000,0.023110,0.000000,0.250000,0.008502,0.000000,0.000000,-1.000000,0.000000,0.341559,0.108748,0.759090,0.000000,0.272774,0.500064,0.610188,1.000000,-0.072377,0.000000,0.817357,0.499541,-0.278732,0.017000,0.000000,0.000000,0.000000,0.000000,0.000000,-2.380476,-0.918802,0.212964,0.000000,-0.061928,0.452174,1.000000,0.863482,0,0.00,candidate,1784205913,1784202900
cand-b960179a-929,BTC,long,0.629670,-0.084204,-1.382581,-1.099220,0.087642,0.293333,1.159086,0.001559,0.872565,0.000000,-0.013664,0.343423,0.041463,-0.333333,0.326340,0.000000,0.000000,1.000000,0.000000,0.000000,0.897804,0.100054,0.260000,0.024847,0.000000,0.250000,0.046217,0.000000,0.779884,-0.625923,0.000000,0.022605,-0.934335,0.888931,0.000000,0.278328,0.579471,0.847373,0.000000,-0.128491,-0.004663,0.675071,0.926399,-0.109743,0.022000,0.000000,0.000000,0.000000,0.041000,0.000000,0.000000,-0.865444,0.625525,0.000000,-0.024732,0.384365,1.000000,1.000000,0,0.00,candidate,1784206213,1784190600
cand-b960179a-957,BTC,short,3.079334,1.418089,1.143452,0.860809,0.090172,0.296667,0.712708,0.001564,0.878016,0.000000,-0.495588,2.553474,-0.037997,0.333333,0.325536,0.000000,0.000000,1.000000,0.000000,0.000000,0.996658,0.126042,0.172000,-0.023562,0.000000,0.250000,-0.004221,0.000000,-0.173648,-0.984808,0.000000,0.566956,0.403483,1.123258,0.000000,0.004476,0.999166,0.000000,0.000000,-0.066525,-0.000743,0.845092,0.416337,-0.004301,0.012000,0.000000,0.000000,0.936000,0.018000,0.000000,-1.855921,-0.937687,0.219109,-0.000000,0.003861,0.928945,-1.000000,0.751469,0,0.00,candidate,1784208912,1784205300
cand-b960179a-958,ETH,short,1.178139,1.583766,1.799810,1.026307,0.147004,0.430000,0.709794,0.005344,0.833838,0.000000,0.646531,3.987283,-0.042810,0.333333,0.436132,0.000000,0.000000,1.000000,0.000000,0.000000,0.996771,0.122063,0.172000,-0.023562,0.000000,0.250000,-0.005624,0.000000,-0.203642,-0.979045,0.000000,0.443723,0.426108,1.354078,0.000000,0.107157,0.952206,0.000000,0.000000,-0.237819,-0.083185,0.849953,0.401752,0.224387,0.001000,0.000000,0.000000,0.825000,0.000000,0.000000,-1.855921,-0.937687,0.185899,-0.000000,-0.199333,0.540000,-1.000000,0.882727,0,0.00,candidate,1784208912,1784205600
cand-b960179a-932,BTC,short,-0.080574,0.327410,-0.840410,1.627900,0.091017,0.303333,0.262815,0.001561,0.861280,0.000000,-0.159478,-0.633072,-0.039001,0.333333,0.325387,0.000000,0.000000,1.000000,0.000000,0.000000,0.807857,0.029487,0.160000,-0.026262,0.000000,0.250000,-0.002988,0.000000,0.636078,-0.771625,0.000000,1.541393,0.089052,0.864089,0.000000,0.211821,0.876425,0.000000,0.000000,-0.020656,0.000000,0.707681,0.828570,0.320377,0.051000,0.000000,0.000000,0.374000,0.040000,0.000000,0.000000,-0.882295,0.491313,-0.000000,0.521806,-0.117794,-1.000000,0.863482,0,0.00,candidate,1784209219,1784193300
cand-b960179a-944,BTC,short,2.382115,-0.029854,0.254245,0.281905,0.087469,0.293333,1.098321,0.001561,0.826691,-1.445773,-1.810933,0.061531,-0.039248,0.333333,0.325305,0.000000,0.000000,1.000000,0.000000,0.000000,0.991361,0.164107,0.136000,-0.024643,0.000000,0.250000,-0.006450,0.000000,0.043619,-0.999048,0.000000,2.000000,0.179570,0.542589,-1.000000,0.512104,0.871296,0.000000,0.000000,-0.017564,0.000000,0.810318,0.520659,0.336591,0.023000,0.000000,0.000000,0.198000,0.035000,0.000000,-2.645751,-0.918802,0.089020,1.000000,-0.022590,0.788325,-1.000000,0.868935,0,0.00,candidate,1784209219,1784202300
cand-b960179a-960,BTC,long,0.958290,-1.581683,-0.903930,-0.542943,0.091303,0.303333,0.241023,0.001564,0.887534,0.000000,-0.321061,2.356243,0.039136,-0.333333,0.325536,0.000000,0.000000,1.000000,0.000000,0.000000,0.992323,0.114850,0.172000,0.023995,0.000000,0.250000,-0.021653,0.000000,-0.229200,-0.973379,0.000000,0.953731,-0.490736,1.203277,0.000000,0.218060,0.830198,0.717605,0.000000,-0.068875,-0.016476,0.854210,0.388980,-0.444205,0.041000,0.000000,0.000000,0.371000,0.014000,0.000000,-1.732051,-0.937687,0.088380,0.000000,-0.085732,0.383825,1.000000,1.000000,1,0.00,candidate,1784209219,1784205900
cand-b960179a-963,BTC,short,-1.365295,0.696948,0.839963,0.106629,0.092188,0.320000,0.255768,0.001564,0.931089,0.000000,-0.024317,2.033822,-0.039678,0.333333,0.325536,0.000000,0.000000,1.000000,0.000000,0.000000,0.944505,0.069811,0.172000,-0.023995,0.000000,0.250000,-0.021653,0.000000,-0.254602,-0.967046,0.000000,1.146660,0.243582,2.288530,0.000000,0.411383,0.910778,0.000000,0.000000,-0.043632,0.000000,0.858725,0.375438,0.098072,0.016000,0.000000,0.000000,0.233000,0.018000,0.000000,-1.732051,-0.937687,0.392847,-0.000000,0.064134,-0.667771,-1.000000,0.882722,0,0.00,candidate,1784209219,1784206200
cand-b960179a-964,ETH,short,0.222784,1.285187,1.020256,0.850101,0.148709,0.436667,0.266410,0.005342,0.813333,0.000000,0.299516,-0.000436,-0.042499,0.333333,0.436132,0.000000,0.000000,1.000000,0.000000,0.000000,0.875251,0.001744,0.172000,-0.023808,0.000000,0.250000,0.012727,0.000000,-0.296542,-0.955020,0.000000,0.784201,0.256090,1.107977,0.000000,0.189930,0.917339,0.000000,0.000000,-0.216619,-0.062300,0.865425,0.355338,0.328399,0.007000,0.000000,0.000000,0.298000,0.000000,0.000000,-1.623688,-0.937687,0.311142,-0.000000,0.258049,0.188272,-1.000000,0.882722,0,0.00,candidate,1784209219,1784206800
cand-b960179a-925,BTC,long,1.774961,-0.496572,-2.682342,-1.409828,0.087278,0.290000,0.744644,0.001562,0.910056,0.000000,-0.024463,0.667567,0.041084,-0.333333,0.326340,0.000000,0.000000,1.000000,0.000000,0.000000,0.845710,0.063449,0.260000,0.025338,0.000000,0.250000,0.037417,0.000000,0.803857,-0.594823,0.000000,1.318750,-1.340353,1.412143,0.000000,0.148970,0.502969,0.771478,0.000000,-0.174111,-0.078893,0.669090,0.944342,-0.514422,0.074000,0.000000,0.000000,0.999000,0.043000,0.000000,0.000000,-0.865444,0.412981,0.000000,-0.003840,0.696416,1.000000,1.000000,1,0.00,candidate,1784210727,1784190000
cand-b960179a-955,BTC,short,0.793886,0.125183,0.180080,0.110752,0.087975,0.293333,0.475425,0.001560,0.837514,0.000000,-0.227311,-0.122264,-0.039419,0.333333,0.325536,0.000000,0.000000,1.000000,0.000000,0.000000,0.979233,0.135766,0.172000,-0.023562,0.000000,0.250000,-0.004221,0.000000,-0.156434,-0.987688,0.000000,0.436070,0.057434,0.638600,0.000000,0.387953,0.929353,0.000000,0.000000,-0.010884,0.000000,0.842661,0.423629,0.206395,0.042000,0.000000,0.000000,0.073000,0.024000,0.000000,-1.855921,-0.937687,0.384250,-0.000000,0.062824,0.588933,-1.000000,0.751397,0,0.00,candidate,1784210727,1784205000
cand-b960179a-914,BTC,short,0.560424,3.238613,2.760423,1.202319,0.080300,0.223333,1.043017,0.001557,0.860965,0.000000,0.254681,2.242737,-0.035711,0.333333,0.319737,0.000000,0.000000,1.000000,0.000000,0.000000,0.974904,0.051176,0.020000,-0.026532,0.000000,0.250000,-0.018387,0.000000,0.892979,-0.450098,0.000000,0.562126,0.695709,1.098419,0.000000,0.057671,0.975547,0.000000,0.000000,-0.117830,-0.069884,0.641683,0.026563,0.327423,0.016000,0.000000,0.000000,0.611000,0.016000,0.000000,0.000000,-0.849083,0.399833,-0.000000,-0.325363,0.351648,-1.000000,1.000000,0,0.00,candidate,1784211004,1784187600
cand-b960179a-917,BTC,short,-0.096811,2.696102,3.020510,0.893441,0.080437,0.226667,0.371867,0.001559,0.888074,0.000000,-0.167160,0.893796,-0.035852,0.333333,0.319737,0.000000,0.000000,1.000000,0.000000,0.000000,0.865207,-0.045708,0.020000,-0.026874,0.000000,0.250000,-0.014681,0.000000,0.882948,-0.469472,0.000000,-0.671150,0.463111,1.729883,0.000000,0.063793,0.972953,0.000000,0.000000,-0.116264,-0.068332,0.645594,0.014830,-0.067287,0.059000,0.000000,0.000000,0.735000,0.023000,0.000000,0.000000,-0.849083,0.086988,-0.000000,0.310099,-0.062657,-1.000000,1.000000,0,0.00,candidate,1784211004,1784187900
cand-b960179a-922,BTC,short,0.625119,1.976094,2.958908,1.132715,0.082983,0.246667,0.574106,0.001560,0.890442,0.000000,-0.308986,0.426060,-0.039126,0.333333,0.319737,0.000000,0.000000,1.000000,0.000000,0.000000,0.907048,0.008386,0.020000,-0.023888,0.000000,0.250000,0.009902,0.000000,0.848048,-0.529919,0.000000,1.001451,0.254688,1.325691,0.000000,0.137126,0.934140,0.000000,0.000000,-0.122581,-0.080233,0.656437,0.982301,0.485022,0.019000,0.000000,0.000000,0.615000,0.038000,0.000000,0.000000,-0.849083,0.653674,-0.000000,-0.277209,0.278894,-1.000000,0.864507,0,0.00,candidate,1784211004,1784188800
cand-b960179a-928,BTC,long,1.945653,-0.580571,-1.749467,-1.271149,0.087994,0.293333,1.114706,0.001559,0.878051,0.000000,-0.077066,0.804737,0.041414,-0.333333,0.326340,0.000000,0.000000,1.000000,0.000000,0.000000,0.916273,0.117805,0.260000,0.025338,0.000000,0.250000,0.046217,0.000000,0.785317,-0.619094,0.000000,0.154054,-0.984452,0.905397,0.000000,0.246768,0.560839,0.828889,0.000000,-0.139602,-0.015694,0.673604,0.930799,-0.348241,0.007000,0.000000,0.000000,0.000000,0.041000,0.000000,0.000000,-0.865444,0.048454,0.000000,0.004153,0.744912,1.000000,1.000000,1,0.00,candidate,1784211004,1784190300
cand-b960179a-938,BTC,short,1.484327,0.040224,-0.580958,1.263897,0.085426,0.276667,0.544507,0.001559,0.871896,0.000000,-0.143342,-0.719532,-0.043602,0.333333,0.325631,0.000000,0.000000,1.000000,0.000000,0.000000,0.956962,0.167694,0.060000,-0.025529,0.000000,0.250000,0.000798,0.000000,0.342020,-0.939693,0.000000,1.742186,-0.049265,0.920552,-1.000000,0.330340,0.843295,0.000000,0.000000,-0.000684,0.000000,0.761654,0.666649,0.196740,0.030000,0.000000,0.000000,0.000000,0.033000,0.000000,-4.000000,-0.900282,0.145953,1.000000,-0.000886,0.970238,-1.000000,0.732417,0,0.00,candidate,1784211004,1784198100
cand-b960179a-939,BTC,long,-0.884961,-0.400164,-0.548249,-1.201324,0.085119,0.276667,0.981767,0.001559,0.858637,-0.219657,-0.511372,-0.593362,0.041004,-0.333333,0.325305,0.000000,0.000000,1.000000,0.000000,0.000000,0.910847,0.121318,0.136000,0.025356,0.000000,0.250000,0.002084,0.000000,0.165048,-0.986286,0.000000,1.940405,-0.092846,0.839968,0.000000,0.332650,0.746060,0.811430,1.000000,-0.018845,0.000000,0.791479,0.577175,-0.247338,0.016000,0.000000,0.000000,0.000000,0.034000,0.000000,-3.000000,-0.918802,0.076408,-1.000000,0.074791,-0.518757,1.000000,0.732417,1,0.00,candidate,1784211004,1784200500
cand-b960179a-952,BTC,long,-0.801269,-0.514454,-0.668400,0.201565,0.087974,0.293333,1.082748,0.001561,0.865608,0.000000,0.129967,0.588437,0.038412,-0.333333,0.325536,0.000000,0.000000,1.000000,0.000000,0.000000,0.933437,0.098091,0.172000,0.024716,0.000000,0.250000,-0.003593,0.000000,-0.113203,-0.993572,0.000000,0.054915,-0.252549,0.959121,0.000000,0.322010,0.876493,0.812685,1.000000,-0.018095,0.000000,0.835286,0.445752,-0.359874,0.030000,0.000000,0.000000,0.284000,0.029000,0.000000,-2.000000,-0.937687,0.302856,-1.000000,0.187486,-0.432665,1.000000,0.732417,1,0.00,candidate,1784211004,1784204400
cand-b960179a-962,BTC,long,1.365295,-0.696948,-0.839963,-0.106629,0.092188,0.320000,0.797273,0.001564,0.854813,0.000000,0.097913,2.033822,0.039528,-0.333333,0.325536,0.000000,0.000000,1.000000,0.000000,0.000000,0.944672,0.069978,0.172000,0.023995,0.000000,0.250000,-0.021653,0.000000,-0.246153,-0.969231,0.000000,-0.402977,-0.243582,0.765695,0.000000,0.411383,0.872340,0.759888,0.000000,-0.043632,0.000000,0.856988,0.380646,-0.323259,0.037000,0.000000,0.000000,0.347000,0.019000,0.000000,-1.732051,-0.937687,0.239288,0.000000,-0.064134,0.667771,1.000000,0.882722,1,0.00,candidate,1784211004,1784206200
cand-b960179a-965,BTC,long,1.068355,1.372234,-0.350640,-0.058301,0.093119,0.346667,1.097247,0.001562,0.895736,0.000000,0.146023,1.851747,0.042587,-0.333333,0.325961,0.000000,0.000000,1.000000,0.000000,0.000000,0.922852,0.047803,0.328000,0.023808,0.000000,0.250000,0.002282,0.000000,-0.321439,-0.946930,0.000000,1.353015,0.307156,1.665273,0.000000,0.564601,0.905664,0.793325,0.000000,-0.023670,0.000000,0.869982,0.341667,-0.574398,0.017000,0.000000,0.000000,0.775000,0.014000,0.000000,-1.623688,-0.937687,0.129839,0.000000,-0.079161,0.718644,1.000000,0.882722,1,0.00,candidate,1784211004,1784207400
cand-b960179a-940,BTC,long,0.128471,0.066485,-0.411854,-0.724450,0.086145,0.280000,1.030193,0.001559,0.852906,-0.075613,-0.328317,-0.657557,0.039833,-0.333333,0.325305,0.000000,0.000000,1.000000,0.000000,0.000000,0.903929,0.100862,0.136000,0.024643,0.000000,0.250000,0.020359,0.000000,0.108867,-0.994056,0.000000,0.942708,-0.114602,0.739907,1.000000,0.509380,0.847821,0.843145,1.000000,0.000095,0.000000,0.800161,0.551130,-0.144647,0.033000,0.000000,0.000000,0.000000,0.033000,0.000000,-2.645751,-0.918802,0.235256,0.000000,0.418394,0.134875,1.000000,0.732417,1,0.00,candidate,1784211311,1784201400
cand-b960179a-968,BTC,long,1.896623,1.278527,0.418482,0.344557,0.093564,0.350000,0.797094,0.001559,0.879184,0.000000,0.065089,2.321334,0.043909,-0.333333,0.325961,0.000000,0.000000,1.000000,0.000000,0.000000,0.970164,0.086473,0.328000,0.023795,0.000000,0.250000,0.002889,-4.000000,-0.366501,-0.930418,0.000000,-0.300153,0.463203,1.228720,0.000000,0.862392,0.970243,0.858120,0.000000,0.015014,0.000000,0.877369,0.319505,-0.422164,0.050000,0.000000,0.000000,0.000000,0.014000,0.000000,-1.527525,-0.957763,0.071523,0.000000,-0.026606,0.836150,1.000000,0.751439,1,0.00,candidate,1784211311,1784208000
cand-b960179a-972,BTC,short,0.422646,-1.838509,-1.562724,-0.537478,0.092759,0.330000,0.691162,0.001555,0.926059,0.000000,0.121912,3.544171,-0.043635,0.333333,0.325961,0.000000,0.000000,1.000000,0.000000,0.000000,0.558477,-0.303618,0.328000,-0.023669,0.000000,0.250000,-0.006601,-4.000000,-0.422618,-0.906308,0.000000,1.893041,-0.481967,1.962416,-1.000000,0.704797,0.772145,0.989367,1.000000,0.039954,0.000000,0.887173,0.290091,-0.021544,0.016000,0.000000,0.000000,0.591000,0.021000,4.000000,-1.441153,0.500819,0.222477,-0.000000,0.745782,0.136413,-1.000000,0.882262,0,0.00,candidate,1784211311,1784208900
cand-b960179a-975,BTC,short,-1.037341,-0.328536,-1.115311,-0.454805,0.095795,0.370000,0.355788,0.001557,0.903978,0.000000,-0.161341,0.683139,-0.038901,0.333333,0.325961,0.000000,0.000000,1.000000,0.000000,0.000000,0.860186,-0.012274,0.328000,-0.022323,0.000000,0.250000,-0.020724,-3.510400,-0.480989,-0.876727,0.000000,-0.642008,0.218556,1.306884,-1.000000,0.655543,0.787967,0.884824,1.000000,0.018956,0.000000,0.897684,0.258558,-0.081583,0.025000,0.000000,0.000000,0.833000,0.017000,3.745069,-1.362770,-0.773388,0.315331,-0.000000,0.388274,-0.330228,-1.000000,1.000000,0,0.00,candidate,1784211311,1784209800
cand-b960179a-969,BTC,long,0.621231,1.928596,0.271205,0.520699,0.093517,0.350000,1.201879,0.001556,0.855965,-1.289733,-1.864520,-0.123944,0.045464,-0.333333,0.325961,0.000000,0.000000,1.000000,0.000000,0.000000,0.925452,0.043780,0.328000,0.023795,0.000000,0.250000,0.002889,-4.000000,-0.382683,-0.923880,0.000000,0.404785,0.600314,0.835990,1.000000,0.951969,0.989620,0.877562,0.000000,0.026621,0.000000,0.880147,0.311171,-0.002800,0.011000,0.000000,0.000000,0.627000,0.024000,0.000000,-1.527525,-0.957763,0.779502,0.000000,0.259559,0.466165,1.000000,0.751439,1,0.00,candidate,1784212219,1784208300
cand-b960179a-976,BTC,long,1.037341,0.328536,1.115311,0.454805,0.095795,0.370000,1.008854,0.001555,0.830463,0.000000,-0.236372,0.683139,0.038154,-0.333333,0.325961,0.000000,0.000000,1.000000,0.000000,0.000000,0.857202,-0.015247,0.328000,0.022323,0.000000,0.250000,-0.020724,-3.302557,-0.496217,-0.868199,0.000000,1.967679,-0.218556,0.436110,1.000000,0.655543,0.888587,0.862122,1.000000,0.018956,0.000000,0.900462,0.250225,-0.256953,0.017000,0.000000,0.000000,0.335000,0.010000,3.745069,-1.362770,-0.773388,0.060692,0.000000,-0.388274,0.330228,1.000000,1.000000,1,0.00,candidate,1784212219,1784209800
cand-b960179a-977,BTC,long,1.787602,0.809785,1.888293,0.637984,0.096931,0.376667,0.545371,0.001554,0.808507,-0.015408,-0.585602,0.095443,0.037762,-0.333333,0.325961,0.000000,0.000000,1.000000,0.000000,0.000000,0.940136,0.065359,0.328000,0.022323,0.000000,0.250000,-0.020724,-3.302557,-0.500000,-0.866025,0.000000,-0.463482,-0.072783,0.322640,1.000000,0.834269,0.946488,0.920068,1.000000,0.053548,0.003113,0.900810,0.249183,-0.202346,0.012000,0.000000,0.000000,0.038000,0.021000,3.745069,-1.362770,-0.773388,0.030406,0.000000,0.017326,0.825315,1.000000,1.000000,1,0.00,candidate,1784212219,1784210100
cand-b960179a-985,BTC,long,2.117778,2.286970,2.143803,1.126294,0.105385,0.450000,0.409682,0.001546,0.887616,0.000000,0.380473,2.680012,0.029039,-0.333333,0.320668,0.000000,0.000000,1.000000,0.000000,0.000000,0.799453,-0.059157,0.392000,0.022399,0.000000,0.250000,0.048843,-1.801286,-0.612217,-0.790690,0.000000,-0.670826,0.269616,1.132990,1.000000,0.883593,0.938872,0.000000,0.000000,0.178054,0.118546,0.922244,0.184879,-0.183565,0.007000,0.000000,0.000000,0.129000,0.020000,0.801792,-1.224745,1.000000,0.208070,0.000000,-0.157410,0.495873,1.000000,0.882422,0,0.00,candidate,1784214916,1784211900
cand-b960179a-986,BTC,long,0.017528,2.489318,1.851899,1.043172,0.105765,0.453333,0.734645,0.001545,0.868604,0.000000,-0.270181,0.639602,0.028718,-0.333333,0.320668,0.000000,0.000000,1.000000,0.000000,0.000000,0.749368,-0.107058,0.392000,0.022399,0.000000,0.250000,0.024349,-1.789701,-0.625923,-0.779884,0.000000,0.303673,0.320959,0.902609,1.000000,0.884770,0.939491,0.000000,0.000000,0.178421,0.118919,0.925370,0.175503,-0.173086,0.017000,0.000000,0.000000,0.706000,0.021000,0.801792,-1.224745,1.000000,0.259570,0.000000,0.323611,0.007332,1.000000,0.882422,0,0.00,candidate,1784214916,1784212200
cand-b960179a-989,BTC,long,0.719908,0.652102,2.473560,1.150794,0.106512,0.453333,0.581992,0.001546,0.884968,-0.007476,-0.339166,-0.501141,0.025091,-0.333333,0.320668,0.000000,0.000000,1.000000,0.000000,0.000000,0.729190,-0.121631,0.392000,0.022702,0.000000,0.250000,0.031818,-1.665241,-0.659346,-0.751840,0.000000,-0.134000,0.007946,1.148007,1.000000,0.866235,0.929738,0.000000,0.000000,0.174515,0.116093,0.932051,0.155460,-0.108141,0.018000,0.000000,0.000000,0.346000,0.017000,-0.147237,-1.163160,0.473001,0.098270,0.000000,0.105664,0.661333,1.000000,0.745993,0,0.00,candidate,1784214916,1784212800
cand-b960179a-973,ETH,short,2.096689,-0.185706,-0.708779,0.365536,0.153547,0.453333,0.433853,0.005326,0.799172,0.000000,0.004194,1.334611,-0.037613,0.333333,0.437260,0.000000,0.000000,1.000000,0.000000,0.000000,0.949041,0.070991,0.328000,-0.023669,0.000000,0.250000,0.024219,-4.000000,-0.442289,-0.896873,0.000000,-0.181028,-0.094084,1.069071,0.000000,0.398690,0.826955,0.956028,0.000000,-0.161665,0.000000,0.890300,0.280711,0.231628,0.004000,0.000000,0.000000,0.354000,0.000000,4.000000,-1.441153,0.500819,0.112904,-0.000000,0.076162,0.721625,-1.000000,0.750883,0,0.00,candidate,1784215824,1784209200
cand-b960179a-994,ETH,short,1.211826,1.943054,1.360160,0.585355,0.166384,0.520000,0.249101,0.005328,0.810877,0.000000,0.316881,0.898817,-0.028667,0.333333,0.437647,0.000000,0.000000,1.000000,0.000000,0.000000,0.855899,0.008319,0.384000,-0.022716,0.000000,0.250000,-0.004811,-1.463738,-0.763232,-0.646124,0.000000,0.400712,0.577308,1.209285,0.000000,0.245008,0.886447,0.000000,0.000000,-0.067300,-0.054837,0.955886,0.083954,0.351545,0.005000,0.000000,0.000000,0.371000,0.000000,-3.056078,-1.051315,-1.000000,0.293864,-0.000000,-0.113334,0.488342,-1.000000,0.751873,0,0.00,candidate,1784215824,1784214600
cand-b960179a-924,ETH,short,6.000000,3.510208,3.979474,1.942080,0.134123,0.366667,0.254918,0.005327,0.873337,0.000000,-2.042347,5.000000,-0.067044,0.333333,0.431217,0.000000,0.000000,1.000000,0.000000,0.000000,0.965136,0.151800,0.260000,-0.023888,0.000000,0.250000,0.009902,0.000000,0.826590,-0.562805,0.000000,0.200956,0.449102,2.595504,0.000000,0.077161,0.933852,0.000000,0.000000,-0.056755,-0.045933,0.662385,0.964456,0.500534,0.002000,0.000000,0.000000,0.297000,0.008000,0.000000,0.000000,-0.849083,0.418636,-0.000000,-0.022202,0.844896,-1.000000,1.000000,0,0.00,candidate,1784218530,1784189400
cand-b960179a-926,ETH,short,-1.646391,3.928541,3.938596,1.852514,0.139288,0.400000,0.100782,0.005306,0.839436,0.000000,0.376200,0.818388,-0.065880,0.333333,0.431217,0.000000,0.000000,1.000000,0.000000,0.000000,0.844498,0.062230,0.260000,-0.025338,0.000000,0.250000,0.037417,0.000000,0.801254,-0.598325,0.000000,0.108283,0.106160,1.422550,0.000000,0.142985,0.858809,0.000000,0.000000,-0.100433,-0.087703,0.669784,0.942258,0.315586,0.003000,0.000000,0.000000,0.000000,0.006000,0.000000,0.000000,-0.865444,0.205415,-0.000000,-0.078609,-0.420898,-1.000000,1.000000,0,0.00,candidate,1784219116,1784190000
cand-b960179a-1000,BTC,long,0.407247,1.303455,0.230806,1.259330,0.112309,0.476667,1.024363,0.001546,0.853133,0.000000,0.139744,0.085930,0.014590,-0.333333,0.323114,0.000000,0.000000,1.000000,0.000000,0.000000,0.468683,-0.353778,0.384000,0.022652,0.000000,0.250000,-0.013659,-1.342020,-0.848048,-0.529919,0.000000,0.688765,0.279103,0.726916,1.000000,0.863797,0.926517,0.000000,0.000000,0.178458,0.104822,0.978752,0.015357,-0.345222,0.037000,0.000000,0.000000,0.377000,0.012000,-2.343304,-0.951190,-1.000000,0.621054,0.000000,0.601731,0.201498,1.000000,1.000000,0,0.00,candidate,1784220611,1784216700
cand-b960179a-998,BTC,long,-1.054279,2.023974,-0.030921,0.919062,0.113984,0.496667,0.335598,0.001547,0.873869,0.000000,0.314577,-0.434427,0.015212,-0.333333,0.323114,0.000000,0.000000,1.000000,0.000000,0.000000,0.408259,-0.417676,0.384000,0.022652,0.000000,0.250000,-0.013659,-1.123002,-0.831470,-0.555570,0.000000,-0.739737,0.456550,0.994151,1.000000,0.835545,0.911234,0.000000,0.000000,0.169390,0.095628,0.973786,0.030255,-0.112669,0.016000,0.000000,0.000000,0.000000,0.014000,-2.343304,-0.951190,-1.000000,0.359199,-1.000000,0.176725,-0.578869,1.000000,0.864364,0,0.00,candidate,1784221826,1784216400
cand-b960179a-980,BTC,long,4.016120,1.929069,2.538728,0.914127,0.102658,0.430000,0.820033,0.001549,0.898084,0.000000,-0.330581,3.370662,0.034538,-0.333333,0.325961,0.000000,0.000000,1.000000,0.000000,0.000000,0.984215,0.108534,0.328000,0.022321,0.000000,0.250000,0.029980,-2.390120,-0.540974,-0.841039,0.000000,0.272011,0.337324,1.418007,1.000000,0.980950,0.992464,0.940563,1.000000,0.125144,0.075171,0.908535,0.226005,-0.454140,0.006000,0.000000,0.000000,0.714000,0.018000,1.346013,-1.290994,1.000000,0.359122,1.000000,-0.002713,0.947913,1.000000,0.882345,0,0.00,candidate,1784222130,1784210700
cand-b960179a-982,BTC,long,0.322485,2.936783,2.339740,1.039182,0.103221,0.433333,1.214744,0.001549,0.873069,0.000000,0.061120,2.452418,0.034088,-0.333333,0.320668,0.000000,0.000000,1.000000,0.000000,0.000000,0.940631,0.069577,0.392000,0.022321,0.000000,0.250000,0.025754,-1.822716,-0.559193,-0.829038,0.000000,0.104568,0.604713,0.991657,1.000000,0.890899,0.951135,0.000000,0.000000,0.131759,0.081855,0.911733,0.216414,-0.347859,0.006000,0.000000,0.000000,0.398000,0.021000,1.346013,-1.290994,1.000000,0.192447,0.000000,-0.313116,0.139625,1.000000,0.882299,0,0.00,candidate,1784222130,1784211000
cand-b960179a-983,BTC,long,0.717534,2.917647,2.495823,0.969414,0.103515,0.440000,0.650150,0.001548,0.913329,0.000000,-0.222681,1.366389,0.033502,-0.333333,0.320668,0.000000,0.000000,1.000000,0.000000,0.000000,0.920135,0.047832,0.392000,0.022321,0.000000,0.250000,0.025754,-1.859856,-0.573576,-0.819152,0.000000,-0.066505,0.633777,1.878517,1.000000,0.946198,0.975921,0.000000,0.000000,0.146511,0.096776,0.914511,0.208080,-0.075753,0.014000,0.000000,0.000000,0.240000,0.018000,1.346013,-1.290994,1.000000,0.533261,0.000000,0.102705,0.394239,1.000000,0.882299,0,0.00,candidate,1784222130,1784211300
cand-b960179a-987,ETH,long,0.425750,0.809913,0.521503,-0.132214,0.161784,0.503333,0.611622,0.015894,0.786310,0.000000,-0.012126,-0.484436,0.028286,-0.333333,0.433470,0.000000,0.000000,1.000000,0.000000,0.000000,0.749820,-0.106595,0.392000,0.022702,0.000000,0.250000,0.024349,-1.517237,-0.632705,-0.774393,0.000000,0.927389,0.644910,1.000737,1.000000,0.827189,0.920551,0.677348,0.000000,-0.018547,0.000000,0.926842,0.171086,-0.272765,0.004000,0.000000,0.000000,0.000000,0.000000,-0.147237,-1.163160,0.473001,0.345246,0.000000,0.171647,0.243902,1.000000,0.745993,0,0.00,candidate,1784222130,1784212200
cand-b960179a-988,BTC,long,-0.995236,0.486350,1.660121,1.065438,0.106389,0.453333,0.715992,0.001547,0.906695,0.000000,0.013739,0.029607,0.026651,-0.333333,0.320668,0.000000,0.000000,1.000000,0.000000,0.000000,0.736298,-0.116442,0.392000,0.022702,0.000000,0.250000,0.024349,-1.517237,-0.646124,-0.763232,0.000000,0.574541,-0.074156,1.607212,1.000000,0.817593,0.904114,0.000000,0.000000,0.159307,0.100674,0.929273,0.163793,-0.410814,0.027000,0.000000,0.000000,0.000000,0.018000,-0.147237,-1.163160,0.473001,0.286970,0.000000,-0.172890,-0.421442,1.000000,0.882422,0,0.00,candidate,1784222130,1784212500
cand-b960179a-996,BTC,long,2.006250,0.649789,0.246569,0.830416,0.112158,0.476667,0.683672,0.001546,0.873243,0.000000,-0.590520,0.100555,0.017397,-0.333333,0.323114,0.000000,0.000000,1.000000,0.000000,0.000000,0.926930,0.067078,0.384000,0.022694,0.000000,0.250000,-0.008393,-1.334624,-0.782608,-0.622515,0.000000,-0.354235,0.014885,0.916362,1.000000,0.802785,0.896306,0.000000,0.000000,0.154673,0.082717,0.960495,0.070127,-0.378421,0.035000,0.000000,0.000000,0.128000,0.016000,-2.645481,-1.000000,1.000000,0.366857,0.000000,-0.004044,0.745893,1.000000,0.882118,0,0.00,candidate,1784222130,1784215200
cand-b960179a-997,ETH,long,2.736153,0.951254,0.311800,0.336760,0.174040,0.556667,0.362669,0.095424,0.773739,0.000000,0.533590,3.445125,0.033281,-0.333333,0.437647,0.000000,0.000000,1.000000,0.000000,0.000000,0.921362,0.053961,0.384000,0.022694,0.000000,0.250000,-0.008393,-0.995833,-0.793353,-0.608761,0.000000,0.909211,0.444061,0.733536,1.000000,0.870472,0.937574,0.717410,0.000000,0.003736,0.000000,0.963620,0.060752,-0.106015,0.003000,0.000000,0.000000,0.000000,0.000000,-2.645481,-1.000000,1.000000,0.440427,0.000000,-0.078608,0.710777,1.000000,0.751483,0,0.00,candidate,1784222130,1784215500
cand-b960179a-1001,BTC,long,-0.694669,-0.664951,0.675306,0.918981,0.111907,0.476667,-0.037034,0.001547,0.886275,0.000000,0.248766,-0.798699,0.015436,-0.333333,0.323114,0.000000,0.000000,1.000000,0.000000,0.000000,0.520903,-0.300006,0.384000,0.022461,0.000000,0.250000,0.000035,-0.841084,-0.868199,-0.496217,0.000000,-1.061397,-0.482049,1.135092,1.000000,0.813496,0.899298,0.000000,0.000000,0.162307,0.074845,0.985096,0.996325,-0.021582,0.025000,0.000000,0.000000,0.000000,0.014000,-2.096639,-0.904534,0.048995,0.292088,0.000000,0.230281,-0.520124,1.000000,0.864364,0,0.00,candidate,1784222130,1784217300
cand-b960179a-934,ETH,short,-0.204587,-0.203332,0.342884,2.199021,0.137488,0.380000,0.805056,0.005302,0.835910,0.000000,0.383282,-0.281606,-0.060500,0.333333,0.433620,0.000000,0.000000,1.000000,0.000000,0.000000,0.471917,-0.299834,0.160000,-0.025586,0.000000,0.250000,-0.017956,0.000000,0.469472,-0.882948,0.000000,2.000000,-0.004526,1.450603,0.000000,0.194474,0.808258,0.000000,0.000000,-0.069820,0.000000,0.739566,0.732912,0.418702,0.011000,0.000000,0.000000,0.000000,0.000000,0.000000,0.000000,-0.882295,0.553995,-0.000000,0.085688,-0.199262,-1.000000,0.863482,1,0.00,candidate,1784222430,1784196000
cand-b960179a-936,ETH,short,0.580318,-0.353369,-0.054391,2.077452,0.137927,0.390000,0.548512,0.005305,0.816607,0.000000,-0.012435,-0.420408,-0.061012,0.333333,0.434100,0.000000,0.000000,1.000000,0.000000,0.000000,0.975712,0.198732,0.060000,-0.025586,0.000000,0.250000,0.018352,0.000000,0.442289,-0.896873,0.000000,-0.256544,-0.061308,1.013368,0.000000,0.234611,0.785763,0.000000,0.000000,-0.056198,0.000000,0.744470,0.718203,0.042438,0.021000,0.000000,0.000000,0.000000,0.000000,0.000000,0.000000,-0.882295,0.362031,-0.000000,-0.036668,0.808511,-1.000000,0.745944,1,0.00,candidate,1784222430,1784196600
cand-b960179a-945,ETH,long,-2.148466,-0.514126,-0.551510,-1.503462,0.142590,0.426667,1.061874,0.127787,0.760291,2.132081,3.003709,-0.091525,0.047247,-0.333333,0.434115,0.000000,0.000000,1.000000,0.000000,0.000000,0.991367,0.164113,0.136000,0.023110,0.000000,0.250000,0.008502,0.000000,0.043619,-0.999048,0.000000,0.416871,0.006396,0.461020,0.000000,0.178590,0.434217,0.544555,1.000000,-0.111442,0.000000,0.810665,0.519617,-0.340648,0.007000,0.000000,0.000000,0.262000,0.000000,0.000000,-2.380476,-0.918802,0.133648,-1.000000,0.079211,-0.718555,1.000000,1.000000,0,0.00,candidate,1784222430,1784202300
cand-b960179a-950,ETH,long,-0.044685,-0.989490,-0.610741,-0.258739,0.142853,0.426667,0.436996,0.005325,0.872894,0.000000,0.029203,0.044207,0.045304,-0.333333,0.436132,0.000000,0.000000,1.000000,0.000000,0.000000,0.911746,0.077770,0.172000,0.022508,0.000000,0.250000,0.001147,0.000000,-0.074108,-0.997250,0.000000,0.723872,-0.155646,2.560009,0.000000,0.280980,0.719124,0.987942,0.000000,-0.119466,0.000000,0.829293,0.463733,-0.479046,0.014000,0.000000,0.000000,0.226000,0.000000,0.000000,-2.171241,-0.918802,0.390694,0.000000,0.757933,-0.041801,1.000000,1.000000,0,0.00,candidate,1784222430,1784203800
cand-b960179a-951,ETH,long,0.575590,0.121258,-0.276270,0.218834,0.143193,0.426667,0.534487,0.005319,0.840663,0.000000,-0.243500,-0.219241,0.045693,-0.333333,0.436132,0.000000,0.000000,1.000000,0.000000,0.000000,0.818816,-0.013858,0.172000,0.022508,0.000000,0.250000,0.001147,0.000000,-0.087156,-0.996195,0.000000,-0.620476,0.067839,1.554038,0.000000,0.351339,0.746817,0.986003,0.000000,-0.102890,0.000000,0.831376,0.457482,-0.579459,0.020000,0.000000,0.000000,0.993000,0.000000,0.000000,-2.171241,-0.918802,0.365689,1.000000,0.273609,0.476923,1.000000,1.000000,0,0.00,candidate,1784222430,1784204100
cand-b960179a-978,ETH,long,1.079926,-0.191517,0.981543,-0.115129,0.155149,0.456667,0.304192,0.005307,0.836074,0.000000,-0.612935,-0.198580,0.033772,-0.333333,0.437260,0.000000,0.000000,1.000000,0.000000,0.000000,0.940160,0.065388,0.328000,0.022323,0.000000,0.250000,0.029980,-2.614922,-0.503774,-0.863836,0.000000,0.840976,0.192269,2.010569,1.000000,0.620549,0.835780,0.563231,0.000000,-0.103590,0.000000,0.901851,0.246058,-0.336886,0.004000,0.000000,0.000000,0.000000,0.000000,3.745069,-1.362770,-0.773388,0.503163,0.000000,0.046426,0.618861,1.000000,0.750883,0,0.00,candidate,1784222430,1784210100
cand-b960179a-981,ETH,short,0.342440,-1.549690,-1.222364,-0.087403,0.159305,0.476667,0.702360,0.005301,0.811685,0.000000,-0.285042,1.670453,-0.033314,0.333333,0.433470,0.000000,0.000000,1.000000,0.000000,0.000000,0.940664,0.069606,0.392000,-0.022321,0.000000,0.250000,0.025754,-1.822716,-0.555570,-0.831470,0.000000,0.332105,-0.742533,1.379835,-1.000000,0.811060,0.627036,0.974041,0.000000,-0.040113,0.000000,0.911038,0.218497,0.262307,0.003000,0.000000,0.000000,0.000000,0.000000,1.346013,-1.290994,1.000000,0.199045,-0.000000,0.407405,0.172589,-1.000000,0.882299,1,0.00,candidate,1784222430,1784211000
cand-b960179a-990,BTC,long,-2.081236,-0.316181,1.237180,0.793745,0.106804,0.453333,0.363488,0.001553,0.890349,0.000000,0.605058,0.822820,0.021111,-0.333333,0.320668,0.000000,0.000000,1.000000,0.000000,0.000000,0.968943,0.104105,0.392000,0.022736,0.000000,0.250000,-0.016014,-1.509247,-0.694658,-0.719340,0.000000,-0.548512,-0.174224,1.354785,1.000000,0.689713,0.836562,0.000000,0.000000,0.119214,0.060137,0.939778,0.132278,-0.371328,0.003000,0.000000,0.000000,0.039000,0.016000,-1.083149,-1.105542,-1.000000,0.411979,0.000000,0.004812,-0.810734,1.000000,0.882422,0,0.00,candidate,1784222430,1784213400
cand-b960179a-991,BTC,long,-0.290503,-1.283137,0.681872,0.672043,0.107238,0.453333,1.062477,0.001552,0.896042,0.000000,0.196436,2.095529,0.020303,-0.333333,0.320668,0.000000,0.000000,1.000000,0.000000,0.000000,0.830947,-0.025599,0.392000,0.022736,0.000000,0.250000,-0.016014,-1.704655,-0.713250,-0.700909,0.000000,0.302289,-0.217547,1.459248,1.000000,0.670001,0.826125,0.958482,0.000000,0.113019,0.053888,0.943598,0.120819,0.044305,0.017000,0.000000,0.000000,0.400000,0.015000,-1.083149,-1.105542,-1.000000,0.686626,0.000000,0.736391,-0.104112,1.000000,0.882422,0,0.00,candidate,1784222430,1784213700
cand-b960179a-992,ETH,long,0.523378,-0.543300,0.091950,-0.235130,0.163470,0.506667,0.434330,0.058554,0.760241,0.000000,0.560366,2.194754,0.024176,-0.333333,0.433470,0.000000,0.000000,1.000000,0.000000,0.000000,0.830947,-0.025599,0.392000,0.022736,0.000000,0.250000,-0.016014,-1.704655,-0.713250,-0.700909,0.000000,-0.177292,-0.337054,0.393035,1.000000,0.619816,0.824711,0.972644,0.000000,0.036249,0.000000,0.943598,0.120819,-0.239481,0.007000,0.000000,0.000000,0.588000,0.000000,-1.083149,-1.105542,-1.000000,0.427358,0.000000,0.652915,0.177508,1.000000,0.752085,0,0.00,candidate,1784222430,1784213700
cand-b960179a-999,ETH,long,0.678076,0.649324,-0.239120,0.134166,0.175480,0.573333,0.790690,0.005310,0.764485,0.000000,-0.423681,0.150225,0.034360,-0.333333,0.437647,0.000000,0.000000,1.000000,0.000000,0.000000,0.468833,-0.353634,0.384000,0.022652,0.000000,0.250000,-0.013659,-1.342020,-0.845728,-0.533615,0.000000,0.538932,0.358581,0.545964,1.000000,0.628979,0.820561,0.988674,0.000000,0.042561,0.000000,0.977710,0.018482,-0.092915,0.005000,0.000000,0.000000,0.000000,0.000000,-2.343304,-0.951190,-1.000000,0.597570,0.000000,0.407213,0.327511,1.000000,0.869561,0,0.00,candidate,1784222430,1784216700
cand-b960179a-1002,BTC,long,-1.625808,-1.100304,0.353958,0.844180,0.112126,0.476667,0.598036,0.015503,0.758070,0.000000,0.244183,-0.689852,0.016363,-0.333333,0.323114,0.000000,0.000000,1.000000,0.000000,0.000000,0.867688,0.040424,0.384000,0.023809,0.000000,0.250000,0.001784,-0.803686,-0.882948,-0.469472,0.000000,0.638645,-0.535445,0.161883,1.000000,0.701059,0.838293,0.000000,0.000000,0.126111,0.038282,0.989610,0.982782,-0.148500,0.033000,0.000000,0.000000,0.999000,0.016000,-2.116054,-0.859727,-1.000000,0.317502,0.000000,-0.009072,-0.838549,1.000000,0.864364,0,0.00,candidate,1784222430,1784217600
cand-b960179a-1005,BTC,long,0.083629,-1.208272,0.647775,0.852743,0.111122,0.470000,0.563884,0.001551,0.858811,0.000000,-0.045576,-0.765269,0.016268,-0.333333,0.306755,0.000000,0.000000,1.000000,0.000000,0.000000,0.838392,0.012162,0.136000,0.023809,0.000000,0.250000,-0.018416,-0.956704,-0.894934,-0.446198,0.000000,0.201750,-0.416430,0.746277,1.000000,0.706786,0.841406,0.978524,0.000000,0.127958,0.026577,0.994248,0.968869,-0.240844,0.010000,0.000000,0.000000,0.650000,0.016000,-2.116054,-0.859727,-1.000000,0.144085,0.000000,0.538569,0.060389,1.000000,0.864364,0,0.00,candidate,1784222430,1784217900
cand-b960179a-1011,ETH,long,1.196751,-0.307588,-1.134319,-0.142107,0.151780,0.436667,0.978243,0.069190,0.791823,0.000000,-0.258769,-0.655188,0.041655,-0.333333,0.416276,0.000000,0.000000,1.000000,0.000000,0.000000,0.974788,0.141087,0.136000,0.023695,0.000000,0.250000,-0.013755,-0.691511,-0.923880,-0.382683,0.000000,0.873112,-0.243807,1.033637,0.000000,0.459202,0.737805,0.000000,0.000000,-0.002441,0.000000,1.000000,0.937119,-0.231467,0.005000,0.000000,0.000000,0.610000,0.000000,-1.819494,-0.816497,-1.000000,0.016403,1.000000,-0.079846,0.631481,1.000000,0.734294,0,0.00,candidate,1784222430,1784219100
cand-b960179a-1012,BTC,long,0.481073,-0.035645,-0.831317,0.898025,0.108221,0.456667,1.163582,0.001551,0.884760,0.000000,0.307014,-0.646488,0.020955,-0.333333,0.306755,0.000000,0.000000,1.000000,0.000000,0.000000,0.976771,0.142168,0.136000,0.023695,0.000000,0.250000,-0.006948,-0.710469,-0.933580,-0.358368,0.000000,-0.023522,0.158595,1.018733,0.000000,0.695237,0.835128,0.000000,0.000000,0.124233,0.000000,1.000000,0.923576,-0.204430,0.013000,0.000000,0.000000,0.827000,0.023000,-1.819494,-0.816497,-1.000000,0.368753,0.000000,-0.512278,0.284264,1.000000,0.734294,0,0.00,candidate,1784222430,1784219400
cand-b960179a-1016,ETH,long,0.540133,0.298107,-0.504579,0.197979,0.143035,0.426667,1.170093,0.063880,0.762742,0.000000,-0.169522,-0.860805,0.046891,-0.333333,0.416276,0.000000,0.000000,1.000000,0.000000,0.000000,0.941950,0.100335,0.136000,0.022955,0.000000,0.250000,-0.029417,-0.715971,-0.961262,-0.275637,0.000000,2.000000,0.029018,0.622208,0.000000,0.317494,0.711860,0.000000,0.000000,-0.063697,-0.007232,1.000000,0.881753,-0.146370,0.018000,0.000000,0.000000,0.553000,0.003000,-1.628672,-0.733799,1.000000,0.145670,0.000000,-0.030431,0.430267,1.000000,0.864913,0,0.00,candidate,1784222430,1784220600
cand-b960179a-993,BTC,long,-0.539625,-1.507742,0.666192,0.677488,0.107468,0.453333,1.211386,0.001553,0.902550,0.021266,0.399200,-0.027025,0.018724,-0.333333,0.320668,0.000000,0.000000,1.000000,0.000000,0.000000,0.744822,-0.100646,0.392000,0.022736,0.000000,0.250000,-0.027402,-1.536575,-0.722364,-0.691513,0.000000,1.170908,-0.541186,1.505913,1.000000,0.633324,0.806688,0.000000,0.000000,0.101483,0.042262,0.946030,0.113523,-0.427276,0.046000,0.000000,0.000000,0.006000,0.017000,-1.083149,-1.105542,-1.000000,0.197478,0.000000,0.032462,-0.289698,1.000000,0.745993,0,0.00,candidate,1784224525,1784214000
cand-b960179a-1006,BTC,long,-1.224492,-1.264895,0.570199,0.695035,0.111381,0.470000,1.126401,0.001552,0.884672,0.000000,0.241433,-0.604232,0.016320,-0.333333,0.306755,0.000000,0.000000,1.000000,0.000000,0.000000,0.909781,0.081450,0.136000,0.023809,0.000000,0.250000,-0.018416,-0.956704,-0.896873,-0.442289,0.000000,0.562517,-0.266645,1.099942,1.000000,0.622793,0.795696,0.933002,0.000000,0.100837,0.000000,0.994595,0.967827,-0.047096,0.006000,0.000000,0.000000,0.371000,0.021000,-2.116054,-0.859727,-1.000000,0.734470,-1.000000,0.061968,-0.751066,1.000000,0.734110,0,0.00,candidate,1784224525,1784218200
cand-b960179a-1008,BTC,long,-0.173379,-1.509153,-0.133984,0.653161,0.110929,0.470000,0.748847,0.001554,0.883650,0.800165,1.192763,-1.025316,0.016966,-0.333333,0.306755,0.000000,0.000000,1.000000,0.000000,0.000000,0.867133,0.040043,0.136000,0.023809,0.000000,0.250000,-0.018416,-0.774424,-0.906308,-0.422618,0.000000,-0.455641,-0.360589,1.054464,1.000000,0.610957,0.789246,0.926577,0.000000,0.097009,0.000000,0.998133,0.957212,0.015070,0.016000,0.000000,0.000000,0.000000,0.027000,-2.116054,-0.859727,-1.000000,0.687266,0.000000,-0.143856,-0.219858,1.000000,0.734110,0,0.00,candidate,1784224525,1784218500
cand-b960179a-1010,BTC,long,-0.492094,-1.725946,-0.875826,0.688568,0.108780,0.456667,0.961437,0.001552,0.857123,0.000000,-0.007904,-0.182328,0.018275,-0.333333,0.306755,0.000000,0.000000,1.000000,0.000000,0.000000,0.893601,0.065709,0.136000,0.023695,0.000000,0.250000,-0.013755,-0.905268,-0.915311,-0.402747,0.000000,0.125179,-0.354457,0.685834,0.000000,0.578028,0.771284,0.908690,0.000000,0.086352,0.000000,1.000000,0.947536,-0.156306,0.017000,0.000000,0.000000,0.116000,0.025000,-1.819494,-0.816497,-1.000000,0.527383,0.000000,0.412595,-0.354573,1.000000,0.734294,0,0.00,candidate,1784224525,1784218800
cand-b960179a-1017,BTC,long,0.512694,0.111180,-1.167303,0.955444,0.106555,0.453333,0.138680,0.001552,0.863640,0.000000,-0.036044,-1.032241,0.023997,-0.333333,0.306755,0.000000,0.000000,1.000000,0.000000,0.000000,0.941950,0.100335,0.136000,0.022955,0.000000,0.250000,-0.029417,-0.715971,-0.961262,-0.275637,0.000000,-1.071802,0.104445,0.777310,0.000000,0.552242,0.781022,0.000000,0.000000,0.092130,0.000000,1.000000,0.881753,-0.225461,0.017000,0.000000,0.000000,0.516000,0.017000,-1.628672,-0.733799,1.000000,0.046399,0.000000,-0.154596,0.398641,1.000000,0.864913,0,0.00,candidate,1784224525,1784220600
cand-b960179a-1020,BTC,long,0.041038,-0.404858,-0.951127,1.091261,0.105860,0.453333,1.194531,0.001554,0.928396,0.086000,0.511505,-1.096432,0.025901,-0.333333,0.306755,0.000000,0.000000,1.000000,0.000000,0.000000,0.908288,0.067017,0.136000,0.022955,0.000000,0.250000,-0.029417,-0.513771,-0.968148,-0.250380,0.000000,2.000000,-0.043650,1.960172,0.000000,0.555203,0.782480,0.000000,0.000000,0.092995,0.000000,1.000000,0.870294,0.096118,0.013000,0.000000,0.000000,0.000000,0.017000,-1.628672,-0.733799,1.000000,0.809139,0.000000,-0.913888,0.044025,1.000000,0.864913,0,0.00,candidate,1784224525,1784220900
cand-b960179a-1015,BTC,long,0.945764,-0.297183,-1.298966,1.030997,0.108719,0.456667,1.027859,0.001552,0.818433,0.000000,-0.286021,-0.142621,0.021347,-0.333333,0.306755,0.000000,0.000000,1.000000,0.000000,0.000000,0.952383,0.111701,0.136000,0.024400,0.000000,0.250000,0.008476,-0.858282,-0.955020,-0.296542,0.000000,-0.135723,-0.040501,0.380159,0.000000,0.524964,0.762688,0.962613,0.000000,0.081251,0.000000,1.000000,0.893500,-0.230425,0.015000,0.000000,0.000000,0.289000,0.018000,-1.729253,-0.774597,0.378025,0.169676,0.637765,0.147732,0.457815,1.000000,0.864913,0,0.00,candidate,1784224825,1784220300
cand-b960179a-949,ETH,short,0.377041,0.636505,0.615643,1.386399,0.142452,0.426667,0.496588,0.005322,0.804990,0.000000,0.000801,-0.114393,-0.045712,0.333333,0.434115,0.000000,0.000000,1.000000,0.000000,0.000000,0.922374,0.088200,0.136000,-0.022508,0.000000,0.250000,0.001147,0.000000,-0.047978,-0.998848,0.000000,0.774739,0.043953,0.960806,0.000000,0.195054,0.888118,0.000000,0.000000,-0.118181,0.000000,0.825079,0.476374,0.340474,0.015000,0.000000,0.000000,0.681000,0.000000,0.000000,-2.171241,-0.918802,0.222043,-0.000000,-0.058914,0.380228,-1.000000,0.882462,0,0.00,candidate,1784232613,1784203500
cand-b960179a-953,ETH,short,1.087919,0.719676,0.965257,0.169344,0.143262,0.426667,0.752764,0.005324,0.828447,0.000000,0.038753,0.952417,-0.045835,0.333333,0.436132,0.000000,0.000000,1.000000,0.000000,0.000000,0.933552,0.098206,0.172000,-0.024716,0.000000,0.250000,-0.003593,0.000000,-0.113203,-0.993572,0.000000,1.524225,0.110861,1.232860,0.000000,0.109157,0.962558,0.000000,0.000000,-0.134246,0.000000,0.835634,0.444711,0.180992,0.026000,0.000000,0.000000,0.372000,0.000000,0.000000,-2.000000,-0.937687,0.176752,0.945161,-0.144230,0.537615,-1.000000,1.000000,0,0.00,candidate,1784233525,1784204400
cand-b960179a-954,ETH,short,-1.251199,0.366242,0.082436,0.501500,0.143256,0.426667,0.508655,0.005317,0.844728,0.000000,0.078524,-0.576060,-0.044834,0.333333,0.436132,0.000000,0.000000,1.000000,0.000000,0.000000,0.975238,0.133864,0.172000,-0.024716,0.000000,0.250000,-0.004221,0.000000,-0.134851,-0.990866,0.000000,-0.318541,0.082719,1.540913,0.000000,0.283497,0.902931,0.000000,0.000000,-0.098190,0.000000,0.838759,0.435334,0.305625,0.002000,0.000000,0.000000,0.589000,0.000000,0.000000,-2.000000,-0.937687,0.000115,-0.575085,-0.012281,-0.889182,-1.000000,0.863482,0,0.00,candidate,1784233803,1784204700
cand-b960179a-956,ETH,short,0.720187,0.163716,0.409166,0.645006,0.143220,0.426667,0.266070,0.005322,0.887892,0.000000,-0.171899,0.111956,-0.045058,0.333333,0.436132,0.000000,0.000000,1.000000,0.000000,0.000000,0.979233,0.135766,0.172000,-0.023562,0.000000,0.250000,-0.004221,0.000000,-0.156434,-0.987688,0.000000,-0.242585,0.026976,2.944164,0.000000,0.183135,0.937230,0.000000,0.000000,-0.118930,0.000000,0.842661,0.423629,-0.125082,0.029000,0.000000,0.000000,0.645000,0.000000,0.000000,-1.855921,-0.937687,0.286008,-0.000000,0.038460,0.535912,-1.000000,0.882462,0,0.00,candidate,1784234103,1784205000
cand-b960179a-959,ETH,long,1.095293,-1.354735,-0.874920,-0.789745,0.147883,0.430000,1.309608,0.069412,0.789280,0.000000,-0.343376,1.717554,0.042462,-0.333333,0.436132,0.000000,0.000000,1.000000,0.000000,0.000000,0.992389,0.114917,0.172000,0.023995,0.000000,0.250000,-0.021653,0.000000,-0.224951,-0.974370,0.000000,2.000000,-0.353737,0.704079,0.000000,0.233729,0.666697,0.392772,0.000000,-0.205065,-0.050898,0.853516,0.391064,-0.168163,0.004000,0.000000,0.000000,0.394000,0.000000,0.000000,-1.732051,-0.937687,0.052156,0.000000,-0.025142,0.605578,1.000000,0.882722,0,0.00,candidate,1784235017,1784205900
cand-b960179a-961,ETH,long,0.615138,-0.670023,-0.964997,-0.518125,0.148416,0.436667,1.055413,0.005341,0.856614,0.000000,0.015410,0.804345,0.042735,-0.333333,0.436132,0.000000,0.000000,1.000000,0.000000,0.000000,0.944672,0.069978,0.172000,0.023995,0.000000,0.250000,-0.021653,0.000000,-0.246153,-0.969231,0.000000,-0.033414,-0.157381,2.006095,0.000000,0.303725,0.697419,0.423745,0.000000,-0.186627,-0.032677,0.856988,0.380646,-0.221608,0.007000,0.000000,0.000000,0.366000,0.000000,0.000000,-1.732051,-0.937687,0.286483,0.000000,-0.092902,0.518072,1.000000,0.882722,0,0.00,candidate,1784235317,1784206200
cand-b960179a-966,ETH,long,0.604190,0.840137,-0.508927,-0.533910,0.149256,0.436667,1.299319,0.005333,0.802874,0.000000,-0.279957,0.753173,0.043144,-0.333333,0.437260,0.000000,0.000000,1.000000,0.000000,0.000000,0.922852,0.047803,0.328000,0.023808,0.000000,0.250000,0.002282,0.000000,-0.321439,-0.946930,0.000000,1.565729,0.313000,0.989436,0.000000,0.345068,0.715539,0.442012,0.000000,-0.175753,0.000000,0.869982,0.341667,-0.250584,0.006000,0.000000,0.000000,0.812000,0.000000,0.000000,-1.623688,-0.937687,0.126033,0.000000,-0.042609,0.695473,1.000000,0.882722,0,0.00,candidate,1784236511,1784207400
cand-b960179a-967,ETH,long,0.677240,0.672776,-0.471477,-0.457086,0.149560,0.436667,0.517994,0.058601,0.789101,-0.172680,-0.554796,0.553547,0.042991,-0.333333,0.437260,0.000000,0.000000,1.000000,0.000000,0.000000,0.774144,-0.098232,0.328000,0.023808,0.000000,0.250000,0.002282,0.000000,-0.342020,-0.939693,0.000000,-0.781324,0.241426,0.796658,0.000000,0.422841,0.749572,0.476322,0.000000,-0.155327,0.000000,0.873107,0.332291,-0.183760,0.009000,0.000000,0.000000,0.233000,0.000000,0.000000,-1.623688,-0.937687,0.554227,0.000000,0.000000,0.597484,1.000000,0.882722,0,0.00,candidate,1784236815,1784207700
cand-2a8d7121-1074,ETH,short,0.176366,-1.645389,-0.265983,0.035637,0.150579,0.436667,0.621101,0.116918,0.755035,0.000000,-0.183099,1.242884,-0.040299,0.333333,0.437260,0.000000,0.000000,1.000000,0.000000,0.000000,0.553909,-0.309292,0.328000,-0.023795,0.000000,0.250000,-0.006601,-4.000000,-0.402747,-0.915311,0.000000,0.864689,-0.519771,0.483184,0.000000,0.656160,0.716156,0.938468,0.000000,-0.094299,0.000000,0.883272,0.301795,0.132844,0.006000,0.000000,0.000000,0.376000,0.000000,0.000000,-1.527525,-0.957763,0.087395,0.621951,0.471879,0.100592,-1.000000,0.868632,0,0.00,candidate,1784237881,1784208600
cand-c4ee72e8-1178,ETH,short,0.084288,-1.300772,-1.003344,0.015207,0.151266,0.436667,0.371549,0.005312,0.754390,0.000000,-0.159160,2.100029,-0.039777,0.333333,0.437260,0.000000,0.000000,1.000000,0.000000,0.000000,0.558253,-0.303843,0.328000,-0.023669,0.000000,0.250000,-0.006601,-4.000000,-0.422618,-0.906308,0.000000,0.249809,-0.417732,0.525030,-1.000000,0.646336,0.720370,0.942710,0.000000,-0.096861,0.000000,0.886826,0.291133,0.161998,0.002000,0.000000,0.000000,0.380000,0.000000,4.000000,-1.441153,0.500819,0.400354,-0.000000,0.724902,0.028470,-1.000000,0.750883,0,0.00,candidate,1784239162,1784208900
cand-c4ee72e8-1181,ETH,short,-0.169196,0.578669,-0.458028,0.260762,0.154190,0.456667,0.608099,0.005325,0.820043,0.000000,-0.409448,-0.063527,-0.035170,0.333333,0.437260,0.000000,0.000000,1.000000,0.000000,0.000000,0.860186,-0.012274,0.328000,-0.022323,0.000000,0.250000,-0.020724,-3.510400,-0.480989,-0.876727,0.000000,0.115701,-0.077090,1.566000,0.000000,0.491609,0.786883,0.915800,0.000000,-0.137301,0.000000,0.897684,0.258558,0.234235,0.003000,0.000000,0.000000,0.358000,0.000000,3.745069,-1.362770,-0.773388,0.373795,-0.000000,0.695679,-0.092593,-1.000000,0.750883,0,0.00,candidate,1784239163,1784209800
cand-0631c76b-1178,ETH,short,0.084288,-1.300772,-1.003344,0.015207,0.151266,0.436667,0.371549,0.005312,0.754390,0.000000,-0.159160,2.100029,-0.039777,0.333333,0.437260,0.000000,0.000000,1.000000,0.000000,0.000000,0.558253,-0.303843,0.328000,-0.023669,0.000000,0.250000,-0.006601,-4.000000,-0.422618,-0.906308,0.000000,0.249809,-0.417732,0.525030,-1.000000,0.646336,0.720370,0.942710,0.000000,-0.096861,0.000000,0.886826,0.291133,0.161998,0.002000,0.000000,0.000000,0.380000,0.000000,4.000000,-1.441153,0.500819,0.400354,-0.000000,0.724902,0.028470,-1.000000,0.750883,0,0.00,candidate,1784239184,1784208900
cand-0631c76b-1181,ETH,short,-0.169196,0.578669,-0.458028,0.260762,0.154190,0.456667,0.608099,0.005325,0.820043,0.000000,-0.409448,-0.063527,-0.035170,0.333333,0.437260,0.000000,0.000000,1.000000,0.000000,0.000000,0.860186,-0.012274,0.328000,-0.022323,0.000000,0.250000,-0.020724,-3.510400,-0.480989,-0.876727,0.000000,0.115701,-0.077090,1.566000,0.000000,0.491609,0.786883,0.915800,0.000000,-0.137301,0.000000,0.897684,0.258558,0.234235,0.003000,0.000000,0.000000,0.358000,0.000000,3.745069,-1.362770,-0.773388,0.373795,-0.000000,0.695679,-0.092593,-1.000000,0.750883,0,0.00,candidate,1784239184,1784209800
cand-0631c76b-1186,ETH,short,-0.112577,0.075189,-1.071500,0.124482,0.155774,0.456667,0.370254,0.005304,0.777268,0.000000,0.467527,0.453036,-0.033872,0.333333,0.437260,0.000000,0.000000,1.000000,0.000000,0.000000,0.852035,-0.017812,0.328000,-0.022321,0.000000,0.250000,0.029980,-2.390120,-0.529919,-0.848048,0.000000,0.582239,-0.033591,0.812201,-1.000000,0.634056,0.725639,0.854318,0.000000,-0.100065,0.000000,0.906105,0.233298,0.320786,0.003000,0.000000,0.000000,0.000000,0.000000,1.346013,-1.290994,1.000000,0.548162,-0.000000,0.489423,-0.067327,-1.000000,0.750651,0,0.00,candidate,1784239522,1784210400
cand-0631c76b-1191,ETH,short,1.865088,-0.784012,-0.161359,0.147327,0.160530,0.480000,0.148313,0.005304,0.789089,0.000000,0.186916,0.145844,-0.029528,0.333333,0.433470,0.000000,0.000000,1.000000,0.000000,0.000000,0.836405,-0.029385,0.392000,-0.022399,0.000000,0.250000,0.048843,-1.801286,-0.598325,-0.801254,0.000000,-0.601718,-0.540451,1.039370,-1.000000,0.683948,0.684935,0.813456,0.000000,-0.064603,0.000000,0.919466,0.193212,0.323468,0.003000,0.000000,0.000000,0.000000,0.000000,0.801792,-1.224745,1.000000,0.084999,1.000000,-0.001903,0.861280,-1.000000,0.882299,0,0.00,candidate,1784240729,1784211600
cand-0631c76b-1202,ETH,short,-1.759521,1.028550,1.047634,0.253214,0.168475,0.530000,0.608491,0.005328,0.833053,0.000000,0.251708,0.234659,-0.028748,0.333333,0.437647,0.000000,0.000000,1.000000,0.000000,0.000000,0.956650,0.094563,0.384000,-0.022716,0.000000,0.250000,-0.004811,-1.463738,-0.766044,-0.642788,0.000000,0.359390,0.268786,1.686537,0.000000,0.458525,0.788118,0.000000,0.000000,-0.006437,0.000000,0.956233,0.082912,0.210410,0.009000,0.000000,0.000000,0.180000,0.000000,-3.056078,-1.051315,-1.000000,0.056542,-0.737401,-0.027014,-0.824926,-1.000000,0.882118,1,0.00,candidate,1784244005,1784214900
cand-0631c76b-1210,ETH,long,-1.107076,-1.246029,-0.026291,-0.151045,0.175433,0.573333,0.412683,0.005328,0.789819,0.000000,-0.067274,-0.577478,0.036958,-0.333333,0.437647,0.000000,0.000000,1.000000,0.000000,0.000000,0.868474,0.041215,0.384000,0.023809,0.000000,0.250000,0.001784,-0.803686,-0.884988,-0.465615,0.000000,-0.378007,-0.302201,0.847517,0.000000,0.404318,0.710965,0.489306,0.000000,-0.015118,-0.004899,0.990383,0.980462,-0.151822,0.004000,0.000000,0.000000,0.318000,0.000000,-2.116054,-0.859727,-1.000000,0.267655,0.000000,0.026903,-0.704062,1.000000,0.733925,0,0.00,candidate,1784246732,1784217600
cand-0631c76b-1211,ETH,long,0.377171,-0.971201,0.187072,-0.052650,0.175048,0.563333,0.121894,0.010664,0.765521,0.000000,0.336922,-0.493845,0.037067,-0.333333,0.437647,0.000000,0.000000,1.000000,0.000000,0.000000,0.838710,0.012469,0.384000,0.023809,0.000000,0.250000,0.001784,-0.803686,-0.889017,-0.457874,0.000000,-0.290789,-0.328883,0.600814,0.000000,0.449689,0.733156,0.511643,0.000000,-0.001907,0.000000,0.991772,0.976295,-0.175922,0.003000,0.000000,0.000000,0.829000,0.000000,-2.116054,-0.859727,-1.000000,0.258650,0.000000,0.378981,0.317136,1.000000,0.733925,0,0.00,candidate,1784247033,1784217900
cand-0631c76b-1214,ETH,long,-0.713894,-0.620898,0.312687,-0.150354,0.175322,0.563333,1.012442,0.010661,0.715729,0.000000,-0.215146,-0.742731,0.037633,-0.333333,0.416276,0.000000,0.000000,1.000000,0.000000,0.000000,0.910207,0.081878,0.136000,0.023809,0.000000,0.250000,-0.018416,-0.956704,-0.898794,-0.438371,0.000000,0.890548,-0.345097,0.311744,0.000000,0.363703,0.691075,0.469285,0.000000,-0.026958,-0.016720,0.995289,0.965744,-0.181196,0.004000,0.000000,0.000000,0.698000,0.000000,-2.116054,-0.859727,-1.000000,0.338492,-0.947581,0.231588,-0.518764,1.000000,0.734110,0,0.00,candidate,1784247341,1784218200
cand-0631c76b-1216,ETH,long,0.143529,-0.843645,-0.134807,-0.198529,0.174492,0.563333,0.944073,0.047990,0.781489,0.000000,-0.006441,-0.884261,0.039783,-0.333333,0.416276,0.000000,0.000000,1.000000,0.000000,0.000000,0.866746,0.039659,0.136000,0.023809,0.000000,0.250000,-0.018416,-0.774424,-0.908143,-0.418660,0.000000,-0.068370,-0.410067,0.855586,0.000000,0.380900,0.699500,0.000000,0.000000,-0.034526,-0.024798,0.998828,0.955128,-0.149280,0.006000,0.000000,0.000000,0.911000,0.000000,-2.116054,-0.859727,-1.000000,0.570592,0.000000,-0.178229,0.145015,1.000000,0.734110,0,0.00,candidate,1784247610,1784218500
cand-0631c76b-1220,ETH,short,0.365341,0.191320,0.668069,-0.319653,0.144474,0.430000,1.184561,0.005331,0.776130,0.015648,0.361788,-0.917860,-0.042855,0.333333,0.416276,0.000000,0.000000,1.000000,0.000000,0.000000,0.981591,0.139029,0.136000,-0.024400,0.000000,0.250000,0.008476,-0.986457,-0.951057,-0.309017,0.000000,2.000000,0.201197,0.790509,0.000000,0.267948,0.878586,0.000000,0.000000,-0.095756,-0.011371,1.000000,0.898708,0.146592,0.005000,0.000000,0.000000,0.627000,0.001000,-1.729253,-0.774597,0.378025,0.042445,-0.000000,0.403294,0.253230,-1.000000,0.864732,1,0.00,candidate,1784249119,1784220000
cand-0631c76b-1221,ETH,short,-0.362605,0.114748,0.803534,-0.210585,0.144094,0.430000,0.951247,0.005332,0.811219,0.000000,-0.017575,-0.736947,-0.043065,0.333333,0.416276,0.000000,0.000000,1.000000,0.000000,0.000000,0.952462,0.111779,0.136000,-0.024400,0.000000,0.250000,0.008476,-0.858282,-0.953717,-0.300706,0.000000,0.846827,0.079142,1.333489,0.000000,0.256518,0.891620,0.000000,0.000000,-0.085258,-0.000924,1.000000,0.895583,0.058652,0.009000,0.000000,0.000000,0.879000,0.002000,-1.729253,-0.774597,0.378025,0.165400,-0.500000,-0.120369,-0.322368,-1.000000,0.864913,1,0.00,candidate,1784249119,1784220300
cand-0631c76b-1231,ETH,short,0.944870,0.737356,0.199195,-0.247793,0.142096,0.420000,1.157825,0.042685,0.746939,0.000000,0.175507,-0.798010,-0.051451,0.333333,0.416276,0.000000,0.000000,1.000000,0.000000,0.000000,0.975923,0.133079,0.136000,-0.022955,0.000000,0.250000,0.032656,-0.801571,-0.974370,-0.224951,0.000000,2.000000,0.324280,0.540990,0.000000,0.238015,0.899414,0.000000,0.000000,-0.138570,-0.023191,1.000000,0.857793,0.202711,0.005000,0.000000,0.000000,0.359000,0.001000,-1.628672,-0.733799,1.000000,0.202250,-0.000000,-0.191458,0.468284,-1.000000,0.864913,1,0.00,candidate,1784249119,1784221200
cand-0631c76b-1233,ETH,short,0.616050,0.320472,0.511408,-0.045031,0.141991,0.420000,0.876393,0.026705,0.787911,0.000000,0.117558,-0.682047,-0.052970,0.333333,0.416276,0.000000,0.000000,1.000000,0.000000,0.000000,0.984343,0.140633,0.136000,-0.021435,0.000000,0.250000,0.032656,-0.814143,-0.979045,-0.203642,0.000000,0.994779,0.191172,1.016010,0.000000,0.169050,0.928496,0.000000,0.000000,-0.156194,-0.040658,1.000000,0.847124,0.339041,0.006000,0.000000,0.000000,0.113000,0.001000,-1.600639,-0.693889,-1.000000,0.050536,-0.000000,-0.136921,0.458333,-1.000000,0.864825,1,0.00,candidate,1784249119,1784221500
cand-0631c76b-1285,ETH,short,-0.407149,1.036137,0.470875,-0.050277,0.117954,0.276667,0.688974,0.005337,0.802396,0.000000,-0.276611,0.766603,-0.089130,0.333333,0.415856,0.000000,0.000000,1.000000,0.000000,0.000000,0.833392,0.064494,0.264000,-0.019700,0.000000,0.250000,-0.010950,0.000000,-0.362438,0.932008,0.000000,-0.316686,0.143764,1.021840,-1.000000,0.390858,0.925490,0.000000,0.000000,0.009554,0.000000,1.000000,0.176978,0.181420,0.009000,0.000000,0.000000,0.527000,0.017000,0.000000,0.000000,-1.000000,0.115127,-0.000000,0.396309,-0.288026,-1.000000,0.749778,1,0.00,candidate,1784249119,1784241000
cand-0631c76b-1296,ETH,short,1.792625,1.619347,2.149798,0.761660,0.112503,0.253333,1.261029,0.053829,0.800670,0.000000,-0.355187,2.495343,-0.076239,0.333333,0.418883,0.000000,0.000000,1.000000,0.000000,0.000000,0.823060,0.224468,0.220000,-0.019803,0.000000,0.250000,-0.000855,0.000000,-0.156434,0.987688,0.000000,0.706470,0.225852,1.107495,0.000000,0.014909,0.994989,0.000000,0.000000,-0.118922,-0.051420,1.000000,0.074992,0.244861,0.007000,0.000000,0.000000,0.000000,0.000000,0.000000,0.000000,-1.000000,0.875317,1.000000,-0.004803,0.930693,-1.000000,1.000000,0,0.00,candidate,1784249426,1784243700
cand-0631c76b-1302,ETH,short,-0.170309,-0.042137,1.208481,0.650954,0.104033,0.216667,1.078684,0.005366,0.788833,0.000000,0.381543,0.297448,-0.070108,0.333333,0.418883,0.000000,0.000000,1.000000,0.000000,0.000000,0.934518,0.192182,0.220000,-0.019714,0.000000,0.250000,0.010823,0.000000,-0.039260,0.999229,0.000000,2.000000,0.076286,0.968265,0.000000,0.260606,0.884576,0.000000,0.000000,-0.051482,-0.030130,1.000000,0.018189,0.396944,0.012000,0.000000,0.000000,0.000000,0.000000,0.000000,0.000000,-1.000000,0.411466,-0.000000,-0.416920,-0.092437,-1.000000,1.000000,0,0.00,candidate,1784249426,1784245500
cand-0631c76b-1307,ETH,short,0.214316,0.083120,0.659752,0.772128,0.100226,0.186667,0.536195,0.005368,0.757239,0.000000,-0.349195,0.857296,-0.070039,0.333333,0.420230,0.000000,0.000000,1.000000,0.000000,0.000000,0.519728,-0.214049,0.396000,-0.019386,0.000000,0.270000,-0.012231,0.000000,0.082808,0.996566,0.000000,-0.084625,0.064276,0.617430,0.000000,0.231919,0.897243,0.000000,0.000000,-0.061748,-0.055716,1.000000,0.960189,0.308558,0.001000,0.000000,0.000000,0.245000,0.000000,0.000000,0.000000,-1.000000,0.424863,-0.000000,0.059975,0.081633,-1.000000,1.000000,0,0.00,candidate,1784249426,1784247000
cand-0631c76b-1308,ETH,short,1.368342,0.823429,-0.557026,0.878555,0.100069,0.186667,0.556788,0.064533,0.762220,0.000000,-0.099976,-0.247222,-0.069340,0.333333,0.420230,0.000000,0.000000,1.000000,0.000000,0.000000,0.882166,0.140051,0.396000,-0.019386,0.000000,0.270000,0.009060,0.000000,0.121869,0.992546,0.000000,0.020593,0.118011,0.653613,0.000000,0.192323,0.914742,0.000000,0.000000,-0.072313,-0.066214,1.000000,0.941411,0.263442,0.007000,0.000000,0.000000,0.742000,0.000000,0.000000,0.000000,-1.000000,0.383779,0.812102,0.011655,0.888502,-1.000000,0.867765,0,0.00,candidate,1784249426,1784247600
cand-0631c76b-1225,BTC,short,-0.512694,-0.111180,1.167303,-0.955444,0.106555,0.453333,0.467065,0.001552,0.900837,0.000000,-0.223566,-1.032241,-0.024610,0.333333,0.306755,0.000000,0.000000,1.000000,0.000000,0.000000,0.942016,0.100402,0.136000,-0.022955,0.000000,0.250000,-0.029417,-0.715971,-0.963630,-0.267238,0.000000,0.605744,-0.104445,1.358045,0.000000,0.552242,0.729924,0.773652,1.000000,0.092130,0.000000,1.000000,0.878627,0.051748,0.007000,0.000000,0.000000,0.338000,0.015000,-1.628672,-0.733799,1.000000,0.307966,-0.000000,0.154596,-0.398641,-1.000000,0.864913,1,0.00,candidate,1784249727,1784220600
cand-0631c76b-1305,ETH,short,0.480133,-0.759108,0.658900,0.832420,0.101662,0.206667,0.620820,0.005366,0.809835,0.000000,0.169872,-0.242323,-0.069379,0.333333,0.420230,0.000000,0.000000,1.000000,0.000000,0.000000,0.807006,0.059949,0.396000,-0.017888,0.000000,0.270000,0.002176,0.000000,0.017452,0.999848,0.000000,-0.391593,-0.053327,1.429351,0.000000,0.307475,0.863903,0.000000,0.000000,-0.041815,-0.035254,1.000000,0.989648,0.225324,0.004000,0.000000,0.000000,0.000000,0.000000,0.000000,0.000000,-1.000000,0.198563,-0.000000,-0.280111,0.412844,-1.000000,0.868021,0,0.00,candidate,1784249727,1784246100
cand-0631c76b-1226,BTC,short,-0.041038,0.404858,0.951127,-1.091261,0.105860,0.453333,1.062336,0.001553,0.906125,-0.139101,-0.487602,-1.096432,-0.025374,0.333333,0.306755,0.000000,0.000000,1.000000,0.000000,0.000000,0.908547,0.067275,0.136000,-0.022955,0.000000,0.250000,-0.029417,-0.513771,-0.965926,-0.258819,0.000000,0.639861,0.043650,1.385378,0.000000,0.555203,0.728488,0.994492,1.000000,0.092995,0.000000,1.000000,0.873419,0.012655,0.018000,0.000000,0.000000,0.000000,0.019000,-1.628672,-0.733799,1.000000,0.161225,-0.000000,0.913888,-0.044025,-1.000000,0.864913,1,0.00,candidate,1784250008,1784220900
cand-0631c76b-1294,ETH,short,0.416643,1.756271,1.924248,0.589995,0.114489,0.260000,0.554558,0.026815,0.764656,0.000000,0.026548,2.402415,-0.077892,0.333333,0.418883,0.000000,0.000000,1.000000,0.000000,0.000000,0.732734,0.073651,0.220000,-0.019714,0.000000,0.250000,0.010273,0.000000,-0.207912,0.978148,0.000000,-0.104646,0.281110,0.615599,0.000000,0.043372,0.987312,0.000000,0.000000,-0.088290,-0.035907,1.000000,0.099206,0.179629,0.047000,0.000000,0.000000,0.989000,0.000000,0.000000,0.000000,-1.000000,0.118010,-0.000000,-0.027026,0.402715,-1.000000,1.000000,0,0.00,candidate,1784250008,1784243100
cand-0631c76b-1304,ETH,short,-1.081824,-1.570415,0.575405,0.718906,0.102667,0.206667,0.608097,0.005368,0.764508,-0.008800,-0.333299,0.735590,-0.069575,0.333333,0.418883,0.000000,0.000000,1.000000,0.000000,0.000000,0.934242,0.186611,0.220000,-0.019714,0.000000,0.250000,0.010823,0.000000,-0.021815,0.999762,0.000000,0.944998,-0.190014,0.690879,0.000000,0.344242,0.847702,0.000000,0.000000,-0.025197,-0.018323,1.000000,0.009855,0.305910,0.003000,0.000000,0.000000,0.000000,0.000000,0.000000,0.000000,-1.000000,0.317600,-0.000000,0.130792,-0.584270,-1.000000,1.000000,0,0.00,candidate,1784250008,1784245800
cand-0631c76b-1228,BTC,short,1.577055,1.248421,0.908489,-0.823651,0.106043,0.453333,1.116454,0.001555,0.893900,0.000000,-0.209553,-0.706505,-0.026910,0.333333,0.306755,0.000000,0.000000,1.000000,0.000000,0.000000,0.976016,0.133172,0.136000,-0.022955,0.000000,0.250000,0.032656,-0.801571,-0.971342,-0.237686,0.000000,1.685138,0.256645,1.140865,0.000000,0.423568,0.798900,0.827625,1.000000,-0.076010,0.000000,1.000000,0.864043,0.193354,0.052000,0.000000,0.000000,0.203000,0.019000,-1.628672,-0.733799,1.000000,0.183579,1.000000,-0.000779,0.907407,-1.000000,0.864913,1,0.00,candidate,1784250316,1784221200
cand-0631c76b-1229,ETH,long,-0.944870,-0.737356,-0.199195,0.247793,0.142096,0.420000,0.308042,0.016008,0.765286,0.000000,0.365532,-0.798010,0.049337,-0.333333,0.416276,0.000000,0.000000,1.000000,0.000000,0.000000,0.975997,0.133153,0.136000,0.022955,0.000000,0.250000,0.032656,-0.801571,-0.971342,-0.237686,0.000000,-0.862051,-0.324280,0.700658,0.000000,0.238015,0.677982,0.000000,0.000000,-0.138570,-0.023191,1.000000,0.863001,-0.128050,0.006000,0.000000,0.000000,0.801000,0.003000,-1.628672,-0.733799,1.000000,0.410638,0.000000,0.191458,-0.468284,1.000000,0.864913,0,0.00,candidate,1784250316,1784221200
cand-0631c76b-1230,BTC,long,-1.577055,-1.248421,-0.908489,0.823651,0.106043,0.453333,1.002371,0.001556,0.866707,0.101342,0.541159,-0.706505,0.027052,-0.333333,0.306755,0.000000,0.000000,1.000000,0.000000,0.000000,0.975964,0.133120,0.136000,0.022955,0.000000,0.250000,0.032656,-0.801571,-0.972370,-0.233445,0.000000,2.000000,-0.256645,0.779720,0.000000,0.423568,0.726324,0.000000,0.000000,-0.076010,0.000000,1.000000,0.860918,-0.214533,0.010000,0.000000,0.000000,0.839000,0.021000,-1.628672,-0.733799,1.000000,0.096625,-1.000000,0.000779,-0.907407,1.000000,0.864913,0,0.00,candidate,1784250316,1784221200
cand-0631c76b-1243,ETH,short,0.033198,0.084319,0.667600,0.432980,0.144985,0.430000,1.030630,0.101722,0.802427,0.000000,0.304416,-0.444560,-0.068120,0.333333,0.417791,0.000000,0.000000,1.000000,0.000000,0.000000,0.914748,0.063728,0.088000,-0.021435,0.000000,0.250000,0.005218,-0.829525,-0.999534,-0.030539,0.000000,2.000000,0.129533,1.360635,0.000000,0.283921,0.830644,0.000000,0.000000,-0.099702,-0.062227,1.000000,0.764146,0.214106,0.010000,0.000000,0.000000,0.050000,0.000000,-1.430391,-0.615882,-1.000000,0.267873,-0.000000,-0.581784,0.022901,-1.000000,0.866940,0,0.00,candidate,1784250316,1784223900
cand-0631c76b-1287,ETH,short,0.054969,1.369988,0.860693,0.278048,0.116686,0.266667,0.476824,0.005347,0.792543,0.000000,-0.082768,0.215942,-0.083641,0.333333,0.415856,0.000000,0.000000,1.000000,0.000000,0.000000,0.565210,-0.091640,0.264000,-0.019700,0.000000,0.250000,0.018446,0.000000,-0.296542,0.955020,0.000000,-0.225423,0.171395,0.981072,0.000000,0.195411,0.955991,0.000000,0.000000,-0.029341,0.000000,1.000000,0.143394,0.301987,0.012000,0.000000,0.000000,0.865000,0.000000,0.000000,0.000000,-1.000000,0.340852,-0.000000,0.343923,0.055300,-1.000000,1.000000,0,0.00,candidate,1784250316,1784241900
cand-0631c76b-1288,ETH,short,1.025494,1.187378,1.241234,0.488972,0.116826,0.266667,0.296812,0.005352,0.802091,0.000000,-0.149542,1.194469,-0.082461,0.333333,0.415856,0.000000,0.000000,1.000000,0.000000,0.000000,0.818922,0.132420,0.264000,-0.019700,0.000000,0.250000,0.018446,0.000000,-0.275637,0.961262,0.000000,-0.000677,0.151762,1.094115,0.000000,0.039474,0.990902,0.000000,0.000000,-0.053351,-0.001124,1.000000,0.132977,-0.206104,0.011000,0.000000,0.000000,0.879000,0.000000,0.000000,0.000000,-1.000000,0.028015,-0.000000,0.017195,0.653061,-1.000000,1.000000,0,0.00,candidate,1784250316,1784242200
cand-0631c76b-1289,ETH,short,0.183507,1.006285,1.268254,0.458746,0.116665,0.266667,0.771060,0.005356,0.782097,0.000000,-0.180314,0.892978,-0.081759,0.333333,0.418883,0.000000,0.000000,1.000000,0.000000,0.000000,0.801552,0.119907,0.220000,-0.019714,0.000000,0.250000,-0.021079,0.000000,-0.258819,0.965926,0.000000,0.726508,0.089893,0.796357,0.000000,0.084346,0.978946,0.000000,0.000000,-0.057645,-0.005405,1.000000,0.124227,0.310555,0.020000,0.000000,0.000000,0.818000,0.000000,0.000000,0.000000,-1.000000,0.207310,-0.000000,-0.015727,0.147601,-1.000000,0.868368,0,0.00,candidate,1784250316,1784242500
cand-0631c76b-1293,ETH,short,0.909791,1.558864,1.851307,0.647876,0.115378,0.260000,0.386758,0.016077,0.816972,0.000000,0.002301,0.651028,-0.079412,0.333333,0.418883,0.000000,0.000000,1.000000,0.000000,0.000000,0.858924,0.184586,0.220000,-0.019714,0.000000,0.250000,-0.021079,0.000000,-0.229200,0.973379,0.000000,-0.384302,0.288775,1.354810,0.000000,0.004717,0.998750,0.000000,0.000000,-0.078710,-0.026382,1.000000,0.109643,0.305362,0.022000,0.000000,0.000000,0.971000,0.000000,0.000000,0.000000,-1.000000,0.019666,-0.000000,0.220541,0.511749,-1.000000,1.000000,0,0.00,candidate,1784250316,1784242800
cand-0631c76b-1232,ETH,long,-0.616050,-0.320472,-0.511408,0.045031,0.141991,0.420000,0.118386,0.005338,0.793127,0.000000,0.219585,-0.682047,0.051105,-0.333333,0.416276,0.000000,0.000000,1.000000,0.000000,0.000000,0.984146,0.140437,0.136000,0.021435,0.000000,0.250000,0.032656,-0.814143,-0.976296,-0.216440,0.000000,-1.114886,-0.191172,1.098688,0.000000,0.169050,0.648529,0.949752,0.000000,-0.156194,-0.040658,1.000000,0.853374,-0.130755,0.014000,0.000000,0.000000,0.502000,0.004000,-1.600639,-0.693889,-1.000000,0.512879,0.000000,0.136921,-0.458333,1.000000,0.864825,0,0.00,candidate,1784250616,1784221500
cand-0631c76b-1234,BTC,long,0.762451,-1.294689,-1.126782,0.256648,0.108123,0.456667,0.127052,0.001558,0.870983,0.000000,-0.055216,0.736068,0.032097,-0.333333,0.309367,0.000000,0.000000,1.000000,0.000000,0.000000,0.982525,0.124217,0.088000,0.021435,0.000000,0.250000,-0.022574,-0.822958,-0.986996,-0.160743,0.000000,-0.952742,-0.305352,0.812891,0.000000,0.157653,0.647378,0.979801,0.000000,0.012834,0.000000,1.000000,0.826157,-0.230985,0.007000,0.000000,0.000000,0.074000,0.020000,-1.600639,-0.693889,-1.000000,0.221872,0.000000,0.237471,0.360354,1.000000,0.881466,0,0.00,candidate,1784251202,1784222100
cand-0631c76b-1235,ETH,long,0.669470,-0.861985,-0.690360,-0.340926,0.144619,0.430000,1.016621,0.005342,0.797574,0.000000,-0.442969,3.730241,0.055367,-0.333333,0.417791,0.000000,0.000000,1.000000,0.000000,0.000000,0.982532,0.124224,0.088000,0.021435,0.000000,0.250000,-0.022574,-0.822958,-0.986996,-0.160743,0.000000,1.893014,-0.342895,1.148002,0.000000,0.300658,0.582975,0.974515,0.000000,-0.138407,-0.071069,1.000000,0.825115,-0.288362,0.009000,0.000000,0.000000,0.469000,0.000000,-1.600639,-0.693889,-1.000000,0.178312,0.000000,0.589691,0.169001,1.000000,1.000000,0,0.00,candidate,1784251232,1784222100
cand-0631c76b-1236,ETH,long,-0.243547,-1.043745,-0.825063,-0.623453,0.144795,0.430000,1.138390,0.032030,0.729535,-0.056859,-0.540197,-0.438912,0.057813,-0.333333,0.417791,0.000000,0.000000,1.000000,0.000000,0.000000,0.676871,-0.170658,0.088000,0.021424,0.000000,0.250000,-0.023018,-0.643303,-0.992546,-0.121869,0.000000,0.121769,-0.394392,0.415345,0.000000,0.326360,0.598486,0.900156,0.000000,-0.129152,-0.047086,1.000000,0.807113,-0.178804,0.005000,0.000000,0.000000,0.566000,0.001000,-1.497624,-0.654654,-0.156503,0.211498,0.000000,0.746183,-0.134146,1.000000,0.866940,0,0.00,candidate,1784251806,1784222700
cand-0631c76b-1237,ETH,long,0.584372,-0.424122,-0.809642,-0.510385,0.145342,0.430000,1.080544,0.042713,0.736769,0.000000,-0.280809,-0.234282,0.059930,-0.333333,0.417791,0.000000,0.000000,1.000000,0.000000,0.000000,0.784111,-0.064607,0.088000,0.021424,0.000000,0.250000,0.006377,-0.635980,-0.994522,-0.104528,0.000000,0.101171,-0.166894,0.518813,0.000000,0.373879,0.627126,0.928540,0.000000,-0.112062,-0.030132,1.000000,0.798779,-0.197507,0.014000,0.000000,0.000000,0.277000,0.001000,-1.497624,-0.654654,-0.156503,0.414147,1.000000,-0.295494,0.349345,1.000000,0.866940,0,0.00,candidate,1784252115,1784223000
cand-0631c76b-1238,BTC,short,-0.555870,0.628482,1.307895,0.108559,0.108410,0.456667,0.746463,0.001557,0.898201,0.000000,-0.105018,-0.812833,-0.038588,0.333333,0.309367,0.000000,0.000000,1.000000,0.000000,0.000000,0.784293,-0.064425,0.088000,-0.021424,0.000000,0.250000,0.006377,-0.635980,-0.994969,-0.100188,0.000000,2.000000,0.150993,1.295772,0.000000,0.211610,0.911476,0.883015,1.000000,0.026368,0.000000,1.000000,0.797737,-0.042520,0.026000,0.000000,0.000000,0.585000,0.019000,-1.497624,-0.654654,-0.156503,0.090179,-0.000000,0.153740,-0.578475,-1.000000,0.748407,1,0.00,candidate,1784252115,1784223000
cand-0631c76b-1239,ETH,short,0.103000,0.220690,0.377710,0.513208,0.145162,0.430000,0.521223,0.005345,0.765583,0.000000,-0.058968,-0.761790,-0.062985,0.333333,0.417791,0.000000,0.000000,1.000000,0.000000,0.000000,0.741676,-0.106048,0.088000,-0.021435,0.000000,0.250000,0.006377,-0.804755,-0.996917,-0.078459,0.000000,1.650233,0.109428,0.794930,0.000000,0.365511,0.782294,0.000000,0.000000,-0.115070,-0.033117,1.000000,0.787064,0.154967,0.005000,0.000000,0.000000,0.619000,0.000000,-1.430391,-0.615882,-1.000000,0.228319,-0.000000,0.167606,0.097973,-1.000000,0.866940,1,0.00,candidate,1784252414,1784223300
cand-0631c76b-1240,ETH,long,-0.971149,0.201453,-0.552880,-0.333119,0.145274,0.430000,0.350227,0.005355,0.818672,0.000000,0.382534,-0.706658,0.063920,-0.333333,0.417791,0.000000,0.000000,1.000000,0.000000,0.000000,0.937590,0.086055,0.088000,0.021435,0.000000,0.250000,0.005218,-1.053183,-0.998135,-0.061049,0.000000,0.871450,-0.018710,1.626898,0.000000,0.286611,0.574492,0.876376,0.000000,-0.098734,-0.061267,1.000000,0.777689,-0.393471,0.004000,0.000000,0.000000,0.022000,0.000000,-1.430391,-0.615882,-1.000000,0.322500,0.000000,0.084742,-0.708895,1.000000,0.866940,0,0.00,candidate,1784252714,1784223600
cand-0631c76b-1241,BTC,short,1.115693,0.070380,0.907602,-0.017214,0.108530,0.456667,0.590787,0.001561,0.848494,0.000000,-0.272633,-0.946772,-0.043144,0.333333,0.309367,0.000000,0.000000,1.000000,0.000000,0.000000,0.937590,0.086055,0.088000,-0.021435,0.000000,0.250000,0.005218,-1.053183,-0.998135,-0.061049,0.000000,0.664687,-0.071687,0.739500,0.000000,0.077152,0.967670,0.939160,1.000000,-0.007393,0.000000,1.000000,0.777689,0.370049,0.022000,0.000000,0.000000,0.921000,0.017000,-1.430391,-0.615882,-1.000000,0.357598,-0.000000,-0.061160,0.719184,-1.000000,0.748407,1,0.00,candidate,1784252714,1784223600
cand-0631c76b-1312,ETH,long,-0.951597,-1.947207,-0.908076,-1.402099,0.102581,0.206667,0.587429,0.070117,0.795776,0.000000,-0.173546,4.551484,0.067832,-0.333333,0.420230,0.000000,0.000000,1.000000,0.000000,0.000000,0.975580,0.213256,0.396000,0.019357,0.000000,0.270000,-0.009204,0.000000,0.177944,0.984041,0.000000,1.182434,-0.136920,1.088131,0.000000,0.217514,0.501790,0.924729,0.000000,-0.157555,-0.115394,1.000000,0.913004,-0.353159,0.013000,0.000000,0.000000,0.000000,0.000000,0.000000,0.000000,-1.000000,0.202725,0.000000,0.520431,-0.170293,1.000000,1.000000,0,0.00,candidate,1784252714,1784248500
cand-0631c76b-1242,BTC,short,0.261980,0.488093,1.258761,0.123166,0.108343,0.456667,0.590630,0.001560,0.883807,0.000000,-0.029221,-0.696543,-0.044428,0.333333,0.309367,0.000000,0.000000,1.000000,0.000000,0.000000,0.914686,0.063669,0.088000,-0.021435,0.000000,0.250000,0.005218,-0.829525,-0.999048,-0.043619,0.000000,0.201170,0.029945,1.234220,0.000000,0.057733,0.975720,0.948606,1.000000,-0.013073,0.000000,1.000000,0.770397,0.256219,0.012000,0.000000,0.000000,0.756000,0.016000,-1.430391,-0.615882,-1.000000,0.136019,-0.000000,-0.420940,0.255259,-1.000000,0.866940,1,0.00,candidate,1784253025,1784223900
cand-0631c76b-1244,ETH,long,-0.617986,-0.564339,-0.997177,-0.546672,0.145453,0.430000,1.101151,0.005364,0.759129,0.093119,0.780135,-0.342633,0.069026,-0.333333,0.417791,0.000000,0.000000,1.000000,0.000000,0.000000,0.939595,0.087384,0.088000,0.021508,0.000000,0.250000,-0.030305,-0.883232,-0.999848,-0.017452,0.000000,2.000000,-0.160312,0.759496,0.000000,0.233712,0.542506,0.947631,0.000000,-0.117777,-0.080140,1.000000,0.757596,-0.233300,0.006000,0.000000,0.000000,0.000000,0.000000,-1.192129,-0.577350,1.000000,0.055799,0.000000,0.367254,-0.354565,1.000000,0.866506,0,0.00,candidate,1784253323,1784224200
cand-0631c76b-1245,ETH,long,0.062328,-0.438194,-1.041829,-0.701301,0.145994,0.430000,0.183061,0.005351,0.759952,-0.099601,-0.725582,-0.040513,0.069385,-0.333333,0.417791,0.000000,0.000000,1.000000,0.000000,0.000000,0.826882,-0.023984,0.088000,0.021508,0.000000,0.250000,-0.030305,-0.904651,-1.000000,-0.000000,0.000000,-0.860926,-0.227048,0.717256,0.000000,0.238793,0.545581,0.950669,0.000000,-0.115946,-0.078328,1.000000,0.749262,-0.366424,0.014000,0.000000,0.000000,0.240000,0.000000,-1.192129,-0.577350,1.000000,0.169182,0.000000,0.882226,0.029197,1.000000,1.000000,0,0.00,candidate,1784253627,1784224500
cand-0631c76b-1246,BTC,long,-0.275105,-0.850854,-1.646725,-0.603022,0.108940,0.456667,0.937422,0.001561,0.926265,0.000000,-0.311404,0.304037,0.048575,-0.333333,0.309367,0.000000,0.000000,1.000000,0.000000,0.000000,0.827054,-0.023814,0.088000,0.021508,0.000000,0.250000,-0.030305,-0.904651,-0.999990,0.004363,0.000000,1.528053,-0.156703,2.505503,0.000000,0.101381,0.573332,0.942705,0.000000,-0.031100,0.000000,1.000000,0.746137,-0.726819,0.040000,0.000000,0.000000,0.359000,0.023000,-1.192129,-0.577350,1.000000,0.273227,0.000000,0.685768,-0.171889,1.000000,0.881655,0,0.00,candidate,1784253627,1784224500
cand-0631c76b-1247,ETH,long,0.318210,-0.544362,-0.682852,-0.671191,0.146303,0.430000,0.826694,0.005352,0.844457,0.000000,0.119237,-0.548183,0.069476,-0.333333,0.417791,0.000000,0.000000,1.000000,0.000000,0.000000,0.832553,-0.018253,0.088000,0.021508,0.000000,0.250000,0.003799,-1.116447,-0.999762,0.021815,0.000000,-0.351500,-0.269515,2.272525,0.000000,0.264794,0.561307,0.863310,0.000000,-0.106584,-0.054226,1.000000,0.738845,-0.224732,0.009000,0.000000,0.000000,0.504000,0.000000,-1.192129,-0.577350,1.000000,0.297526,0.000000,-0.126426,0.225389,1.000000,0.866424,0,0.00,candidate,1784253914,1784224800
cand-0631c76b-1248,ETH,long,1.278615,0.022224,-0.138235,-0.829332,0.147143,0.430000,0.842375,0.005341,0.822392,0.000000,-0.259180,-0.664265,0.071161,-0.333333,0.417791,0.000000,0.000000,1.000000,0.000000,0.000000,0.983591,0.125914,0.088000,0.021094,0.000000,0.250000,0.003799,-0.717129,-0.999048,0.043619,0.000000,-0.076967,-0.079461,1.528813,0.000000,0.369994,0.624786,0.926221,0.000000,-0.068791,-0.016664,1.000000,0.728178,-0.312362,0.003000,0.000000,0.000000,0.224000,0.000000,-1.011598,-0.538816,0.532673,0.024066,0.000000,0.002472,0.776549,1.000000,0.866424,0,0.00,candidate,1784254214,1784225100
cand-0631c76b-1249,BTC,short,-1.297206,0.295820,0.497239,0.861702,0.109660,0.463333,0.240945,0.001559,0.862491,0.000000,0.101880,-1.114309,-0.054712,0.333333,0.310094,0.000000,0.000000,1.000000,0.000000,0.000000,0.983635,0.125957,0.568000,-0.021094,0.000000,0.250000,0.003799,-0.717129,-0.998135,0.061049,0.000000,0.946078,-0.008010,0.961809,0.000000,0.213832,0.898634,0.000000,0.000000,0.000933,0.000000,1.000000,0.720594,0.351897,0.008000,0.000000,0.000000,0.000000,0.020000,-1.011598,-0.538816,0.532673,0.115576,-0.000000,-0.005020,-0.845227,-1.000000,0.748079,1,0.00,candidate,1784254214,1784225100
cand-0631c76b-1250,ETH,long,0.315465,0.542203,0.523952,-0.729830,0.147230,0.430000,1.112716,0.005339,0.808294,0.000000,0.111450,-0.493469,0.072108,-0.333333,0.417160,0.000000,0.000000,1.000000,0.000000,0.000000,0.981854,0.123957,0.568000,0.021094,0.000000,0.250000,-0.000372,-0.969858,-0.997859,0.065403,0.000000,0.339174,0.067340,1.277776,0.000000,0.395995,0.640439,0.941734,0.000000,-0.059472,-0.007381,1.000000,0.718510,-0.328257,0.005000,0.000000,0.000000,0.260000,0.000000,-1.011598,-0.538816,0.532673,0.211270,0.000000,-0.342449,0.379310,1.000000,0.866424,0,0.00,candidate,1784254514,1784225400
cand-0631c76b-1251,ETH,long,0.988437,0.958784,0.619280,-0.708170,0.147308,0.430000,0.846803,0.005327,0.810660,0.000000,-0.366517,-0.231234,0.073155,-0.333333,0.417160,0.000000,0.000000,1.000000,0.000000,0.000000,0.938849,0.081737,0.568000,0.021094,0.000000,0.250000,-0.000372,-0.702745,-0.995396,0.095846,0.000000,-0.265913,0.152429,1.282130,0.000000,0.477585,0.689461,0.000000,0.000000,-0.030286,0.000000,1.000000,0.703926,-0.276949,0.010000,0.000000,0.000000,0.233000,0.000000,-1.011598,-0.538816,0.532673,0.061694,0.000000,0.024615,0.840000,1.000000,0.735621,0,0.00,candidate,1784254820,1784225700
cand-0631c76b-1252,BTC,short,-0.516845,-0.567192,-0.060244,0.894361,0.109714,0.463333,0.664352,0.001556,0.856274,0.000000,0.120881,-1.069530,-0.058214,0.333333,0.310094,0.000000,0.000000,1.000000,0.000000,0.000000,0.939557,0.082445,0.568000,-0.021094,0.000000,0.250000,-0.000372,-0.702745,-0.994522,0.104528,0.000000,0.446413,-0.345956,0.853593,0.000000,0.271811,0.871256,0.000000,0.000000,0.017410,0.000000,1.000000,0.699759,0.278604,0.019000,0.000000,0.000000,0.989000,0.020000,-1.011598,-0.538816,0.532673,0.075575,-0.000000,-0.238316,-0.416192,-1.000000,0.748079,1,0.00,candidate,1784254820,1784225700
cand-0631c76b-1253,ETH,long,0.423389,1.381357,0.582543,-0.353903,0.147233,0.430000,0.865085,0.063988,0.807184,0.000000,0.174910,-0.280034,0.075213,-0.333333,0.417160,0.000000,0.000000,1.000000,0.000000,0.000000,0.809216,-0.045465,0.568000,0.020991,0.000000,0.250000,0.011243,-0.471998,-0.992546,0.121869,0.000000,-0.342880,0.324723,1.156771,0.000000,0.512552,0.710427,0.000000,0.000000,-0.017803,0.000000,1.000000,0.691138,-0.189261,0.007000,0.000000,0.000000,0.947000,0.000000,-1.023165,-0.500000,-1.000000,0.009109,0.000000,-0.267412,0.338109,1.000000,0.735621,0,0.00,candidate,1784255121,1784226000
cand-0631c76b-1254,BTC,short,-1.020049,-1.204950,-0.431392,0.613486,0.110019,0.463333,0.666398,0.001558,0.870217,-0.036712,-0.358015,-0.490095,-0.059488,0.333333,0.310094,0.000000,0.000000,1.000000,0.000000,0.000000,0.811452,-0.043229,0.568000,-0.020991,0.000000,0.250000,0.011243,-0.471998,-0.992005,0.126199,0.000000,0.737579,-0.498182,0.983608,0.000000,0.350833,0.834013,0.000000,0.000000,0.039823,0.000000,1.000000,0.688013,0.115820,0.022000,0.000000,0.000000,0.347000,0.018000,-1.023165,-0.500000,-1.000000,0.037589,-0.000000,0.042066,-0.604184,-1.000000,0.748079,1,0.00,candidate,1784255121,1784226000
cand-0631c76b-1255,ETH,long,-0.936731,0.972449,0.380669,-0.615007,0.147370,0.430000,0.629668,0.058724,0.762610,0.144602,0.504354,-0.691767,0.076575,-0.333333,0.417160,0.000000,0.000000,1.000000,0.000000,0.000000,0.934408,0.075939,0.568000,0.020991,0.000000,0.250000,0.011243,-0.941642,-0.989651,0.143493,0.000000,-0.235417,0.212873,0.583922,0.000000,0.435146,0.663980,0.000000,0.000000,-0.045456,0.000000,1.000000,0.679679,-0.234841,0.003000,0.000000,0.000000,0.459000,0.000000,-1.023165,-0.500000,-1.000000,0.049013,-1.000000,0.000792,-0.711538,1.000000,0.735621,0,0.00,candidate,1784255421,1784226300
cand-0631c76b-1256,ETH,long,-0.431107,0.668036,0.089988,-0.745142,0.147273,0.430000,1.016125,0.005343,0.791941,0.000000,0.120466,-0.406046,0.077792,-0.333333,0.417160,0.000000,0.000000,1.000000,0.000000,0.000000,0.920507,0.061836,0.568000,0.020991,0.000000,0.250000,0.026599,-1.157374,-0.986996,0.160743,0.000000,0.931515,0.163136,0.923159,0.000000,0.399582,0.642597,0.000000,0.000000,-0.058187,0.000000,1.000000,0.672383,-0.253718,0.006000,0.000000,0.000000,0.195000,0.000000,-1.023165,-0.500000,-1.000000,0.594619,0.000000,-0.148430,-0.410345,1.000000,0.735621,0,0.00,candidate,1784255728,1784226600
cand-0631c76b-1257,ETH,long,-0.394692,-0.014787,0.005228,-0.760332,0.147433,0.430000,1.093346,0.010691,0.783305,0.000000,0.234023,-0.709600,0.078371,-0.333333,0.417160,0.000000,0.000000,1.000000,0.000000,0.000000,0.915247,0.057271,0.568000,0.020988,0.000000,0.250000,0.026599,-1.493535,-0.984041,0.177944,0.000000,0.077221,-0.069073,0.869874,0.000000,0.367005,0.622986,0.974723,0.000000,-0.069862,-0.002857,1.000000,0.662742,-0.259188,0.002000,0.000000,0.000000,0.544000,0.000000,-1.038690,-0.460566,-1.000000,0.044736,0.000000,0.350180,-0.408240,1.000000,0.735621,0,0.00,candidate,1784256028,1784226900
cand-0631c76b-1258,BTC,short,0.814288,0.255256,0.388130,1.111200,0.110473,0.466667,0.507134,0.001561,0.868476,0.000000,0.001030,-0.772965,-0.062685,0.333333,0.310094,0.000000,0.000000,1.000000,0.000000,0.000000,0.915448,0.057471,0.568000,-0.020988,0.000000,0.250000,0.026599,-1.493535,-0.983255,0.182236,0.000000,-0.159264,0.005340,0.867493,0.000000,0.165278,0.921597,0.000000,0.000000,-0.012885,0.000000,1.000000,0.661700,0.404232,0.011000,0.000000,0.000000,0.261000,0.018000,-1.038690,-0.460566,-1.000000,0.653601,-0.000000,-0.121394,0.651584,-1.000000,0.748079,1,0.00,candidate,1784256028,1784226900
cand-0631c76b-1259,ETH,long,0.188539,-0.066592,0.336221,-0.760997,0.147263,0.430000,0.308486,0.005342,0.879058,0.000000,-0.038710,-0.718911,0.080405,-0.333333,0.417160,0.000000,0.000000,1.000000,0.000000,0.000000,0.925549,0.067429,0.568000,0.020988,0.000000,0.250000,-0.020629,-0.456641,-0.980785,0.195090,0.000000,-0.370078,-0.063286,3.000000,0.000000,0.382546,0.632344,0.983984,0.000000,-0.064291,0.000000,1.000000,0.655449,-0.360425,0.012000,0.000000,0.000000,0.277000,0.000000,-1.038690,-0.460566,-1.000000,0.426339,0.000000,0.505751,0.177083,1.000000,0.735621,0,0.00,candidate,1784256328,1784227200
cand-0631c76b-1260,ETH,long,-0.315286,0.035518,0.713892,-0.390052,0.147123,0.430000,-0.005307,0.005330,0.778741,-0.043785,-0.295627,-0.809324,0.084844,-0.333333,0.417160,0.000000,0.000000,1.000000,0.000000,0.000000,0.987335,0.126968,0.568000,0.021075,0.000000,0.250000,0.008736,0.602692,-0.964787,0.263031,0.000000,-1.156876,0.034734,0.939425,1.000000,0.442319,0.668290,0.000000,0.000000,-0.042890,0.000000,1.000000,0.622864,-0.210507,0.018000,0.000000,0.000000,0.556000,0.000000,-0.986732,-0.420084,-1.000000,0.051699,0.000000,-0.250000,-0.500000,1.000000,0.735621,0,0.00,candidate,1784257213,1784228100
cand-7c76417c-1341,ETH,long,-0.661840,0.218711,0.144199,-0.132045,0.147467,0.430000,0.294261,0.005338,0.795497,0.000000,-0.091925,-0.641641,0.086561,-0.333333,0.417160,0.000000,0.000000,1.000000,0.000000,0.000000,0.900616,0.040261,0.568000,0.022055,0.000000,0.250000,0.012371,-0.482463,-0.952396,0.304864,0.000000,-0.382693,0.176564,1.097337,1.000000,0.411237,0.649608,0.000000,0.000000,-0.054013,0.000000,1.000000,0.600722,-0.160104,0.036000,0.000000,0.000000,0.431000,0.000000,-0.918128,-0.377964,-1.000000,0.428857,-1.000000,0.110244,-0.448780,1.000000,0.735621,0,0.00,candidate,1784257828,1784228700
cand-7c76417c-1342,ETH,long,-0.347541,0.000000,-0.047034,0.015159,0.147430,0.430000,0.169202,0.005340,0.799802,0.000000,-0.078263,-0.845086,0.088266,-0.333333,0.417054,0.000000,0.000000,1.000000,0.000000,0.000000,0.910057,0.049344,0.796000,0.022055,0.000000,0.250000,0.000146,-0.701463,-0.941176,0.337917,0.000000,-0.125059,0.114073,1.074192,1.000000,0.382546,0.632344,0.000000,0.000000,-0.064291,0.000000,1.000000,0.583914,-0.216227,0.009000,0.000000,0.000000,0.153000,0.000000,-0.918128,-0.377964,-1.000000,0.283198,0.000000,-0.273573,-0.417391,1.000000,0.735621,0,0.00,candidate,1784258129,1784229000
cand-7c76417c-1343,ETH,long,0.166370,-0.213988,-0.283744,-0.250745,0.147591,0.430000,1.052754,0.005339,0.831894,0.000000,-0.114390,-0.652005,0.088739,-0.333333,0.417054,0.000000,0.000000,1.000000,0.000000,0.000000,0.790788,-0.068826,0.796000,0.022055,0.000000,0.250000,0.000146,-0.214033,-0.939693,0.342020,0.000000,0.883552,-0.016198,1.738373,1.000000,0.396294,0.640619,0.000000,0.000000,-0.059365,0.000000,1.000000,0.581831,-0.384280,0.008000,0.000000,0.000000,0.256000,0.000000,-0.918128,-0.377964,-1.000000,0.289094,0.000000,-0.214170,0.146032,1.000000,0.735621,0,0.00,candidate,1784258431,1784229300
cand-7c76417c-1344,BTC,long,-0.087582,-0.059023,-0.040531,-0.600798,0.112039,0.476667,1.086779,0.001558,0.905068,0.000000,-0.182315,-0.837899,0.077814,-0.333333,0.309491,0.000000,0.000000,1.000000,0.000000,0.000000,0.790906,-0.068708,0.796000,0.022055,0.000000,0.250000,0.000146,-0.214033,-0.938191,0.346117,0.000000,1.221165,-0.077362,1.511351,0.000000,0.260741,0.649792,0.892004,0.000000,0.014266,0.000000,1.000000,0.579747,-0.245601,0.015000,0.000000,0.000000,0.421000,0.017000,-0.918128,-0.377964,-1.000000,0.058932,0.000000,-0.094054,-0.061284,1.000000,0.735621,0,0.00,candidate,1784258431,1784229300
cand-7c76417c-1364,ETH,short,0.613671,0.765534,0.422125,0.084726,0.119981,0.296667,0.454135,0.005337,0.805392,0.000000,0.142055,0.554886,-0.089703,0.333333,0.415856,0.000000,0.000000,1.000000,0.000000,0.000000,0.980207,0.198478,0.264000,-0.019700,0.000000,0.250000,-0.010950,0.000000,-0.374607,0.927184,0.000000,0.529763,0.225550,1.106509,-1.000000,0.306903,0.941466,0.000000,0.000000,-0.000049,0.000000,1.000000,0.183229,0.184098,0.004000,0.000000,0.000000,0.605000,0.025000,0.000000,0.000000,-1.000000,0.337291,-0.000000,0.007150,0.442308,-1.000000,0.749778,1,0.00,candidate,1784258431,1784240700
cand-7c76417c-1345,ETH,long,-0.596082,-0.598403,-0.577153,-0.485506,0.147807,0.430000,0.375997,0.005344,0.799759,0.000000,0.168251,-0.589887,0.090055,-0.333333,0.417054,0.000000,0.000000,1.000000,0.000000,0.000000,0.930708,0.069589,0.796000,0.022044,0.000000,0.250000,-0.008221,-1.045796,-0.930418,0.366501,0.000000,0.256072,-0.138305,0.931760,0.000000,0.346981,0.610921,0.000000,0.000000,-0.077046,0.000000,1.000000,0.570069,-0.181678,0.006000,0.000000,0.000000,0.530000,0.000000,-0.995940,-0.333333,-1.000000,0.014784,-1.000000,-0.028970,-0.649606,1.000000,0.735621,0,0.00,candidate,1784258710,1784229600
cand-7c76417c-1346,BTC,long,-0.532344,-0.503686,-0.483183,-0.967045,0.112099,0.476667,0.504856,0.001559,0.862528,0.000000,0.154557,-1.247864,0.078170,-0.333333,0.309491,0.000000,0.000000,1.000000,0.000000,0.000000,0.931143,0.070025,0.796000,0.022044,0.000000,0.250000,-0.008221,-1.045796,-0.928810,0.370557,0.000000,-0.581923,-0.216652,0.847810,0.000000,0.218764,0.629685,0.872042,0.000000,0.002336,0.000000,1.000000,0.567986,-0.159722,0.033000,0.000000,0.000000,0.000000,0.017000,-0.995940,-0.333333,-1.000000,0.088211,0.000000,-0.107128,-0.560584,1.000000,0.735621,0,0.00,candidate,1784258710,1784229600
cand-7c76417c-1347,BTC,long,1.013560,0.121486,0.175034,-1.118067,0.112496,0.476667,-0.027990,0.001557,0.858220,0.000000,-0.104734,-1.317506,0.079471,-0.333333,0.309491,0.000000,0.000000,1.000000,0.000000,0.000000,0.961039,0.097794,0.796000,0.022044,0.000000,0.250000,-0.008221,-0.595975,-0.922201,0.386711,0.000000,-1.134402,-0.070420,0.816892,0.000000,0.325537,0.706701,0.910173,0.000000,0.025125,0.000000,1.000000,0.559652,-0.082290,0.029000,0.000000,0.000000,0.673000,0.017000,-0.995940,-0.333333,-1.000000,0.353384,0.954427,0.031816,0.620135,1.000000,0.735621,0,0.00,candidate,1784259015,1784229900
cand-7c76417c-1348,ETH,long,0.673992,-0.194063,-0.112281,-0.851098,0.148142,0.430000,0.353178,0.005340,0.775283,0.000000,0.267899,-0.552744,0.092021,-0.333333,0.417054,0.000000,0.000000,1.000000,0.000000,0.000000,0.960989,0.097744,0.796000,0.022044,0.000000,0.250000,-0.008221,-0.595975,-0.922201,0.386711,0.000000,-0.022819,0.033477,0.587429,0.000000,0.448884,0.705591,0.000000,0.000000,-0.057010,0.000000,1.000000,0.558610,-0.264261,0.004000,0.000000,0.000000,0.167000,0.000000,-0.995940,-0.333333,-1.000000,0.123535,0.566667,0.042326,0.448441,1.000000,0.735621,0,0.00,candidate,1784259015,1784229900
cand-7c76417c-1379,ETH,short,0.522824,1.264296,2.249377,1.096793,0.104901,0.220000,0.949588,0.005380,0.908456,0.000000,0.055494,-0.022546,-0.071100,0.333333,0.418883,0.000000,0.000000,1.000000,0.000000,0.000000,0.813746,0.098976,0.220000,-0.019803,0.000000,0.250000,-0.002766,0.000000,-0.082808,0.996566,0.000000,-0.089947,0.265270,3.000000,0.000000,0.122828,0.945499,0.000000,0.000000,-0.093490,-0.068020,1.000000,0.039254,0.078009,0.020000,0.000000,0.000000,0.501000,0.000000,0.000000,0.000000,-1.000000,0.003322,-0.000000,-0.230303,0.309091,-1.000000,0.868021,0,0.00,candidate,1784259015,1784244900
cand-7c76417c-1349,BTC,long,-0.176089,-0.221324,0.208679,-1.073616,0.111407,0.473333,1.051690,0.001558,0.877751,0.000000,-0.001512,-1.313864,0.080035,-0.333333,0.309491,0.000000,0.000000,1.000000,0.000000,0.000000,0.913095,0.050849,0.796000,0.022044,0.000000,0.250000,-0.008221,-0.595975,-0.915311,0.402747,0.000000,0.415057,-0.102936,1.146331,0.000000,0.312365,0.702699,0.903616,0.000000,0.021206,0.000000,1.000000,0.551318,-0.067362,0.016000,0.000000,0.000000,0.492000,0.015000,-0.995940,-0.333333,-1.000000,0.709858,0.000000,-0.098740,-0.219684,1.000000,0.735621,0,0.00,candidate,1784259316,1784230200
cand-7c76417c-1350,ETH,long,0.065299,-0.285676,0.030371,-0.709518,0.147101,0.430000,0.754956,0.016018,0.760924,0.000000,0.143017,-0.834544,0.093845,-0.333333,0.417054,0.000000,0.000000,1.000000,0.000000,0.000000,0.913032,0.050786,0.796000,0.022044,0.000000,0.250000,-0.009642,-0.915581,-0.911762,0.410719,0.000000,0.243375,-0.060397,0.531928,0.000000,0.493675,0.750799,0.000000,0.000000,-0.055083,0.000000,1.000000,0.547145,-0.208197,0.007000,0.000000,0.000000,0.391000,0.000000,-0.995940,-0.333333,-1.000000,0.597443,0.000000,-0.166942,0.081818,1.000000,0.735621,0,0.00,candidate,1784259316,1784230200
cand-7c76417c-1351,BTC,long,-0.070327,-0.051104,0.424259,-1.137440,0.110708,0.466667,1.038298,0.001559,0.874509,0.044837,0.254644,-1.131937,0.080160,-0.333333,0.309491,0.000000,0.000000,1.000000,0.000000,0.000000,0.885896,0.023983,0.796000,0.022007,0.000000,0.250000,-0.009642,-1.353494,-0.906308,0.422618,0.000000,0.664871,0.004269,1.082823,0.000000,0.306363,0.700080,0.901013,0.000000,0.019650,0.000000,1.000000,0.539852,-0.379061,0.038000,0.000000,0.000000,0.071000,0.020000,-0.949826,-0.284747,-1.000000,0.304030,0.000000,0.001516,-0.082645,1.000000,0.735621,0,0.00,candidate,1784259625,1784230500
cand-7c76417c-1352,BTC,long,-0.622575,-0.190928,0.162751,-1.071649,0.110593,0.466667,1.053484,0.001559,0.845364,0.000000,0.073786,-1.171381,0.080312,-0.333333,0.309491,0.000000,0.000000,1.000000,0.000000,0.000000,0.955365,0.091483,0.796000,0.022007,0.000000,0.250000,-0.009642,-1.353494,-0.898794,0.438371,0.000000,0.015185,-0.031503,0.709704,0.000000,0.253301,0.676915,0.877986,0.000000,0.005888,0.000000,1.000000,0.531260,-0.087586,0.031000,0.000000,0.000000,0.066000,0.018000,-0.949826,-0.284747,-1.000000,0.679566,0.000000,0.010922,-0.835227,1.000000,0.735621,0,0.00,candidate,1784259926,1784230800
cand-7c76417c-1353,ETH,long,-0.598277,-0.088432,-0.062531,-0.469008,0.145434,0.430000,0.830682,0.005342,0.791805,0.000000,0.083264,-0.693170,0.094891,-0.333333,0.417054,0.000000,0.000000,1.000000,0.000000,0.000000,0.955519,0.091637,0.796000,0.022007,0.000000,0.250000,0.007272,-2.216013,-0.896873,0.442289,0.000000,0.109058,-0.051722,0.964713,0.000000,0.488595,0.772502,0.000000,0.000000,-0.070613,0.000000,1.000000,0.529176,-0.339115,0.030000,0.000000,0.000000,0.327000,0.000000,-0.949826,-0.284747,-1.000000,0.244484,-1.000000,-0.030108,-0.567944,1.000000,0.735621,0,0.00,candidate,1784259926,1784230800
cand-7c76417c-1354,BTC,long,-0.323987,-0.286902,-0.245132,-1.177592,0.110643,0.466667,1.130557,0.001557,0.809907,0.000000,-0.114938,-1.080861,0.084387,-0.333333,0.309491,0.000000,0.000000,1.000000,0.000000,0.000000,0.957743,0.093320,0.796000,0.022007,0.000000,0.250000,0.007272,-2.133545,-0.880891,0.473320,0.000000,0.032875,-0.113750,0.460193,0.000000,0.225690,0.664848,0.865991,0.000000,-0.001280,0.000000,1.000000,0.513542,-0.202355,0.040000,0.000000,0.000000,0.543000,0.016000,-0.949826,-0.284747,-1.000000,0.125032,0.000000,0.243102,-0.385522,1.000000,0.735621,0,0.00,candidate,1784260228,1784231100
cand-7c76417c-1355,BTC,long,1.262150,0.448818,-0.042070,-0.985985,0.111078,0.470000,0.590789,0.001557,0.861327,0.000000,-0.109252,-1.073802,0.084509,-0.333333,0.309491,0.000000,0.000000,1.000000,0.000000,0.000000,0.992308,0.121213,0.796000,0.022062,0.000000,0.250000,-0.015834,-2.005939,-0.874620,0.484810,0.000000,-0.123622,0.127594,1.004297,0.000000,0.362262,0.746056,0.912879,0.000000,0.026742,0.000000,1.000000,0.508333,-0.177306,0.019000,0.000000,0.000000,0.771000,0.018000,-0.935111,-0.229416,-0.561030,0.004900,1.000000,0.003431,0.941423,1.000000,0.735621,0,0.00,candidate,1784260506,1784231400
cand-7c76417c-1356,BTC,short,0.894262,0.355092,0.437173,0.600459,0.108262,0.456667,1.091009,0.001560,0.952778,0.000000,-0.095459,0.037167,-0.087359,0.333333,0.310097,0.000000,0.000000,1.000000,0.000000,0.000000,0.976013,0.098669,0.636000,-0.022283,0.000000,0.250000,-0.002969,-1.462774,-0.766044,0.642788,0.000000,2.000000,0.056078,3.000000,0.000000,0.271444,0.922011,0.000000,0.000000,-0.149316,-0.019924,1.000000,0.414591,-0.042823,0.080000,0.000000,0.000000,0.000000,0.014000,-0.622406,0.000000,-1.000000,0.340504,-0.000000,-0.000886,0.835580,-1.000000,0.750766,1,0.00,candidate,1784263217,1784234100
cand-7c76417c-1357,BTC,short,-0.098679,0.463283,0.081616,0.604491,0.105878,0.453333,0.261841,0.001560,0.882312,0.000000,0.002114,-0.772168,-0.087425,0.333333,0.310097,0.000000,0.000000,1.000000,0.000000,0.000000,0.956103,0.078683,0.636000,-0.023206,0.000000,0.250000,-0.002102,-1.362313,-0.737277,0.675590,0.000000,-0.829168,0.070464,1.115454,0.000000,0.305465,0.912263,0.000000,0.000000,-0.143409,-0.014066,1.000000,0.395397,0.250230,0.067000,0.000000,0.000000,0.000000,0.015000,-0.590530,0.000000,-1.000000,0.320354,-0.000000,-0.402111,-0.282158,-1.000000,0.748403,1,0.00,candidate,1784263820,1784234700
cand-7c76417c-1358,BTC,short,0.610967,0.421079,0.644429,0.773288,0.104929,0.450000,0.673067,0.001560,0.890213,0.000000,-0.041602,-0.437782,-0.086018,0.333333,0.310097,0.000000,0.000000,1.000000,0.000000,0.000000,0.893845,0.018784,0.636000,-0.022960,0.000000,0.250000,-0.005754,-1.279137,-0.713250,0.700909,0.000000,0.411227,0.013353,1.226663,0.000000,0.231089,0.933583,0.000000,0.000000,-0.156327,-0.040451,1.000000,0.378389,-0.015837,0.047000,0.000000,0.000000,0.064000,0.015000,-0.559155,0.000000,-1.000000,0.225293,1.000000,-0.063639,0.747731,-1.000000,0.867184,1,0.00,candidate,1784264128,1784235000
cand-7c76417c-1359,ETH,long,0.926683,0.789778,0.406008,0.408703,0.133430,0.363333,1.133395,0.079952,0.793771,0.000000,0.070286,-0.996679,0.100000,-0.333333,0.416575,0.000000,0.000000,1.000000,0.000000,0.000000,0.777176,-0.074531,0.476000,0.022866,0.000000,0.250000,-0.003797,-1.117985,-0.632705,0.774393,0.000000,0.294109,0.080428,0.810968,1.000000,0.885487,0.966799,0.000000,0.000000,-0.121871,0.000000,1.000000,0.326690,-0.271764,0.061000,0.000000,0.000000,0.492000,0.000000,-0.528188,0.000000,-1.000000,0.158305,1.000000,0.015391,0.875940,1.000000,0.748604,0,0.00,candidate,1784265616,1784236500
cand-7c76417c-1360,ETH,long,-0.384188,0.716621,0.477773,0.266105,0.133127,0.363333,0.789443,0.005329,0.801750,0.000000,-0.039381,-0.857388,0.100000,-0.333333,0.416575,0.000000,0.000000,1.000000,0.000000,0.000000,0.738035,-0.113635,0.476000,0.022885,0.000000,0.250000,0.005888,-1.082323,-0.615661,0.788011,0.000000,-0.304343,0.072060,0.911948,1.000000,0.826699,0.949729,0.000000,0.000000,-0.132165,0.000000,1.000000,0.315938,-0.346291,0.020000,0.000000,0.000000,0.510000,0.000000,-0.497536,0.000000,-1.000000,0.111905,0.000000,0.092575,-0.688406,1.000000,0.748604,0,0.00,candidate,1784265925,1784236800
cand-7c76417c-1361,ETH,long,-0.088961,0.160887,0.824535,0.580540,0.125704,0.326667,1.168677,0.005320,0.866535,0.000000,-0.310081,-0.141032,0.100000,-0.333333,0.415856,0.000000,0.000000,1.000000,0.000000,0.000000,1.000000,0.000000,0.264000,0.019747,0.000000,0.250000,0.000000,0.000000,-0.484810,0.874620,0.000000,0.000000,-0.007951,1.754290,1.000000,0.768398,0.943018,0.000000,0.000000,-0.118442,0.000000,1.000000,0.241129,-0.481250,0.025000,0.000000,0.000000,0.862000,0.000000,0.000000,0.000000,0.000000,0.031632,0.000000,0.727811,-0.139860,1.000000,0.748972,0,0.00,candidate,1784266228,1784238900
cand-7c76417c-1362,ETH,long,-0.081653,0.149170,0.532849,0.364080,0.123803,0.326667,0.943815,0.005325,0.866142,0.000000,0.026526,-0.871880,0.097644,-0.333333,0.415856,0.000000,0.000000,1.000000,0.000000,0.000000,0.748071,-0.016828,0.264000,0.019671,0.000000,0.250000,0.004481,0.000000,-0.430511,0.902585,0.000000,0.675637,-0.024774,2.012796,1.000000,0.854478,0.972332,0.000000,0.000000,-0.100779,0.000000,1.000000,0.210572,0.031950,0.033000,0.000000,0.000000,0.294000,0.046000,0.000000,0.000000,-1.000000,0.565158,0.000000,0.407955,-0.116959,1.000000,0.749063,0,0.00,candidate,1784266228,1784239800
cand-7c76417c-1401,ETH,long,0.760603,3.212963,0.925136,-0.480103,0.104875,0.220000,1.105852,0.005355,0.814079,0.000000,0.011191,0.519318,0.072310,-0.333333,0.419764,0.000000,0.000000,1.000000,0.000000,0.000000,0.827585,0.020935,0.032000,0.019357,0.000000,0.270000,-0.016798,0.000000,0.300706,0.953717,0.000000,-0.124522,0.552967,1.494029,1.000000,0.651412,0.779878,0.919818,0.000000,0.017901,0.000000,1.000000,0.852683,-0.305135,0.005000,0.000000,0.000000,0.161000,0.004000,0.000000,0.000000,-1.000000,0.525044,0.000000,-0.108268,0.387013,1.000000,0.749608,0,0.00,candidate,1784267109,1784250300
cand-7c76417c-1380,ETH,long,1.590236,-0.818413,-1.274823,-0.755212,0.104084,0.216667,0.972659,0.048385,0.696254,0.000000,0.263098,0.639483,0.070385,-0.333333,0.418883,0.000000,0.000000,1.000000,0.000000,0.000000,0.933643,0.191292,0.220000,0.019714,0.000000,0.250000,-0.002766,0.000000,-0.065403,0.997859,0.000000,2.000000,-0.136879,0.247822,0.000000,0.247273,0.666554,0.970199,0.000000,-0.048748,-0.041033,1.000000,0.029648,-0.257988,0.007000,0.000000,0.000000,0.756000,0.000000,0.000000,0.000000,-1.000000,0.217092,1.000000,0.049765,0.645702,1.000000,1.000000,0,0.00,candidate,1784267410,1784245200
cand-7c76417c-1383,ETH,long,0.170309,0.042137,-1.208481,-0.650954,0.104033,0.216667,0.336900,0.037559,0.766798,0.000000,-0.034201,0.297448,0.069775,-0.333333,0.418883,0.000000,0.000000,1.000000,0.000000,0.000000,0.934777,0.192833,0.220000,0.019714,0.000000,0.250000,0.010823,0.000000,-0.030539,0.999534,0.000000,0.727769,-0.076286,0.695735,0.000000,0.260606,0.672518,0.976110,0.000000,-0.051482,-0.030130,1.000000,0.012980,-0.292335,0.012000,0.000000,0.000000,0.000000,0.000000,0.000000,0.000000,-1.000000,0.186080,0.000000,0.416920,0.092437,1.000000,1.000000,0,0.00,candidate,1784267410,1784245500
cand-7c76417c-1395,ETH,long,1.985643,-0.432077,-0.177394,-0.826632,0.103995,0.216667,0.829192,0.112869,0.774820,0.000000,-0.270990,0.536758,0.069717,-0.333333,0.420230,0.000000,0.000000,1.000000,0.000000,0.000000,0.979214,0.168933,0.396000,0.019357,0.000000,0.270000,-0.009204,0.000000,0.216440,0.976296,0.000000,-0.623124,0.016766,0.821247,0.000000,0.449435,0.651000,0.791478,0.000000,0.020387,0.000000,1.000000,0.895044,-0.400256,0.005000,0.000000,0.000000,0.785000,0.001000,0.000000,0.000000,-1.000000,0.082728,0.000000,-0.001157,0.872727,1.000000,0.880954,0,0.00,candidate,1784267410,1784249100
cand-7c76417c-1397,ETH,long,0.987862,0.508936,-0.201385,-0.648373,0.103812,0.213333,1.517103,0.042952,0.798593,0.000000,-0.348491,0.539328,0.071498,-0.333333,0.420230,0.000000,0.000000,1.000000,0.000000,0.000000,0.890164,0.088277,0.396000,0.019357,0.000000,0.270000,0.017529,0.000000,0.237686,0.971342,0.000000,0.221453,0.085897,1.224997,0.000000,0.503390,0.685524,0.825858,0.000000,0.040866,0.000000,1.000000,0.884627,-0.273746,0.005000,0.000000,0.000000,0.109000,0.001000,0.000000,0.000000,-1.000000,0.870546,0.000000,0.077037,0.711111,1.000000,0.880856,0,0.00,candidate,1784267410,1784249400
cand-7c76417c-1399,ETH,long,0.815247,1.001428,0.169783,-0.450397,0.103962,0.216667,1.142733,0.128773,0.773171,0.000000,-0.202948,-0.054449,0.071817,-0.333333,0.419764,0.000000,0.000000,1.000000,0.000000,0.000000,0.905817,0.100465,0.032000,0.019357,0.000000,0.270000,0.017529,0.000000,0.258819,0.965926,0.000000,0.293752,0.136793,0.879150,0.000000,0.548023,0.714030,0.854245,0.000000,0.057775,0.000000,1.000000,0.874838,-0.372767,0.030000,0.000000,0.000000,0.000000,0.000000,0.000000,0.000000,-1.000000,0.533025,0.000000,0.369056,0.392500,1.000000,0.880735,0,0.00,candidate,1784267410,1784249700
cand-7c76417c-1403,ETH,long,-0.467503,-0.446586,0.041538,-1.124280,0.104553,0.216667,1.322486,0.005376,0.806920,0.000000,0.087613,0.094063,0.069704,-0.333333,0.419764,0.000000,0.000000,1.000000,0.000000,0.000000,0.142230,-0.548720,0.032000,0.020659,0.000000,0.270000,0.008610,0.000000,0.366501,0.930418,0.000000,0.119035,0.093180,1.064487,0.000000,0.443220,0.647019,0.940006,0.000000,-0.061221,-0.005747,1.000000,0.819690,-0.279490,0.047000,0.000000,0.000000,0.996000,0.004000,0.000000,0.000000,-1.000000,0.826267,0.000000,0.532937,-0.258523,1.000000,0.868843,0,0.00,candidate,1784267410,1784251200
cand-7c76417c-1404,ETH,long,1.205068,-0.287746,0.502624,-0.979322,0.104260,0.216667,0.230127,0.005370,0.791186,0.000000,-0.155823,0.018093,0.068504,-0.333333,0.419764,0.000000,0.000000,1.000000,0.000000,0.000000,0.501508,-0.201931,0.032000,0.020659,0.000000,0.270000,0.008610,0.000000,0.382683,0.923880,0.000000,0.060038,0.133166,0.837475,1.000000,0.509322,0.689316,0.829634,0.000000,-0.036032,0.000000,1.000000,0.812396,-0.386510,0.008000,0.000000,0.000000,0.000000,0.002000,0.000000,0.000000,-1.000000,0.366359,1.000000,0.027425,0.610966,1.000000,0.868880,0,0.00,candidate,1784267410,1784251500
cand-7c76417c-1406,ETH,long,1.273272,-1.876856,0.892281,-1.316003,0.107355,0.233333,1.095145,0.005380,0.691193,0.000000,0.141956,0.097608,0.068827,-0.333333,0.419764,0.000000,0.000000,1.000000,0.000000,0.000000,0.921004,0.158493,0.032000,0.019356,0.000000,0.270000,0.005971,0.000000,0.422618,0.906308,0.000000,0.419140,-0.257378,0.192732,0.000000,0.393750,0.617452,0.754499,0.000000,-0.001640,0.000000,1.000000,0.791290,-0.303884,0.012000,0.000000,0.000000,0.606000,0.006000,0.000000,0.000000,-1.000000,0.208113,0.000000,-0.118338,0.524691,1.000000,0.868745,0,0.00,candidate,1784267719,1784252100
cand-7c76417c-1393,ETH,long,2.266570,-0.912600,-0.701997,-1.081511,0.103909,0.216667,1.440361,0.107592,0.717378,0.000000,-0.264684,0.272885,0.069015,-0.333333,0.420230,0.000000,0.000000,1.000000,0.000000,0.000000,0.986430,0.187083,0.396000,0.019357,0.000000,0.270000,-0.009204,0.000000,0.199368,0.979925,0.000000,0.595456,-0.016938,0.346950,0.000000,0.340960,0.581375,0.944823,0.000000,-0.110136,-0.052049,1.000000,0.902336,-0.328047,0.004000,0.000000,0.000000,0.609000,0.000000,0.000000,0.000000,-1.000000,0.420417,1.000000,-0.007968,0.875752,1.000000,0.880903,0,0.00,candidate,1784268021,1784248800
cand-7c76417c-1366,BTC,long,-0.648426,-0.889359,-0.710946,-0.213995,0.087137,0.286667,1.101301,0.001562,0.872302,0.000000,0.171601,3.731898,0.068884,-0.333333,0.310589,0.000000,0.000000,1.000000,0.000000,0.000000,0.718709,0.056717,0.264000,0.019700,0.000000,0.250000,0.032228,0.000000,-0.309017,0.951057,0.000000,1.195346,-0.452754,0.965741,0.000000,0.203036,0.868853,0.813844,1.000000,-0.037749,0.000000,1.000000,0.148603,-0.145267,0.027000,0.000000,0.000000,0.890000,0.000000,0.000000,0.000000,-1.000000,0.589144,0.000000,0.337583,-0.418981,1.000000,0.880756,0,0.00,candidate,1784268321,1784241600
cand-7c76417c-1405,ETH,long,-3.381653,-2.106894,0.263931,-1.533284,0.106664,0.226667,0.309666,0.005387,0.814274,0.472481,1.041403,-0.313332,0.068235,-0.333333,0.419764,0.000000,0.000000,1.000000,0.000000,0.000000,0.918700,0.159735,0.032000,0.019356,0.000000,0.270000,0.005971,0.000000,0.402747,0.915311,0.000000,-0.391510,-0.176350,1.213574,0.000000,0.319774,0.567743,0.708568,0.000000,-0.029000,-0.021034,1.000000,0.801708,-0.261212,0.008000,0.000000,0.000000,0.000000,0.005000,0.000000,0.000000,-1.000000,0.089280,-1.000000,0.003360,-0.899598,1.000000,0.738664,0,0.00,candidate,1784268321,1784251800
cand-7c76417c-1423,ETH,long,1.428166,2.023745,0.523011,-0.366127,0.123807,0.326667,1.231588,0.070095,0.753626,0.000000,0.200979,0.275040,0.064646,-0.333333,0.423578,0.000000,0.000000,1.000000,0.000000,0.000000,0.965789,0.014504,0.088000,0.019615,0.000000,0.270000,0.030783,0.000000,0.777146,0.629320,0.000000,1.712514,0.414506,0.484849,0.000000,0.514235,0.754936,0.703859,1.000000,0.077310,0.000000,1.000000,0.573720,-0.293775,0.016000,0.000000,0.000000,0.000000,0.000000,0.000000,0.000000,0.000000,0.594254,0.000000,-0.014656,0.675565,1.000000,0.750285,0,0.00,candidate,1784268321,1784258100
cand-7c76417c-1370,BTC,long,0.049214,-0.427672,-1.061181,-0.728214,0.085811,0.280000,1.106064,0.001565,0.876929,0.000000,0.149231,3.392895,0.065745,-0.333333,0.312675,0.000000,0.000000,1.000000,0.000000,0.000000,0.802116,0.120300,0.220000,0.019714,0.000000,0.250000,-0.021079,0.000000,-0.258819,0.965926,0.000000,0.004763,-0.287565,1.072856,0.000000,0.048707,0.817734,0.978572,1.000000,-0.075427,0.000000,1.000000,0.123186,-0.475736,0.019000,0.000000,0.000000,0.720000,0.000000,0.000000,0.000000,-1.000000,0.239988,0.000000,0.055660,0.083067,1.000000,1.000000,0,0.00,candidate,1784269210,1784242500
cand-7c76417c-1402,BTC,long,1.881889,3.042398,1.618616,-0.424779,0.074201,0.203333,1.145502,0.001564,0.870949,0.000000,0.136559,1.695775,0.043445,-0.333333,0.313553,0.000000,0.000000,1.000000,0.000000,0.000000,0.829656,0.023130,0.032000,0.019357,0.000000,0.270000,0.000000,0.000000,0.304864,0.952396,0.000000,0.450312,0.825376,1.023224,1.000000,0.654381,0.884732,0.965388,1.000000,0.076005,0.000000,1.000000,0.850597,-0.177679,0.027000,0.000000,0.000000,0.506000,0.023000,0.000000,0.000000,-1.000000,0.781710,0.000000,-0.081929,0.615014,1.000000,0.749608,0,0.00,candidate,1784269210,1784250300
cand-7c76417c-1363,BTC,short,1.520244,0.916795,0.530775,0.632088,0.089623,0.293333,0.268164,0.001563,0.913906,0.000000,-0.137232,1.185030,-0.076117,0.333333,0.310589,0.000000,0.000000,1.000000,0.000000,0.000000,0.976229,0.186081,0.264000,-0.019671,0.000000,0.250000,-0.012090,0.000000,-0.390731,0.920505,0.000000,-0.000000,0.162539,1.664026,0.000000,0.017347,0.997501,0.000000,0.000000,-0.210221,-0.061598,1.000000,0.190775,0.049529,0.043000,0.000000,0.000000,0.999000,0.000000,0.000000,0.000000,-1.000000,0.296167,-0.000000,-0.002722,0.947826,-1.000000,0.749778,1,0.00,candidate,1784269519,1784240400
cand-7c76417c-1407,ETH,short,2.457730,2.586721,0.454176,1.711391,0.108897,0.236667,0.293648,0.005397,0.812217,0.000000,-0.667786,0.528132,-0.066909,0.333333,0.419764,0.000000,0.000000,1.000000,0.000000,0.000000,0.961498,0.170728,0.032000,-0.019356,0.000000,0.270000,-0.009232,0.000000,0.446198,0.894934,0.000000,1.460871,0.424906,1.180025,0.000000,0.252557,0.840208,0.000000,0.000000,-0.055244,-0.047179,1.000000,0.778790,0.323742,0.001000,0.000000,0.000000,0.244000,0.006000,0.000000,0.000000,-1.000000,0.356544,-0.000000,0.018094,0.843537,-1.000000,1.000000,1,0.00,candidate,1784269519,1784252400
cand-7c76417c-1421,ETH,short,-0.588995,-1.369694,-0.035518,0.814030,0.122796,0.316667,0.480926,0.048495,0.732940,0.000000,0.383942,-0.848692,-0.064540,0.333333,0.423578,0.000000,0.000000,1.000000,0.000000,0.000000,0.794449,-0.070920,0.088000,-0.018793,0.000000,0.270000,0.030783,0.000000,0.763232,0.646124,0.000000,-0.000000,-0.262925,0.350614,0.000000,0.397509,0.799106,0.923653,0.000000,0.042052,0.000000,1.000000,0.583435,0.393191,0.009000,0.000000,0.000000,0.000000,0.000000,0.000000,0.000000,0.000000,0.179907,-0.000000,-0.024745,-0.614679,-1.000000,0.752731,1,0.00,candidate,1784269519,1784257800
cand-7c76417c-1434,ETH,short,0.646838,-0.150255,0.362327,0.847802,0.127840,0.336667,0.483808,0.021629,0.816333,0.057497,0.336920,-1.214735,-0.075919,0.333333,0.424626,0.000000,0.000000,1.000000,0.000000,0.000000,0.957741,0.042666,0.136000,-0.016803,0.000000,0.270000,0.009060,0.000000,0.963630,0.267238,0.000000,1.138004,-0.137500,1.099435,0.000000,0.258719,0.868972,0.961881,1.000000,-0.000034,0.000000,1.000000,0.377202,0.348646,0.007000,0.000000,0.000000,0.755000,0.000000,0.000000,0.000000,0.000000,0.108161,-0.000000,0.066841,0.741463,-1.000000,0.869445,1,0.00,candidate,1784269519,1784263800
cand-7c76417c-1435,ETH,short,0.114102,-0.474834,0.326732,0.959126,0.127953,0.336667,0.236003,0.064979,0.807921,-0.687031,-0.979097,-1.054060,-0.075281,0.333333,0.424626,0.000000,0.000000,1.000000,0.000000,0.000000,0.958091,0.042943,0.136000,-0.016803,0.000000,0.270000,0.009060,0.000000,0.965926,0.258819,0.000000,0.148991,-0.146675,0.923794,0.000000,0.249110,0.873820,0.966743,1.000000,-0.002954,0.000000,1.000000,0.374076,0.308553,0.013000,0.000000,0.000000,0.000000,0.001000,0.000000,0.000000,0.000000,0.323929,-0.000000,0.237192,0.131707,-1.000000,0.869445,1,0.00,candidate,1784269519,1784264100
cand-7c76417c-1438,ETH,short,-0.311982,0.163436,0.259030,1.215079,0.128429,0.340000,0.648354,0.092128,0.823229,0.000000,-0.239433,-1.188804,-0.074913,0.333333,0.426138,0.000000,0.000000,1.000000,0.000000,0.000000,0.977836,0.057905,0.204000,-0.019120,0.000000,0.270000,-0.005861,0.000000,0.981627,0.190809,0.000000,0.412351,0.070000,1.332451,0.000000,0.191708,0.909054,0.000000,0.000000,-0.024178,0.000000,1.000000,0.341283,0.316929,0.021000,0.000000,0.000000,0.000000,0.000000,0.000000,0.000000,0.000000,0.249135,-1.000000,-0.084475,-0.402174,-1.000000,0.752564,1,0.00,candidate,1784269519,1784265000
cand-7c76417c-1377,ETH,short,2.396805,2.148015,2.379646,0.986317,0.113953,0.260000,0.364927,0.005385,0.810142,0.000000,-0.483427,5.000000,-0.076267,0.333333,0.418883,0.000000,0.000000,1.000000,0.000000,0.000000,0.928719,0.224693,0.220000,-0.019803,0.000000,0.250000,-0.000855,0.000000,-0.152123,0.988362,0.000000,-0.576157,0.327282,1.276573,0.000000,0.047273,0.979003,0.000000,0.000000,-0.197931,-0.104747,1.000000,0.072909,0.196531,0.004000,0.000000,0.000000,0.501000,0.000000,0.000000,0.000000,-1.000000,0.233585,-0.000000,0.006075,0.671958,-1.000000,1.000000,1,0.00,candidate,1784270431,1784244000
cand-7c76417c-1378,ETH,short,0.014525,1.168289,1.971602,0.952506,0.111025,0.250000,0.517040,0.005377,0.802037,0.000000,-0.118732,0.396649,-0.072545,0.333333,0.418883,0.000000,0.000000,1.000000,0.000000,0.000000,0.855525,0.132917,0.220000,-0.019803,0.000000,0.250000,-0.006161,0.000000,-0.108867,0.994056,0.000000,0.386456,0.252736,1.082542,0.000000,0.164040,0.927252,0.000000,0.000000,-0.082473,-0.073791,1.000000,0.051782,0.163976,0.013000,0.000000,0.000000,0.939000,0.000000,0.000000,0.000000,-1.000000,0.071970,-0.000000,0.233245,0.006977,-1.000000,1.000000,1,0.00,candidate,1784270431,1784244600
cand-7c76417c-1389,ETH,short,0.409529,0.793544,0.014002,0.964522,0.099740,0.186667,0.595005,0.053852,0.754833,-0.337864,-0.736448,0.345999,-0.068598,0.333333,0.420230,0.000000,0.000000,1.000000,0.000000,0.000000,0.799969,0.064501,0.396000,-0.019357,0.000000,0.270000,-0.013679,0.000000,0.134851,0.990866,0.000000,0.185371,0.032452,0.569004,0.000000,0.161616,0.928325,0.000000,0.000000,-0.080513,-0.074354,1.000000,0.934880,0.274568,0.006000,0.000000,0.000000,0.835000,0.000000,0.000000,0.000000,-1.000000,0.400978,-0.000000,-0.326462,0.305221,-1.000000,1.000000,1,0.00,candidate,1784270431,1784247900
cand-7c76417c-1371,BTC,short,-0.049214,0.427672,1.061181,0.728214,0.085811,0.280000,0.177290,0.001565,0.860924,-0.038611,-0.326026,3.392895,-0.063921,0.333333,0.312675,0.000000,0.000000,1.000000,0.000000,0.000000,0.805168,0.122131,0.220000,-0.019714,0.000000,0.250000,-0.021079,0.000000,-0.241922,0.970296,0.000000,1.272181,0.287565,0.850826,0.000000,0.048707,0.990668,0.000000,0.000000,-0.075427,0.000000,1.000000,0.115893,0.205943,0.027000,0.000000,0.000000,0.708000,0.005000,0.000000,0.000000,-1.000000,0.205642,-0.000000,-0.055660,-0.083067,-1.000000,1.000000,1,0.00,candidate,1784271616,1784242500
cand-7c76417c-1372,BTC,short,0.622529,1.392014,1.474328,0.954245,0.084691,0.270000,0.288160,0.001565,0.846577,0.000000,-0.141644,1.058854,-0.063819,0.333333,0.312675,0.000000,0.000000,1.000000,0.000000,0.000000,0.856457,0.182845,0.220000,-0.019714,0.000000,0.250000,-0.021079,0.000000,-0.237686,0.971342,0.000000,-0.325480,0.440560,0.692202,0.000000,0.035723,0.992593,0.000000,0.000000,-0.182075,-0.085235,1.000000,0.113810,0.278383,0.023000,0.000000,0.000000,0.990000,0.012000,0.000000,0.000000,-1.000000,0.045548,1.000000,0.189645,0.377380,-1.000000,1.000000,1,0.00,candidate,1784271917,1784242800
cand-7c76417c-1375,BTC,short,-0.080098,1.366107,1.420918,0.857122,0.084007,0.263333,0.263196,0.001565,0.893881,0.000000,-0.024967,-0.127290,-0.060977,0.333333,0.312675,0.000000,0.000000,1.000000,0.000000,0.000000,0.732734,0.073651,0.220000,-0.019714,0.000000,0.250000,0.010273,0.000000,-0.207912,0.978148,0.000000,-0.428068,0.492529,1.405989,0.000000,0.048569,0.990350,0.000000,0.000000,-0.180717,-0.083895,1.000000,0.099206,-0.028802,0.108000,0.000000,0.000000,0.992000,0.009000,0.000000,0.000000,-1.000000,0.416781,-0.000000,0.278623,-0.134375,-1.000000,0.868368,1,0.00,candidate,1784272229,1784243100
cand-7c76417c-1381,BTC,long,1.450145,-0.726840,-1.420769,-1.069984,0.076882,0.210000,1.223388,0.001568,0.864471,0.000000,-0.248928,0.162956,0.056805,-0.333333,0.312675,0.000000,0.000000,1.000000,0.000000,0.000000,0.933723,0.191457,0.220000,0.019714,0.000000,0.250000,-0.002766,0.000000,-0.061049,0.998135,0.000000,1.224987,-0.208656,1.066409,0.000000,0.170052,0.765182,0.867233,1.000000,-0.119753,-0.013586,1.000000,0.028607,-0.217856,0.012000,0.000000,0.000000,0.583000,0.020000,0.000000,0.000000,-1.000000,0.823379,1.000000,0.021382,0.739356,1.000000,1.000000,0,0.00,candidate,1784274320,1784245200
cand-7c76417c-1386,BTC,short,0.431029,-0.287228,0.756650,1.253727,0.076018,0.210000,0.221019,0.001569,0.902846,-0.004245,-0.223573,0.392158,-0.053315,0.333333,0.314004,0.000000,0.000000,1.000000,0.000000,0.000000,0.802847,0.055355,0.396000,-0.017888,0.000000,0.270000,0.002176,0.000000,0.021815,0.999762,0.000000,1.388967,-0.206741,1.720181,0.000000,0.116068,0.969267,0.000000,0.000000,-0.129573,0.000000,1.000000,0.988607,0.277358,0.031000,0.000000,0.000000,0.978000,0.022000,0.000000,0.000000,-1.000000,0.391798,-0.000000,-0.010000,0.300000,-1.000000,1.000000,1,0.00,candidate,1784275504,1784246400
cand-7c76417c-1390,BTC,short,-0.105818,0.178812,0.069027,1.153044,0.074093,0.203333,0.963924,0.001571,0.939801,0.000000,-0.112820,0.428608,-0.053545,0.333333,0.314004,0.000000,0.000000,1.000000,0.000000,0.000000,0.796648,0.061356,0.396000,-0.019357,0.000000,0.270000,-0.013679,0.000000,0.147809,0.989016,0.000000,0.767507,0.193872,2.362718,0.000000,0.117741,0.969163,0.000000,0.000000,0.000402,0.000000,1.000000,0.928630,0.456590,0.077000,0.000000,0.000000,0.417000,0.020000,0.000000,0.000000,-1.000000,0.203394,-0.000000,-0.687296,-0.133508,-1.000000,1.000000,1,0.00,candidate,1784277029,1784247900
cand-7c76417c-1391,BTC,short,2.206167,0.898960,0.430121,1.516563,0.075116,0.206667,0.808462,0.001571,0.857957,0.000000,-0.144749,2.442009,-0.053184,0.333333,0.314004,0.000000,0.000000,1.000000,0.000000,0.000000,0.979334,0.214435,0.396000,-0.019357,0.000000,0.270000,-0.013679,0.000000,0.152123,0.988362,0.000000,-0.064435,0.486656,0.681790,0.000000,0.024229,0.992880,0.000000,0.000000,-0.027916,-0.008599,1.000000,0.926546,0.235140,0.029000,0.000000,0.000000,0.929000,0.019000,0.000000,0.000000,-1.000000,0.246888,1.000000,-0.013017,0.885906,-1.000000,1.000000,1,0.00,candidate,1784277331,1784248200
cand-7c76417c-1394,BTC,short,-2.353575,0.091420,0.309950,1.097071,0.075639,0.206667,0.054507,0.001568,0.870072,0.000000,0.023722,0.331233,-0.049691,0.333333,0.314004,0.000000,0.000000,1.000000,0.000000,0.000000,0.986120,0.187045,0.396000,-0.019357,0.000000,0.270000,-0.009204,0.000000,0.212178,0.977231,0.000000,0.090782,0.232279,1.019190,0.000000,0.280337,0.906153,0.000000,0.000000,-0.131208,0.000000,1.000000,0.897128,0.258243,0.022000,0.000000,0.000000,0.686000,0.015000,0.000000,0.000000,-1.000000,0.041740,-1.000000,-0.022861,-0.848802,-1.000000,1.000000,1,0.00,candidate,1784277911,1784248800
cand-7c76417c-1396,BTC,long,1.428017,0.092236,0.057296,-0.932414,0.074209,0.203333,0.100318,0.001568,0.856946,0.000000,-0.223786,0.833549,0.047640,-0.333333,0.314004,0.000000,0.000000,1.000000,0.000000,0.000000,0.979538,0.169749,0.396000,0.019357,0.000000,0.270000,0.017529,0.000000,0.229200,0.973379,0.000000,0.154825,-0.110065,0.823883,0.000000,0.385913,0.794644,0.875517,1.000000,0.019804,0.000000,1.000000,0.887752,-0.357604,0.028000,0.000000,0.000000,0.573000,0.016000,0.000000,0.000000,-1.000000,0.339961,0.000000,-0.017482,0.867779,1.000000,1.000000,0,0.00,candidate,1784278212,1784249100
cand-7c76417c-1398,BTC,long,0.019174,0.476835,-0.126058,-0.812291,0.073541,0.203333,0.908127,0.001567,0.854347,-0.068679,-0.332197,0.370048,0.047599,-0.333333,0.314004,0.000000,0.000000,1.000000,0.000000,0.000000,0.890164,0.088277,0.396000,0.019357,0.000000,0.270000,0.017529,0.000000,0.237686,0.971342,0.000000,-0.143045,0.129416,0.792383,0.000000,0.387318,0.795117,0.875989,1.000000,0.022624,0.000000,1.000000,0.884627,-0.334405,0.016000,0.000000,0.000000,0.389000,0.023000,0.000000,0.000000,-1.000000,0.138045,0.000000,0.883698,0.014728,1.000000,1.000000,0,0.00,candidate,1784278514,1784249400
cand-7c76417c-1400,BTC,long,0.802661,0.763149,0.411608,-0.700779,0.073178,0.200000,0.882776,0.001567,0.883940,0.000000,-0.110710,0.466132,0.046277,-0.333333,0.313553,0.000000,0.000000,1.000000,0.000000,0.000000,0.906135,0.100859,0.032000,0.019357,0.000000,0.270000,0.017529,0.000000,0.258819,0.965926,0.000000,-0.172163,0.255017,1.225513,0.000000,0.445885,0.814810,0.895635,1.000000,0.034355,0.000000,1.000000,0.873796,-0.301593,0.008000,0.000000,0.000000,0.215000,0.022000,0.000000,0.000000,-1.000000,0.158425,0.000000,0.373736,0.387629,1.000000,0.868673,0,0.00,candidate,1784278822,1784249700
cand-7c76417c-1409,BTC,short,1.849065,2.170720,1.321843,1.663047,0.076816,0.210000,0.413606,0.001576,0.889103,-0.213658,-0.728233,1.959241,-0.035047,0.333333,0.313553,0.000000,0.000000,1.000000,0.000000,0.000000,0.854666,0.074535,0.032000,-0.019349,0.000000,0.270000,-0.016809,0.000000,0.477159,0.878817,0.000000,0.633679,0.453718,1.055959,0.000000,0.072984,0.974528,0.000000,0.000000,-0.049504,-0.024556,1.000000,0.761813,0.248102,0.024000,0.000000,0.000000,0.832000,0.026000,0.000000,0.000000,-1.000000,0.183502,-0.000000,-0.105387,0.612619,-1.000000,0.880916,1,0.00,candidate,1784281532,1784252700
cand-7c76417c-1415,BTC,short,0.148740,0.197126,1.587459,1.506525,0.081423,0.233333,0.072464,0.001574,0.901327,0.000000,-0.227302,0.781721,-0.028510,0.333333,0.317129,0.000000,0.000000,1.000000,0.000000,0.000000,0.986877,0.136729,0.052000,-0.019326,0.000000,0.270000,-0.006477,0.000000,0.573576,0.819152,0.000000,0.701485,0.068533,1.512987,0.000000,0.247232,0.896972,0.000000,0.000000,-0.066677,-0.036018,1.000000,0.707742,0.077651,0.021000,0.000000,0.000000,0.361000,0.021000,0.000000,0.000000,-1.000000,0.072754,-0.000000,0.423437,0.088303,-1.000000,0.881365,1,0.00,candidate,1784281532,1784254500
cand-7c76417c-1446,BTC,short,1.462891,2.347645,1.613893,1.964555,0.087839,0.290000,0.592873,0.001586,0.853310,0.000000,-0.515587,3.313859,-0.050908,0.333333,0.318914,0.000000,0.000000,1.000000,0.000000,0.000000,0.782036,-0.124868,0.204000,-0.019149,0.000000,0.270000,-0.024674,0.000000,0.996195,0.087156,0.000000,0.039735,0.698886,0.730039,0.000000,0.023052,0.990540,0.000000,0.000000,-0.140211,-0.070855,1.000000,0.291516,0.292754,0.017000,0.000000,0.000000,0.999000,0.012000,0.000000,0.000000,0.000000,0.229127,-0.000000,0.053136,0.601481,-1.000000,1.000000,0,0.00,candidate,1784281802,1784266500
cand-7c76417c-1408,ETH,long,-0.356235,-1.699241,-1.103403,-1.673649,0.109007,0.236667,0.614224,0.021614,0.780569,0.000000,-0.497830,0.604492,0.066584,-0.333333,0.419764,0.000000,0.000000,1.000000,0.000000,0.000000,0.854387,0.074225,0.032000,0.019349,0.000000,0.270000,-0.016809,0.000000,0.473320,0.880891,0.000000,0.907873,-0.408441,0.778378,0.000000,0.232102,0.513963,0.963138,0.000000,-0.063034,-0.054926,1.000000,0.763897,-0.359210,0.000000,0.000000,0.000000,0.751000,0.003000,0.000000,0.000000,-1.000000,0.489262,0.000000,0.470598,-0.141454,1.000000,1.000000,0,0.00,candidate,1784281832,1784252700
cand-7c76417c-1410,ETH,long,0.879447,-2.609761,-2.036013,-1.904501,0.111278,0.250000,1.019439,0.064942,0.714057,0.179399,0.694403,0.202029,0.066035,-0.333333,0.424253,0.000000,0.000000,1.000000,0.000000,0.000000,0.946130,0.140231,0.052000,0.019424,0.000000,0.270000,-0.018351,0.000000,0.503774,0.863836,0.000000,0.655831,-0.682726,0.289651,0.000000,0.136932,0.452737,0.902725,0.000000,-0.099356,-0.090969,1.000000,0.746051,-0.316491,0.003000,0.000000,0.000000,0.253000,0.006000,0.000000,0.000000,-1.000000,0.265893,0.000000,0.101965,0.384289,1.000000,0.880861,0,0.00,candidate,1784282412,1784253300
cand-7c76417c-1411,BTC,long,0.706998,-2.015951,-2.075083,-1.821207,0.078369,0.213333,1.143053,0.001574,0.882658,0.000000,-0.168172,0.016179,0.031148,-0.333333,0.317129,0.000000,0.000000,1.000000,0.000000,0.000000,0.922184,0.115361,0.052000,0.019424,0.000000,0.270000,-0.018351,0.000000,0.518773,0.854912,0.000000,1.556660,-0.204310,1.096072,0.000000,0.138128,0.659940,0.948857,1.000000,-0.064085,-0.046895,1.000000,0.738189,-0.292264,0.025000,0.000000,0.000000,0.790000,0.028000,0.000000,0.000000,-1.000000,0.080758,0.000000,0.306084,0.350947,1.000000,0.880893,0,0.00,candidate,1784282714,1784253600
cand-7c76417c-1412,ETH,long,1.307767,-0.745355,-1.947063,-1.862957,0.111905,0.253333,0.918225,0.005399,0.758212,0.000000,-0.253046,-0.087938,0.064210,-0.333333,0.424253,0.000000,0.000000,1.000000,0.000000,0.000000,0.921892,0.115088,0.052000,0.019424,0.000000,0.270000,-0.018351,0.000000,0.522499,0.852640,0.000000,0.330043,-0.386990,0.565044,0.000000,0.215698,0.507500,0.951613,0.000000,-0.069963,-0.061812,1.000000,0.737148,-0.445178,0.010000,0.000000,0.000000,0.151000,0.007000,0.000000,0.000000,-1.000000,0.001835,0.000000,0.199241,0.516129,1.000000,0.880893,0,0.00,candidate,1784282714,1784253600
cand-7c76417c-1413,BTC,long,3.097800,-0.841070,-2.087868,-1.620681,0.082149,0.240000,0.361410,0.001573,0.881240,0.000000,-0.155154,0.546956,0.029541,-0.333333,0.317129,0.000000,0.000000,1.000000,0.000000,0.000000,0.987175,0.136622,0.052000,0.019424,0.000000,0.270000,-0.006477,0.000000,0.555570,0.831470,0.000000,-0.781644,-0.074981,1.096578,0.000000,0.256920,0.690377,0.916985,1.000000,-0.064247,-0.033600,1.000000,0.718397,-0.230039,0.023000,0.000000,0.000000,0.355000,0.025000,0.000000,0.000000,-1.000000,0.203992,0.638626,0.028081,0.721553,1.000000,0.881139,0,0.00,candidate,1784283332,1784254200
cand-7c76417c-1414,ETH,long,3.303760,-0.255165,-1.840757,-1.698131,0.119966,0.296667,-0.056766,0.005400,0.824758,0.000000,-0.386424,2.018235,0.062942,-0.333333,0.424253,0.000000,0.000000,1.000000,0.000000,0.000000,0.987175,0.136622,0.052000,0.019424,0.000000,0.270000,-0.006477,0.000000,0.555570,0.831470,0.000000,-0.499835,-0.169242,1.492736,0.000000,0.277244,0.526379,0.951073,1.000000,-0.070423,-0.061687,1.000000,0.718397,-0.410215,0.009000,0.000000,0.000000,0.366000,0.004000,0.000000,0.000000,-1.000000,0.315283,0.000000,0.071227,0.708897,1.000000,1.000000,0,0.00,candidate,1784283332,1784254200
cand-7c76417c-1416,ETH,long,-0.271781,-0.234810,-1.265273,-1.667061,0.119153,0.293333,0.864516,0.043277,0.771256,0.116087,0.838606,0.263137,0.062021,-0.333333,0.424253,0.000000,0.000000,1.000000,0.000000,0.000000,0.986854,0.136762,0.052000,0.019326,0.000000,0.270000,-0.006477,0.000000,0.577145,0.816642,0.000000,0.238409,-0.039316,0.745888,0.000000,0.270193,0.538282,0.940261,1.000000,-0.076923,-0.068143,1.000000,0.704617,-0.367717,0.008000,0.000000,0.000000,0.318000,0.005000,0.000000,0.000000,-1.000000,0.028961,0.000000,-0.222068,-0.164384,1.000000,1.000000,0,0.00,candidate,1784283633,1784254500
cand-7c76417c-1417,ETH,long,-1.175969,0.238448,-1.483635,-1.625514,0.119433,0.293333,1.238482,0.005408,0.853813,0.000000,0.103473,-0.533149,0.061411,-0.333333,0.424253,0.000000,0.000000,1.000000,0.000000,0.000000,0.989383,0.137072,0.052000,0.019326,0.000000,0.270000,0.018659,0.000000,0.591310,0.806445,0.000000,0.036203,0.076227,2.671806,0.000000,0.206401,0.521956,0.893328,1.000000,-0.105141,-0.096118,1.000000,0.697325,-0.386526,0.016000,0.000000,0.000000,0.672000,0.003000,0.000000,0.000000,-1.000000,0.169644,0.000000,0.090004,-0.567982,1.000000,0.870909,0,0.00,candidate,1784283904,1784254800
cand-7c76417c-1418,ETH,long,0.045305,-0.077670,-1.775996,-1.531506,0.119315,0.293333,1.057192,0.102717,0.717867,0.000000,-0.000907,-0.228254,0.060310,-0.333333,0.424253,0.000000,0.000000,1.000000,0.000000,0.000000,0.975898,0.124127,0.052000,0.019326,0.000000,0.270000,0.018659,0.000000,0.608761,0.793353,0.000000,0.726495,-0.009762,0.400000,0.000000,0.209393,0.523784,0.895135,1.000000,-0.104054,-0.061074,1.000000,0.685866,-0.297250,0.006000,0.000000,0.000000,0.953000,0.004000,0.000000,0.000000,-1.000000,0.471366,0.000000,-0.083644,0.021368,1.000000,0.870847,0,0.00,candidate,1784284212,1784255100
cand-7c76417c-1419,ETH,long,-1.165578,-1.052241,-1.236641,-1.752312,0.119732,0.293333,1.104134,0.059551,0.770427,0.000000,0.019276,-0.493513,0.059579,-0.333333,0.424253,0.000000,0.000000,1.000000,0.000000,0.000000,0.967721,0.116408,0.052000,0.020164,0.000000,0.270000,-0.014078,0.000000,0.625923,0.779884,0.000000,0.426766,-0.124078,0.865782,0.000000,0.134224,0.485589,0.848437,1.000000,-0.132130,-0.088881,1.000000,0.675181,-0.349066,0.007000,0.000000,0.000000,0.000000,0.004000,0.000000,0.000000,-1.000000,0.102186,-1.000000,-0.095345,-0.563319,1.000000,0.870786,0,0.00,candidate,1784284514,1784255400
cand-7c76417c-1444,BTC,short,0.437990,1.793156,0.938469,1.670958,0.087110,0.286667,1.056241,0.001585,0.912805,0.000000,-0.495965,0.477757,-0.050060,0.333333,0.318914,0.000000,0.000000,1.000000,0.000000,0.000000,0.964073,0.031102,0.204000,-0.019179,0.000000,0.270000,0.001780,0.000000,0.994056,0.108867,0.000000,0.983505,0.663949,1.807324,0.000000,0.010568,0.996041,0.000000,0.000000,-0.117725,-0.082064,1.000000,0.301208,0.079237,0.031000,0.000000,0.000000,0.474000,0.027000,0.000000,0.000000,0.000000,0.230406,-0.000000,0.207726,0.402662,-1.000000,1.000000,0,0.00,candidate,1784284815,1784266200
cand-7c76417c-1420,ETH,long,0.221114,-1.349339,-1.134387,-1.629385,0.120078,0.296667,1.158932,0.005420,0.817376,0.000000,-0.018878,0.455001,0.058182,-0.333333,0.424253,0.000000,0.000000,1.000000,0.000000,0.000000,0.953931,0.100615,0.052000,0.020164,0.000000,0.270000,-0.014296,0.000000,0.659346,0.751840,0.000000,-0.061785,-0.236034,1.769038,0.000000,0.117706,0.519439,0.818322,1.000000,-0.145421,-0.101124,1.000000,0.655389,-0.346764,0.003000,0.000000,0.000000,0.000000,0.005000,0.000000,0.000000,-1.000000,0.108428,0.000000,0.133218,0.084922,1.000000,0.881946,0,0.00,candidate,1784285124,1784256000
cand-7c76417c-1443,BTC,short,2.549419,2.029009,0.948097,2.008271,0.087010,0.283333,0.072736,0.001584,0.832613,0.000000,-0.292605,3.234625,-0.050648,0.333333,0.318914,0.000000,0.000000,1.000000,0.000000,0.000000,0.997395,0.054230,0.204000,-0.019179,0.000000,0.270000,0.001780,0.000000,0.993572,0.113203,0.000000,-0.375386,0.658661,0.549730,0.000000,0.035125,0.985174,0.000000,0.000000,-0.110767,-0.075288,1.000000,0.302250,0.332714,0.041000,0.000000,0.000000,0.751000,0.018000,0.000000,0.000000,0.000000,0.000263,-0.000000,-0.027844,0.833135,-1.000000,1.000000,0,0.00,candidate,1784285124,1784265900
cand-7c76417c-1422,BTC,long,1.482557,2.060087,0.565041,-0.512788,0.082143,0.240000,1.269317,0.001571,0.881403,0.000000,-0.155650,-0.237661,0.033542,-0.333333,0.316108,0.000000,0.000000,1.000000,0.000000,0.000000,0.964712,0.013434,0.088000,0.018793,0.000000,0.270000,0.030783,0.000000,0.766044,0.642788,0.000000,0.000000,0.613731,1.335896,0.000000,0.468516,0.810451,0.966629,1.000000,-0.027180,0.000000,1.000000,0.582393,-0.284777,0.023000,0.000000,0.000000,0.000000,0.000000,0.000000,0.000000,0.000000,0.414178,0.000000,0.019557,0.860155,1.000000,0.867909,0,0.00,candidate,1784287221,1784258100
cand-7c76417c-1427,BTC,short,0.142738,0.960245,0.690264,0.816358,0.080563,0.223333,0.626550,0.001576,0.879268,-0.078926,-0.266134,-0.867626,-0.043230,0.333333,0.317610,0.000000,0.000000,1.000000,0.000000,0.000000,0.769024,-0.151681,0.136000,-0.017397,0.000000,0.270000,-0.013761,0.000000,0.900698,0.434445,0.000000,2.000000,0.262446,1.325370,0.000000,0.175106,0.937353,0.984509,1.000000,-0.015261,0.000000,1.000000,0.462835,0.135861,0.025000,0.000000,0.000000,0.391000,0.000000,0.000000,0.000000,0.000000,0.238319,-0.000000,0.421030,0.121008,-1.000000,0.736734,1,0.00,candidate,1784288404,1784261400
cand-7c76417c-1433,BTC,short,0.982344,-0.663055,0.427426,0.973229,0.084660,0.270000,0.316767,0.001576,0.889087,0.000000,-0.121719,-0.524243,-0.048256,0.333333,0.317610,0.000000,0.000000,1.000000,0.000000,0.000000,0.957925,0.042850,0.136000,-0.016803,0.000000,0.270000,-0.003041,0.000000,0.960050,0.279829,0.000000,1.356887,-0.047051,1.149506,0.000000,0.249155,0.899309,0.977388,1.000000,-0.020441,0.000000,1.000000,0.384561,0.160434,0.055000,0.000000,0.000000,0.400000,0.007000,0.000000,0.000000,0.000000,0.278684,-0.000000,-0.000004,0.998113,-1.000000,0.869445,1,0.00,candidate,1784288404,1784263800
cand-7c76417c-1441,BTC,short,0.775070,1.081311,0.299537,1.505253,0.085349,0.276667,0.448122,0.001581,0.848842,0.000000,-0.027545,-0.409719,-0.049659,0.333333,0.318914,0.000000,0.000000,1.000000,0.000000,0.000000,0.985924,0.060728,0.204000,-0.019179,0.000000,0.270000,0.001780,0.000000,0.990268,0.139173,0.000000,0.077769,0.296197,0.725654,0.000000,0.071176,0.974520,0.000000,0.000000,-0.065750,0.000000,1.000000,0.314838,0.125489,0.034000,0.000000,0.000000,0.941000,0.027000,0.000000,0.000000,0.000000,0.372715,-0.000000,-0.001684,0.956621,-1.000000,0.752319,0,0.00,candidate,1784288404,1784265600
cand-7c76417c-1424,ETH,long,-0.640232,0.154056,1.076357,-0.513660,0.122936,0.316667,1.084593,0.048592,0.819556,0.163606,0.481252,-0.721509,0.061206,-0.333333,0.423578,0.000000,0.000000,1.000000,0.000000,0.000000,0.965870,0.032909,0.088000,0.019725,0.000000,0.270000,-0.001155,0.000000,0.831470,0.555570,0.000000,-0.146994,-0.003145,1.319066,1.000000,0.428114,0.711113,0.659969,1.000000,0.051308,0.000000,1.000000,0.529425,-0.283375,0.018000,0.000000,0.000000,0.579000,0.000000,0.000000,0.000000,0.000000,0.237835,0.000000,0.138213,-0.623932,1.000000,0.736967,0,0.00,candidate,1784288713,1784259600
cand-7c76417c-1425,ETH,long,0.183809,-0.663894,1.105392,-0.775564,0.123363,0.323333,0.432353,0.005401,0.814089,0.000000,-0.090409,-0.734401,0.063371,-0.333333,0.423578,0.000000,0.000000,1.000000,0.000000,0.000000,0.983774,0.037850,0.088000,0.019682,0.000000,0.270000,0.001742,0.000000,0.854912,0.518773,0.000000,-0.476385,-0.168096,1.202681,1.000000,0.364413,0.678624,0.952225,1.000000,0.032032,0.000000,1.000000,0.510335,-0.178186,0.021000,0.000000,0.000000,0.133000,0.000000,0.000000,0.000000,0.000000,0.436292,0.000000,0.073668,0.126506,1.000000,0.736734,0,0.00,candidate,1784289316,1784260200
cand-7c76417c-1426,ETH,long,-0.245592,-0.958414,0.560328,-0.755380,0.123110,0.320000,0.421401,0.043267,0.806573,0.159344,0.479210,-1.000469,0.064780,-0.333333,0.423578,0.000000,0.000000,1.000000,0.000000,0.000000,0.903282,-0.033901,0.088000,0.019682,0.000000,0.270000,-0.016248,0.000000,0.872496,0.488621,0.000000,-0.636393,-0.175631,1.021984,1.000000,0.344484,0.668447,0.942131,1.000000,0.025994,0.000000,1.000000,0.493552,-0.302778,0.011000,0.000000,0.000000,0.982000,0.000000,0.000000,0.000000,0.000000,0.012373,-0.678571,-0.379282,-0.377483,1.000000,0.736734,0,0.00,candidate,1784289627,1784260500
cand-7c76417c-1428,ETH,long,1.478023,-0.674200,-0.937624,-0.767950,0.125652,0.326667,0.710395,0.005416,0.812483,0.000000,0.195422,0.310402,0.068513,-0.333333,0.424626,0.000000,0.000000,1.000000,0.000000,0.000000,0.921630,-0.005212,0.136000,0.019225,0.000000,0.270000,-0.013761,0.000000,0.917060,0.398749,0.000000,0.488489,-0.262852,1.159176,0.000000,0.227758,0.608715,0.882885,1.000000,-0.009446,0.000000,1.000000,0.444745,-0.278865,0.013000,0.000000,0.000000,0.000000,0.000000,0.000000,0.000000,0.000000,0.028133,0.000000,0.138580,0.627737,1.000000,0.882851,0,0.00,candidate,1784291115,1784262000
cand-7c76417c-1429,BTC,long,1.253631,-0.206092,-0.794820,-0.824258,0.084275,0.270000,1.064992,0.001576,0.897132,-0.051029,-0.449775,0.016548,0.049069,-0.333333,0.317610,0.000000,0.000000,1.000000,0.000000,0.000000,0.905369,0.001323,0.136000,0.018266,0.000000,0.270000,-0.016522,0.000000,0.946930,0.321439,0.000000,1.681906,-0.063826,1.317881,0.000000,0.234468,0.690572,0.911506,1.000000,-0.024006,0.000000,1.000000,0.404723,-0.502530,0.037000,0.000000,0.000000,0.361000,0.000000,0.000000,0.000000,0.000000,0.173091,0.000000,0.097465,0.564340,1.000000,1.000000,0,0.00,candidate,1784292335,1784263200
cand-7c76417c-1430,ETH,long,1.090623,-0.205023,-0.741091,-0.580434,0.127092,0.330000,1.142172,0.005409,0.819537,0.000000,-0.418916,1.817219,0.073906,-0.333333,0.424626,0.000000,0.000000,1.000000,0.000000,0.000000,0.905486,0.001439,0.136000,0.018266,0.000000,0.270000,-0.016522,0.000000,0.948324,0.317305,0.000000,0.431777,-0.042544,1.115066,0.000000,0.213167,0.601234,0.875464,1.000000,-0.013885,0.000000,1.000000,0.403682,-0.373049,0.004000,0.000000,0.000000,0.621000,0.000000,0.000000,0.000000,0.000000,0.233697,0.000000,-0.028049,0.462230,1.000000,1.000000,0,0.00,candidate,1784292335,1784263200
cand-7c76417c-1431,ETH,long,1.189033,1.007943,-0.124465,-0.638996,0.127771,0.336667,1.194929,0.113544,0.799554,0.000000,0.271980,-0.608711,0.074856,-0.333333,0.424626,0.000000,0.000000,1.000000,0.000000,0.000000,0.950254,0.037953,0.136000,0.018266,0.000000,0.270000,-0.003041,0.000000,0.953717,0.300706,0.000000,0.756375,0.303383,0.830902,0.000000,0.313167,0.652442,0.926256,1.000000,0.016498,0.000000,1.000000,0.395275,-0.329709,0.017000,0.000000,0.000000,0.910000,0.000000,0.000000,0.000000,0.000000,0.720787,0.000000,-0.137912,0.628635,1.000000,0.869230,0,0.00,candidate,1784292607,1784263500
cand-7c76417c-1432,BTC,long,1.193061,1.463436,-0.110072,-0.829296,0.084633,0.270000,1.040120,0.001576,0.885826,0.000000,0.110096,0.799310,0.048851,-0.333333,0.317610,0.000000,0.000000,1.000000,0.000000,0.000000,0.951095,0.038794,0.136000,0.018266,0.000000,0.270000,-0.003041,0.000000,0.956305,0.292372,0.000000,0.198394,0.315460,1.037646,0.000000,0.317780,0.724525,0.945236,1.000000,-0.003798,0.000000,1.000000,0.391108,-0.520775,0.024000,0.000000,0.000000,0.568000,0.010000,0.000000,0.000000,0.000000,0.285879,0.000000,-0.115039,0.659794,1.000000,1.000000,0,0.00,candidate,1784292607,1784263500
cand-7c76417c-1436,BTC,short,0.182312,-0.706884,0.491602,1.099055,0.084710,0.270000,0.705311,0.001579,0.927533,-0.205504,-0.577957,-0.742868,-0.047766,0.333333,0.317610,0.000000,0.000000,1.000000,0.000000,0.000000,0.957944,0.042796,0.136000,-0.016803,0.000000,0.270000,0.009060,0.000000,0.968148,0.250380,0.000000,0.504546,-0.148823,1.983835,0.000000,0.236418,0.904442,0.000000,0.000000,-0.023533,0.000000,1.000000,0.368868,0.068135,0.052000,0.000000,0.000000,0.410000,0.012000,0.000000,0.000000,0.000000,0.766147,-0.000000,-0.140609,0.257895,-1.000000,0.869445,1,0.00,candidate,1784293220,1784264100
cand-7c76417c-1437,BTC,short,1.032136,-0.476184,0.453232,1.358349,0.085240,0.276667,0.272535,0.001578,0.892167,0.000000,0.038482,-0.474477,-0.047787,0.333333,0.317610,0.000000,0.000000,1.000000,0.000000,0.000000,0.977184,0.057383,0.136000,-0.016803,0.000000,0.270000,0.009060,0.000000,0.971342,0.237686,0.000000,-0.091438,-0.075843,1.167123,0.000000,0.163894,0.933697,0.000000,0.000000,-0.041157,0.000000,1.000000,0.363631,0.185885,0.029000,0.000000,0.000000,0.000000,0.014000,0.000000,0.000000,0.000000,0.423515,-0.000000,-0.273651,0.476884,-1.000000,0.752564,1,0.00,candidate,1784293522,1784264400
cand-7c76417c-1451,BTC,long,0.638275,-2.170799,-2.748544,-1.753051,0.091015,0.303333,0.768737,0.001592,0.923983,0.000000,0.035736,0.804783,0.052456,-0.333333,0.318914,0.000000,0.000000,1.000000,0.000000,0.000000,0.862791,-0.013399,0.204000,0.019149,0.000000,0.270000,0.006984,0.000000,0.999762,-0.021815,0.000000,1.978706,-0.430494,2.217815,0.000000,0.106195,0.550033,0.973455,1.000000,-0.211397,-0.142206,1.000000,0.238957,-0.061133,0.031000,0.000000,0.000000,0.327000,0.018000,0.000000,0.000000,0.000000,0.643320,0.000000,0.242244,0.296176,1.000000,1.000000,0,0.00,candidate,1784293826,1784268000
cand-7c76417c-1455,BTC,long,0.349752,-0.995395,-2.984239,-1.928858,0.091973,0.316667,0.617674,0.001595,0.828441,0.000000,0.156006,0.732169,0.055094,-0.333333,0.323208,0.000000,0.000000,1.000000,0.000000,0.000000,0.859608,-0.016134,0.220000,0.016808,0.000000,0.270000,0.018071,0.000000,0.996917,-0.078459,0.000000,1.475463,-0.273351,0.538746,0.000000,0.078553,0.526850,0.837171,1.000000,-0.222474,-0.152237,1.000000,0.212325,-0.148351,0.023000,0.000000,0.000000,0.468000,0.015000,0.000000,0.000000,0.000000,0.388176,0.000000,0.299706,0.211518,1.000000,1.000000,0,0.00,candidate,1784293826,1784268600
cand-7c76417c-1458,BTC,long,-0.906323,-0.913196,-3.005485,-2.030916,0.092445,0.320000,1.014040,0.001593,0.864390,-0.048146,-0.452234,1.883431,0.055082,-0.333333,0.323208,0.000000,0.000000,1.000000,0.000000,0.000000,-0.049763,-0.855697,0.220000,0.016808,0.000000,0.270000,-0.069582,0.000000,0.994969,-0.100188,0.000000,2.000000,0.073838,1.018103,0.000000,0.098281,0.498513,0.809094,1.000000,-0.244272,-0.130535,1.000000,0.200804,-0.238359,0.007000,0.000000,0.000000,0.607000,0.020000,0.000000,0.000000,0.000000,0.196021,0.000000,0.437895,-0.337621,1.000000,1.000000,0,0.00,candidate,1784293826,1784268900
cand-7c76417c-1460,BTC,long,0.778709,-0.243689,-2.555121,-1.768076,0.093077,0.343333,1.087410,0.001592,0.891964,0.000000,-0.341894,0.752220,0.055615,-0.333333,0.323208,0.000000,0.000000,1.000000,0.000000,0.000000,0.509645,-0.298408,0.220000,0.016793,0.000000,0.270000,-0.069582,0.000000,0.993068,-0.117537,0.000000,0.073370,0.395847,1.399522,0.000000,0.141738,0.523028,0.833383,1.000000,-0.225537,-0.113746,1.000000,0.193224,-0.536758,0.032000,0.000000,0.000000,0.202000,0.021000,0.000000,0.000000,0.000000,0.268287,0.000000,0.118185,0.346505,1.000000,1.000000,0,0.00,candidate,1784293826,1784269200
cand-7c76417c-1484,BTC,long,0.436068,-0.417688,-0.270997,-1.648058,0.092383,0.320000,0.461866,0.001592,0.851034,0.000000,-0.143083,0.215451,0.027557,-0.333333,0.324751,0.000000,0.000000,1.000000,0.000000,0.000000,0.789535,0.042101,0.260000,0.021994,0.000000,0.270000,-0.008689,0.000000,0.850352,-0.526214,0.000000,1.022075,0.132951,0.780313,0.000000,0.183298,0.611292,0.978296,1.000000,-0.012146,0.000000,1.000000,0.985236,-0.374942,0.012000,0.000000,0.000000,0.473000,0.014000,0.000000,0.000000,0.000000,0.035493,0.000000,0.345522,0.246334,1.000000,1.000000,0,0.00,candidate,1784293826,1784275200
cand-7c76417c-1486,BTC,long,0.113906,-0.610415,-0.367942,-1.643322,0.092238,0.316667,0.505369,0.001592,0.898164,0.000000,0.049378,-0.346668,0.025210,-0.333333,0.324751,0.000000,0.000000,1.000000,0.000000,0.000000,0.744328,-0.001901,0.260000,0.021994,0.000000,0.270000,-0.032159,0.000000,0.841039,-0.540974,0.000000,0.216419,0.030629,1.552696,0.000000,0.190657,0.614835,0.845435,1.000000,-0.010044,0.000000,1.000000,0.976902,-0.187067,0.015000,0.000000,0.000000,0.468000,0.019000,0.000000,0.000000,0.000000,0.618074,0.000000,-0.324524,0.127202,1.000000,0.869913,0,0.00,candidate,1784293826,1784275500
cand-7c76417c-1498,BTC,long,1.094009,0.773907,-0.315483,-1.649428,0.095641,0.366667,1.259747,0.001592,0.868459,0.000000,-0.239011,-0.226507,0.017082,-0.333333,0.324751,0.000000,0.000000,1.000000,0.000000,0.000000,0.948505,0.118070,0.260000,0.019437,0.000000,0.270000,0.011024,0.000000,0.734323,-0.678801,0.000000,1.626072,0.324112,1.033685,0.000000,0.245025,0.633633,0.846821,1.000000,0.004517,0.000000,1.000000,0.892424,-0.322871,0.026000,0.000000,0.000000,0.234000,0.029000,0.000000,0.000000,0.000000,0.085891,0.000000,-0.051556,0.772941,1.000000,0.881940,0,0.00,candidate,1784293826,1784277900
cand-7c76417c-1439,BTC,short,-0.253340,0.335036,0.380890,1.476325,0.085297,0.276667,0.606471,0.001578,0.885440,0.000000,-0.028830,-0.766180,-0.049135,0.333333,0.318914,0.000000,0.000000,1.000000,0.000000,0.000000,0.977781,0.057851,0.204000,-0.019120,0.000000,0.270000,-0.005861,0.000000,0.983255,0.182236,0.000000,0.333936,0.051415,1.320730,0.000000,0.187019,0.928503,0.000000,0.000000,-0.038028,0.000000,1.000000,0.337116,0.158676,0.032000,0.000000,0.000000,0.074000,0.008000,0.000000,0.000000,0.000000,0.155287,-1.000000,-0.111933,-0.286611,-1.000000,0.752564,1,0.00,candidate,1784294136,1784265000
cand-7c76417c-1490,BTC,long,-2.493933,-1.242079,-0.451932,-1.491627,0.093946,0.350000,1.115487,0.001593,0.887976,0.000000,-0.127347,-0.209752,0.021360,-0.333333,0.324751,0.000000,0.000000,1.000000,0.000000,0.000000,0.985224,0.183859,0.260000,0.021994,0.000000,0.270000,0.017223,0.000000,0.811574,-0.584250,0.000000,-0.083268,-0.234429,1.515784,0.000000,0.066674,0.555044,0.786053,1.000000,-0.045526,0.000000,1.000000,0.950449,-0.560208,0.021000,0.000000,0.000000,0.768000,0.016000,0.000000,0.000000,0.000000,0.079774,0.000000,-0.000706,-0.912477,1.000000,1.000000,0,0.00,candidate,1784294136,1784276100
cand-7c76417c-1440,ETH,short,0.760482,0.942534,0.560602,1.049361,0.128294,0.340000,0.758545,0.065281,0.766665,0.000000,-0.299113,-0.626851,-0.077020,0.333333,0.426138,0.000000,0.000000,1.000000,0.000000,0.000000,0.985924,0.060728,0.204000,-0.019179,0.000000,0.270000,0.001780,0.000000,0.990268,0.139173,0.000000,0.110192,0.226061,0.586476,0.000000,0.081707,0.967462,0.000000,0.000000,-0.059361,0.000000,1.000000,0.314838,0.307271,0.004000,0.000000,0.000000,0.329000,0.000000,0.000000,0.000000,0.000000,0.563415,-0.000000,-0.065006,0.711462,-1.000000,0.752319,1,0.00,candidate,1784294705,1784265600
cand-7c76417c-1543,ETH,short,0.231833,1.118086,-0.246487,-0.436505,0.110447,0.243333,0.436452,0.043616,0.783912,-0.019353,-0.203647,-0.346330,-0.016846,0.333333,0.428814,0.000000,0.000000,1.000000,0.000000,0.000000,0.550905,-0.234941,0.140000,-0.018978,0.000000,0.270000,-0.009904,0.000000,-0.065403,-0.997859,0.000000,0.189890,0.079691,0.813856,-1.000000,0.685043,0.724662,0.822919,1.000000,0.075293,0.000000,1.000000,0.467421,0.324292,0.004000,0.000000,0.000000,0.000000,0.003000,0.000000,0.000000,0.000000,0.281592,-0.000000,0.133133,0.215596,-1.000000,0.737479,1,0.00,candidate,1784294705,1784290200
cand-7c76417c-1442,ETH,short,2.875312,2.050486,1.122308,1.579907,0.131138,0.356667,0.493674,0.005447,0.771747,0.000000,-0.284767,5.000000,-0.078879,0.333333,0.426138,0.000000,0.000000,1.000000,0.000000,0.000000,0.997382,0.054218,0.204000,-0.019179,0.000000,0.270000,0.001780,0.000000,0.993068,0.117537,0.000000,-0.253370,0.432442,0.687383,0.000000,0.058287,0.969880,0.000000,0.000000,-0.137032,-0.105452,1.000000,0.304362,0.408358,0.001000,0.000000,0.000000,0.590000,0.000000,0.000000,0.000000,0.000000,0.424476,-0.000000,-0.037170,0.806039,-1.000000,1.000000,1,0.00,candidate,1784295007,1784265900
cand-7c76417c-1445,ETH,short,1.102708,2.055031,1.287136,1.335245,0.131899,0.356667,0.732235,0.010906,0.830158,0.000000,-0.215639,2.006750,-0.078797,0.333333,0.426138,0.000000,0.000000,1.000000,0.000000,0.000000,0.964479,0.031505,0.204000,-0.019179,0.000000,0.270000,0.001780,0.000000,0.994522,0.104528,0.000000,-0.179981,0.382616,1.527562,0.000000,0.024017,0.988007,0.000000,0.000000,-0.196763,-0.099652,1.000000,0.298083,0.332527,0.003000,0.000000,0.000000,0.887000,0.002000,0.000000,0.000000,0.000000,0.026112,-0.000000,0.150424,0.476786,-1.000000,1.000000,1,0.00,candidate,1784295316,1784266200
cand-7c76417c-1447,ETH,short,0.308505,2.152472,1.419395,1.522016,0.132554,0.360000,0.173434,0.005453,0.752455,0.000000,0.192896,2.994789,-0.079734,0.333333,0.426138,0.000000,0.000000,1.000000,0.000000,0.000000,0.785109,-0.121801,0.204000,-0.019149,0.000000,0.270000,-0.024674,0.000000,0.996566,0.082808,0.000000,-0.558801,0.505120,0.494556,0.000000,0.037975,0.980912,0.000000,0.000000,-0.175515,-0.098045,1.000000,0.288391,0.365221,0.003000,0.000000,0.000000,0.720000,0.002000,0.000000,0.000000,0.000000,0.436180,-0.000000,0.414244,0.136861,-1.000000,1.000000,1,0.00,candidate,1784295618,1784266500
cand-7c76417c-1533,ETH,long,-0.327362,1.457290,0.439106,0.836427,0.111158,0.246667,0.666920,0.005434,0.850722,0.000000,-0.097115,0.026314,0.025619,-0.333333,0.429178,0.000000,0.000000,1.000000,0.000000,0.000000,0.922892,0.105545,0.364000,0.020705,0.000000,0.270000,0.015575,0.000000,0.061049,-0.998135,0.000000,-0.358132,0.341982,1.738097,1.000000,0.957486,0.983341,0.928476,1.000000,0.137511,0.041743,1.000000,0.528829,-0.350359,0.006000,0.000000,0.000000,0.768000,0.001000,0.000000,0.000000,0.000000,0.439655,0.000000,0.453266,-0.246377,1.000000,0.881819,0,0.00,candidate,1784295618,1784288400
cand-7c76417c-1534,ETH,long,-0.727617,1.000569,0.378228,0.816289,0.111284,0.246667,1.087562,0.005438,0.882627,0.000000,0.296802,0.449816,0.024814,-0.333333,0.429178,0.000000,0.000000,1.000000,0.000000,0.000000,0.924116,0.105569,0.364000,0.020705,0.000000,0.270000,0.015575,0.000000,0.043619,-0.999048,0.000000,1.111437,0.268844,2.727268,1.000000,0.868956,0.947446,0.901417,1.000000,0.121422,0.025521,1.000000,0.520466,0.032629,0.011000,0.000000,0.000000,0.608000,0.000000,0.000000,0.000000,0.000000,0.693036,0.000000,-0.234763,-0.512027,1.000000,0.881819,0,0.00,candidate,1784295618,1784288700
cand-7c76417c-1538,ETH,long,-0.014687,1.042750,0.285629,0.713514,0.111053,0.246667,0.889204,0.005439,0.828812,0.000000,0.119919,-0.579402,0.021469,-0.333333,0.429178,0.000000,0.000000,1.000000,0.000000,0.000000,0.570573,-0.220590,0.364000,0.020705,0.000000,0.270000,0.027590,0.000000,0.013090,-0.999914,0.000000,1.430142,0.404951,1.349593,1.000000,0.867601,0.946902,0.900871,1.000000,0.159455,0.019646,1.000000,0.505825,-0.328980,0.026000,0.000000,0.000000,0.380000,0.000000,0.000000,0.000000,0.000000,0.269862,0.000000,-0.115365,-0.012987,1.000000,0.752241,0,0.00,candidate,1784295618,1784289000
cand-7c76417c-1459,ETH,short,-1.395006,-1.146487,1.270030,0.961570,0.140956,0.416667,0.417090,0.049114,0.763984,0.000000,0.253973,0.681033,-0.092377,0.333333,0.430914,0.000000,0.000000,1.000000,0.000000,0.000000,0.510760,-0.297293,0.220000,-0.016793,0.000000,0.270000,-0.069582,0.000000,0.993572,-0.113203,0.000000,0.248264,0.055559,0.671707,0.000000,0.334685,0.759723,0.906327,0.000000,-0.200288,-0.103305,1.000000,0.195307,0.428204,0.021000,0.000000,0.000000,0.109000,0.000000,0.000000,0.000000,0.000000,0.251702,-0.000000,0.004479,-0.637809,-1.000000,1.000000,1,0.00,candidate,1784296228,1784269200
cand-7c76417c-1463,ETH,short,1.060078,-0.794577,-0.002235,0.784400,0.141007,0.416667,0.431647,0.005464,0.819313,0.000000,-0.101540,-0.159967,-0.090131,0.333333,0.430914,0.000000,0.000000,1.000000,0.000000,0.000000,0.810573,0.019765,0.220000,-0.016776,0.000000,0.270000,0.016729,0.000000,0.979045,-0.203642,0.000000,-0.116659,-0.073055,1.149873,0.000000,0.310869,0.776707,0.923385,0.000000,-0.190352,-0.073324,1.000000,0.151104,0.398682,0.002000,0.000000,0.000000,0.636000,0.000000,0.000000,0.000000,0.000000,0.154613,-0.000000,-0.024588,0.752066,-1.000000,1.000000,1,0.00,candidate,1784296228,1784270400
cand-7c76417c-1464,ETH,short,-0.011636,-0.426274,-0.452859,0.758585,0.140751,0.413333,0.322346,0.005464,0.814268,0.000000,-0.176229,-0.304371,-0.089622,0.333333,0.430914,0.000000,0.000000,1.000000,0.000000,0.000000,0.714478,-0.071445,0.220000,-0.016776,0.000000,0.270000,-0.011316,0.000000,0.976296,-0.216440,0.000000,-0.109301,-0.207741,1.027631,0.000000,0.311629,0.776164,0.922840,0.000000,-0.212896,-0.071191,1.000000,0.144795,0.234876,0.024000,0.000000,0.000000,0.883000,0.002000,0.000000,0.000000,0.000000,0.049631,-0.000000,-0.555155,-0.026846,-1.000000,0.870390,1,0.00,candidate,1784296228,1784270700
cand-7c76417c-1465,ETH,short,0.719485,0.438103,-0.503836,0.776042,0.140448,0.413333,0.165052,0.005466,0.770423,0.000000,-0.043766,-0.574461,-0.087139,0.333333,0.430914,0.000000,0.000000,1.000000,0.000000,0.000000,0.754104,-0.031781,0.220000,-0.016776,0.000000,0.270000,-0.011316,0.000000,0.969231,-0.246153,0.000000,-0.157294,-0.098997,0.545153,0.000000,0.264758,0.809638,0.956463,0.000000,-0.224848,-0.086336,1.000000,0.129880,0.336055,0.009000,0.000000,0.000000,0.927000,0.000000,0.000000,0.000000,0.000000,0.301682,1.000000,-0.056916,0.732283,-1.000000,0.870390,1,0.00,candidate,1784296228,1784271000
cand-7c76417c-1467,ETH,short,0.344393,0.684777,-0.643982,1.231142,0.139587,0.403333,0.508268,0.049228,0.804888,-0.083009,-0.262436,-0.700974,-0.083609,0.333333,0.430805,0.000000,0.000000,1.000000,0.000000,0.000000,0.368376,-0.404217,0.236000,-0.016716,0.000000,0.270000,-0.009261,0.000000,0.952396,-0.304864,0.000000,0.343216,0.023210,0.942756,0.000000,0.271599,0.804749,0.951551,0.000000,-0.218982,-0.045018,1.000000,0.101227,0.276145,0.019000,0.000000,0.000000,0.347000,0.000000,0.000000,0.000000,0.000000,0.250440,-0.000000,-0.327004,0.395455,-1.000000,0.870057,1,0.00,candidate,1784296228,1784271900
cand-7c76417c-1472,ETH,short,-0.992537,0.088013,0.315507,1.477613,0.139315,0.400000,1.091237,0.005463,0.829678,0.000000,-0.164638,-0.414146,-0.079143,0.333333,0.430805,0.000000,0.000000,1.000000,0.000000,0.000000,0.904497,0.127682,0.236000,-0.016716,0.000000,0.270000,0.019764,0.000000,0.918791,-0.394744,0.000000,0.890416,0.027340,1.340286,0.000000,0.300000,0.789727,0.000000,0.000000,-0.209816,-0.035968,1.000000,0.056014,0.027313,0.019000,0.000000,0.000000,0.778000,0.001000,0.000000,0.000000,0.000000,0.156148,-0.000000,0.007731,-0.767372,-1.000000,0.752206,1,0.00,candidate,1784296228,1784273100
cand-7c76417c-1448,ETH,short,0.927985,3.070014,2.803704,1.351586,0.135105,0.370000,0.230351,0.021926,0.806657,0.000000,0.142901,1.511125,-0.081345,0.333333,0.426138,0.000000,0.000000,1.000000,0.000000,0.000000,0.840250,-0.045804,0.204000,-0.019149,0.000000,0.270000,-0.055399,0.000000,0.999762,0.021815,0.000000,0.057904,0.768282,1.085950,0.000000,0.104518,0.928599,0.000000,0.000000,-0.268699,-0.198974,1.000000,0.258847,0.306876,0.014000,0.000000,0.000000,0.784000,0.000000,0.000000,0.000000,0.000000,0.630340,-0.000000,-0.373530,0.358372,-1.000000,1.000000,1,0.00,candidate,1784296529,1784267400
cand-7c76417c-1462,ETH,short,-0.436950,-1.652279,0.371261,0.903235,0.141073,0.416667,0.548306,0.005458,0.825284,0.000000,-0.169740,-0.038244,-0.093286,0.333333,0.430914,0.000000,0.000000,1.000000,0.000000,0.000000,0.465697,-0.318766,0.220000,-0.016793,0.000000,0.270000,0.004353,0.000000,0.991445,-0.130526,0.000000,0.131216,-0.148904,1.684679,0.000000,0.363314,0.739331,0.953556,0.000000,-0.184602,-0.034501,1.000000,0.185874,0.264641,0.004000,0.000000,0.000000,0.094000,0.002000,0.000000,0.000000,0.000000,0.308107,-0.000000,0.128099,-0.636364,-1.000000,1.000000,1,0.00,candidate,1784296529,1784269500
cand-7c76417c-1509,ETH,short,0.593088,-0.412737,-0.820613,-0.711516,0.126694,0.330000,0.574151,0.005453,0.832839,0.000000,-0.100975,2.815447,-0.048957,0.333333,0.428214,0.000000,0.000000,1.000000,0.000000,0.000000,0.783268,-0.014012,0.404000,-0.025525,0.000000,0.270000,-0.016027,0.000000,0.457874,-0.889017,0.000000,1.734855,-0.130303,1.559975,-1.000000,0.835106,0.714938,0.813167,1.000000,0.080777,0.000000,1.000000,0.726424,0.245325,0.014000,0.000000,0.000000,0.000000,0.001000,0.000000,0.000000,0.000000,0.063412,-0.000000,0.111245,0.334140,-1.000000,0.882157,1,0.00,candidate,1784296529,1784282700
cand-7c76417c-1536,ETH,short,0.727617,-1.000569,-0.378228,-0.816289,0.111284,0.246667,0.540937,0.005437,0.762062,0.000000,0.094889,0.449816,-0.023566,0.333333,0.429178,0.000000,0.000000,1.000000,0.000000,0.000000,0.922939,0.104391,0.364000,-0.020705,0.000000,0.270000,0.015575,0.000000,0.034899,-0.999391,0.000000,1.571346,-0.268844,0.477043,-1.000000,0.868956,0.651515,0.971277,1.000000,0.121422,0.025521,1.000000,0.515258,0.361458,0.009000,0.000000,0.000000,0.710000,0.000000,0.000000,0.000000,0.000000,0.131521,-0.000000,0.234763,0.512027,-1.000000,0.881819,1,0.00,candidate,1784296529,1784288700
cand-7c76417c-1542,ETH,short,0.453302,1.157113,-0.213495,-0.509615,0.110527,0.243333,0.246562,0.005451,0.796020,0.000000,-0.100051,0.269520,-0.017151,0.333333,0.428814,0.000000,0.000000,1.000000,0.000000,0.000000,0.505236,-0.280131,0.140000,-0.018978,0.000000,0.270000,-0.009904,0.000000,-0.061049,-0.998135,0.000000,1.232435,0.029884,0.891888,-1.000000,0.706281,0.716198,0.814430,1.000000,0.016553,0.000000,1.000000,0.469824,0.275200,0.014000,0.000000,0.000000,0.000000,0.000000,0.000000,0.000000,0.000000,0.223394,-0.000000,-0.045583,0.557576,-1.000000,0.881900,1,0.00,candidate,1784296529,1784289900
cand-7c76417c-1547,ETH,short,0.651268,1.084471,0.054137,-0.745151,0.110474,0.243333,0.480575,0.005453,0.838490,0.000000,0.039870,0.118563,-0.016790,0.333333,0.428814,0.000000,0.000000,1.000000,0.000000,0.000000,0.825308,0.035742,0.140000,-0.018978,0.000000,0.270000,-0.009904,0.000000,-0.100188,-0.994969,0.000000,-0.030259,0.105836,1.685988,-1.000000,0.625395,0.748455,0.846783,1.000000,0.060953,0.000000,1.000000,0.451758,0.392432,0.040000,0.000000,0.000000,0.000000,0.002000,0.000000,0.000000,0.000000,0.484425,-0.000000,0.223432,0.507692,-1.000000,0.867154,1,0.00,candidate,1784296529,1784290500
cand-7c76417c-1449,BTC,short,0.373031,2.618387,3.231439,1.768030,0.090463,0.296667,0.544560,0.001593,0.891510,0.000000,-0.041661,0.259522,-0.051763,0.333333,0.318914,0.000000,0.000000,1.000000,0.000000,0.000000,0.818256,-0.063740,0.204000,-0.019149,0.000000,0.270000,0.006984,0.000000,0.999990,-0.004363,0.000000,0.220697,0.752387,1.365145,0.000000,0.038675,0.981108,0.000000,0.000000,-0.227520,-0.159361,1.000000,0.247319,0.209909,0.008000,0.000000,0.000000,0.989000,0.020000,0.000000,0.000000,0.000000,0.259231,-0.000000,-0.049218,0.261728,-1.000000,1.000000,0,0.00,candidate,1784296831,1784267700
cand-7c76417c-1450,ETH,short,0.834347,2.258637,2.995243,1.567047,0.135994,0.380000,0.226122,0.010957,0.795899,0.141245,0.916080,0.468233,-0.083728,0.333333,0.426138,0.000000,0.000000,1.000000,0.000000,0.000000,0.823393,-0.058630,0.204000,-0.019149,0.000000,0.270000,0.006984,0.000000,0.999848,-0.017452,0.000000,-0.004229,0.580203,0.952855,0.000000,0.076823,0.945886,0.000000,0.000000,-0.285311,-0.213916,1.000000,0.241069,0.380608,0.010000,0.000000,0.000000,0.879000,0.000000,0.000000,0.000000,0.000000,0.314021,-0.000000,-0.158098,0.320493,-1.000000,0.870609,0,0.00,candidate,1784296831,1784267700
cand-7c76417c-1453,ETH,short,0.827120,1.486727,2.508791,1.212599,0.138421,0.393333,0.238398,0.043821,0.749424,0.000000,0.313139,0.607810,-0.086365,0.333333,0.430914,0.000000,0.000000,1.000000,0.000000,0.000000,0.881559,0.001360,0.220000,-0.016808,0.000000,0.270000,0.018071,0.000000,0.998630,-0.052336,0.000000,1.308918,0.456227,0.509129,0.000000,0.127439,0.908099,0.000000,0.000000,-0.239335,-0.195340,1.000000,0.224853,0.402448,0.003000,0.000000,0.000000,0.978000,0.000000,0.000000,0.000000,0.000000,0.266133,-0.000000,0.336763,0.394737,-1.000000,1.000000,0,0.00,candidate,1784296831,1784268300
cand-7c76417c-1480,ETH,short,0.768321,0.583186,0.475481,1.400855,0.137392,0.380000,0.220831,0.005476,0.807990,0.000000,-0.271280,-0.504004,-0.066958,0.333333,0.430805,0.000000,0.000000,1.000000,0.000000,0.000000,0.774787,0.029878,0.236000,-0.021994,0.000000,0.270000,0.008183,0.000000,0.866025,-0.500000,0.000000,-0.192005,0.180122,0.984971,0.000000,0.239255,0.854800,0.000000,0.000000,-0.017354,0.000000,1.000000,0.999051,0.500805,0.011000,0.000000,0.000000,0.584000,0.004000,0.000000,0.000000,0.000000,0.504551,0.670139,0.006399,0.554598,-1.000000,0.870179,0,0.00,candidate,1784296831,1784274900
cand-7c76417c-1489,ETH,short,2.221358,0.689666,0.550252,1.225331,0.138771,0.393333,1.196067,0.005485,0.836658,0.000000,-0.310092,0.242045,-0.056683,0.333333,0.431057,0.000000,0.000000,1.000000,0.000000,0.000000,0.985017,0.183668,0.260000,-0.021994,0.000000,0.270000,-0.032159,0.000000,0.819152,-0.573576,0.000000,0.967200,0.285828,1.934424,0.000000,0.125338,0.923776,0.000000,0.000000,-0.058957,0.000000,1.000000,0.957808,0.512604,0.007000,0.000000,0.000000,0.250000,0.004000,0.000000,0.000000,0.000000,0.532523,-0.000000,-0.006897,0.915309,-1.000000,0.882098,0,0.00,candidate,1784296831,1784276100
cand-7c76417c-1491,ETH,short,-0.905922,0.549077,0.289558,1.284011,0.139136,0.400000,0.554240,0.065785,0.780274,0.000000,-0.009646,-0.526695,-0.052192,0.333333,0.431057,0.000000,0.000000,1.000000,0.000000,0.000000,0.967636,0.160728,0.260000,-0.022093,0.000000,0.270000,0.017223,0.000000,0.803857,-0.594823,0.000000,0.352521,0.114726,0.841833,0.000000,0.194469,0.881883,0.000000,0.000000,-0.033689,0.000000,1.000000,0.943905,0.331557,0.004000,0.000000,0.000000,0.642000,0.005000,0.000000,0.000000,0.000000,0.462470,-0.000000,0.019204,-0.861423,-1.000000,0.752010,0,0.00,candidate,1784296831,1784276400
cand-7c76417c-1493,ETH,short,0.549020,0.464208,0.736688,1.246071,0.138715,0.393333,0.551102,0.065855,0.781157,-0.083407,-0.425791,-0.677028,-0.049596,0.333333,0.431057,0.000000,0.000000,1.000000,0.000000,0.000000,0.970712,0.161114,0.260000,-0.022093,0.000000,0.270000,0.008916,0.000000,0.788011,-0.615661,0.000000,0.081131,0.034088,0.836990,0.000000,0.152690,0.907188,0.000000,0.000000,-0.048952,0.000000,1.000000,0.932389,0.301744,0.020000,0.000000,0.000000,0.133000,0.005000,0.000000,0.000000,0.000000,0.221917,-0.000000,0.139423,0.442308,-1.000000,0.751693,0,0.00,candidate,1784296831,1784276700
cand-7c76417c-1494,ETH,short,0.614122,0.972550,0.410378,1.267521,0.138396,0.393333,0.563824,0.005485,0.813819,0.000000,0.312031,-0.145659,-0.049627,0.333333,0.431057,0.000000,0.000000,1.000000,0.000000,0.000000,0.959142,0.148265,0.260000,-0.022093,0.000000,0.270000,0.008916,0.000000,0.779884,-0.625923,0.000000,0.012722,0.191380,1.321928,0.000000,0.106102,0.935452,0.000000,0.000000,-0.066000,0.000000,1.000000,0.925097,0.293337,0.011000,0.000000,0.000000,0.302000,0.006000,0.000000,0.000000,0.000000,0.267955,-0.000000,-0.146681,0.487421,-1.000000,0.751378,0,0.00,candidate,1784296831,1784277000
cand-7c76417c-1496,ETH,short,-2.125329,0.333891,0.220290,1.185069,0.139783,0.403333,0.412655,0.005476,0.801575,0.478728,1.204470,0.050646,-0.048879,0.333333,0.431057,0.000000,0.000000,1.000000,0.000000,0.000000,0.949735,0.125783,0.260000,-0.019437,0.000000,0.270000,-0.012289,0.000000,0.751840,-0.659346,0.000000,-0.095234,0.157624,1.065582,0.000000,0.231740,0.859341,0.000000,0.000000,-0.020093,0.000000,1.000000,0.905993,0.451577,0.027000,0.000000,0.000000,0.602000,0.004000,0.000000,0.000000,0.000000,0.370728,-1.000000,-0.001478,-0.928082,-1.000000,0.881938,0,0.00,candidate,1784296831,1784277600
cand-7c76417c-1526,BTC,short,1.051052,-0.141271,-0.213215,-0.619895,0.082001,0.236667,1.276811,0.001585,0.862965,0.000000,-0.112860,0.977693,0.002200,0.333333,0.321934,0.000000,0.000000,1.000000,0.000000,0.000000,0.828062,0.037811,0.404000,-0.024120,0.000000,0.270000,0.003210,0.000000,0.233445,-0.972370,0.000000,2.000000,0.108399,0.718841,-1.000000,0.836227,0.740482,0.841103,1.000000,0.061486,0.000000,1.000000,0.611361,0.176009,0.066000,0.000000,0.000000,0.129000,0.018000,0.000000,0.000000,0.000000,0.121603,-0.000000,0.187898,0.566528,-1.000000,0.882081,0,0.00,candidate,1784296831,1784286000
cand-7c76417c-1545,BTC,short,0.810635,0.532103,-0.579501,-1.318808,0.081201,0.230000,0.572734,0.001583,0.869246,-0.108484,-0.405335,0.204541,0.010313,0.333333,0.320113,0.000000,0.000000,1.000000,0.000000,0.000000,0.820557,0.030986,0.140000,-0.018978,0.000000,0.270000,-0.009904,0.000000,-0.087156,-0.996195,0.000000,1.615531,0.293462,0.815894,-1.000000,0.789848,0.695407,0.962460,1.000000,0.089031,0.020321,1.000000,0.458008,0.205459,0.051000,0.000000,0.000000,0.079000,0.038000,0.000000,0.000000,0.000000,0.074799,-0.000000,0.276314,0.474344,-1.000000,0.881900,0,0.00,candidate,1784296831,1784290500
cand-7c76417c-1552,ETH,short,1.019233,1.486848,1.824957,0.201158,0.109508,0.243333,0.330707,0.005475,0.805904,0.000000,-0.090284,0.516802,-0.013931,0.333333,0.428814,0.000000,0.000000,1.000000,0.000000,0.000000,0.942586,0.135882,0.140000,-0.019580,0.000000,0.270000,0.009628,0.000000,-0.220697,-0.975342,0.000000,0.930627,0.222796,0.999043,0.000000,0.012666,0.996350,0.000000,0.000000,-0.018729,-0.011134,1.000000,0.393665,0.347541,0.018000,0.000000,0.000000,0.989000,0.001000,0.000000,0.000000,0.000000,0.308241,-0.000000,0.075444,0.653846,-1.000000,1.000000,0,0.00,candidate,1784296831,1784292300
cand-7c76417c-1452,ETH,long,1.281363,-1.276289,-2.294353,-1.516049,0.137703,0.383333,1.070520,0.164324,0.798387,0.000000,0.193326,2.208798,0.084509,-0.333333,0.430914,0.000000,0.000000,1.000000,0.000000,0.000000,0.861802,-0.014408,0.220000,0.019149,0.000000,0.270000,0.006984,0.000000,0.999391,-0.034899,0.000000,1.296642,-0.483957,1.020178,0.000000,0.180390,0.409624,0.952186,1.000000,-0.216176,-0.200146,1.000000,0.232485,-0.372329,0.002000,0.000000,0.000000,0.405000,0.000000,0.000000,0.000000,0.000000,0.312599,0.774038,0.194806,0.384707,1.000000,1.000000,0,0.00,candidate,1784297109,1784268000
cand-7c76417c-1457,ETH,short,-0.926406,-0.216286,1.893829,1.321592,0.139372,0.400000,0.488054,0.005470,0.792601,0.016820,0.489105,0.002958,-0.089915,0.333333,0.430914,0.000000,0.000000,1.000000,0.000000,0.000000,-0.036504,-0.842424,0.220000,-0.016808,0.000000,0.270000,-0.069582,0.000000,0.996195,-0.087156,0.000000,-0.206389,0.206787,0.973819,0.000000,0.243476,0.824860,0.000000,0.000000,-0.242952,-0.144451,1.000000,0.207054,0.396428,0.007000,0.000000,0.000000,0.161000,0.000000,0.000000,0.000000,0.000000,0.347182,-0.000000,-0.087230,-0.503212,-1.000000,1.000000,0,0.00,candidate,1784297109,1784268900
cand-7c76417c-1468,ETH,short,0.438898,0.426970,-0.266094,1.370291,0.139479,0.403333,0.605194,0.005468,0.837763,0.000000,0.116833,-0.614980,-0.082193,0.333333,0.430805,0.000000,0.000000,1.000000,0.000000,0.000000,0.581169,-0.193507,0.236000,-0.016716,0.000000,0.270000,-0.009261,0.000000,0.946930,-0.321439,0.000000,0.096926,-0.025612,1.514527,0.000000,0.243223,0.825041,0.000000,0.000000,-0.231363,-0.057231,1.000000,0.091825,0.319793,0.019000,0.000000,0.000000,0.533000,0.001000,0.000000,0.000000,0.000000,0.072163,-0.000000,-0.322133,0.432432,-1.000000,0.870057,0,0.00,candidate,1784297109,1784272200
cand-7c76417c-1470,ETH,short,0.235844,0.529165,0.069217,1.591334,0.139118,0.400000,0.812667,0.005473,0.833010,0.000000,-0.262288,-0.652329,-0.079157,0.333333,0.430805,0.000000,0.000000,1.000000,0.000000,0.000000,0.631524,-0.133856,0.236000,-0.016716,0.000000,0.270000,0.008151,0.000000,0.933580,-0.358368,0.000000,0.207473,0.129370,1.474223,0.000000,0.228021,0.835922,0.000000,0.000000,-0.238002,-0.063773,1.000000,0.074061,0.358382,0.003000,0.000000,0.000000,0.293000,0.000000,0.000000,0.000000,0.000000,0.231758,-0.000000,0.177870,0.365854,-1.000000,0.870057,0,0.00,candidate,1784297109,1784272500
cand-7c76417c-1476,ETH,short,0.479264,0.088952,0.439892,1.373764,0.138079,0.390000,0.729272,0.038306,0.814949,0.000000,0.102046,-0.585956,-0.073254,0.333333,0.430805,0.000000,0.000000,1.000000,0.000000,0.000000,0.682113,-0.068202,0.236000,-0.018901,0.000000,0.270000,0.009021,0.000000,0.887011,-0.461749,0.000000,1.788831,-0.138751,1.093342,0.000000,0.245925,0.845903,0.000000,0.000000,-0.244091,-0.069770,1.000000,0.020232,0.243455,0.016000,0.000000,0.000000,0.274000,0.004000,0.000000,0.000000,0.000000,0.150361,0.622449,-0.128524,0.388535,-1.000000,0.870179,0,0.00,candidate,1784297109,1784274300
cand-7c76417c-1478,ETH,short,-0.572812,-0.141262,0.064270,1.320875,0.137480,0.380000,0.341994,0.005467,0.809916,0.000000,0.033385,-0.501473,-0.070163,0.333333,0.430805,0.000000,0.000000,1.000000,0.000000,0.000000,0.341556,-0.398587,0.236000,-0.018901,0.000000,0.270000,0.008183,0.000000,0.876727,-0.480989,0.000000,-0.313792,-0.086072,1.013840,0.000000,0.290968,0.819784,0.000000,0.000000,-0.228155,-0.054068,1.000000,0.009760,0.224114,0.015000,0.000000,0.000000,0.643000,0.006000,0.000000,0.000000,0.000000,0.047801,-0.590164,0.139811,-0.626087,-1.000000,0.870179,0,0.00,candidate,1784297109,1784274600
cand-7c76417c-1483,ETH,short,-0.633682,-0.395462,0.235616,1.202318,0.137250,0.380000,0.810088,0.005469,0.838008,0.000000,0.131974,-0.577435,-0.064579,0.333333,0.430805,0.000000,0.000000,1.000000,0.000000,0.000000,0.790238,0.042806,0.236000,-0.021994,0.000000,0.270000,-0.008689,0.000000,0.852640,-0.522499,0.000000,-0.090018,0.094519,1.618588,0.000000,0.287045,0.825947,0.000000,0.000000,0.000048,0.000000,1.000000,0.986396,0.385438,0.012000,0.000000,0.000000,0.409000,0.004000,0.000000,0.000000,0.000000,0.368715,-0.000000,0.051839,-0.484756,-1.000000,0.752010,0,0.00,candidate,1784297109,1784275200
cand-7c76417c-1488,ETH,short,-0.223611,-0.022820,-0.023052,1.156523,0.136931,0.380000,0.803164,0.005484,0.804200,0.000000,-0.793119,-0.749114,-0.057186,0.333333,0.431057,0.000000,0.000000,1.000000,0.000000,0.000000,0.764136,0.018507,0.260000,-0.021994,0.000000,0.270000,-0.032159,0.000000,0.824126,-0.566406,0.000000,1.841533,0.067749,1.208499,0.000000,0.294560,0.821416,0.000000,0.000000,0.002781,0.000000,1.000000,0.960934,0.339876,0.008000,0.000000,0.000000,0.430000,0.002000,0.000000,0.000000,0.000000,0.317638,-0.890625,-0.548946,-0.259091,-1.000000,0.869913,0,0.00,candidate,1784297109,1784275800
cand-7c76417c-1535,BTC,short,0.491042,-1.358241,-0.531929,-1.003747,0.080807,0.226667,0.307561,0.001582,0.863006,-0.070645,-0.348152,0.516278,0.006815,0.333333,0.321686,0.000000,0.000000,1.000000,0.000000,0.000000,0.924116,0.105569,0.364000,-0.020705,0.000000,0.270000,0.015575,0.000000,0.043619,-0.999048,0.000000,0.526307,-0.272745,0.841498,-1.000000,0.895220,0.660470,0.964318,1.000000,0.111759,0.048211,1.000000,0.520466,0.125273,0.031000,0.000000,0.000000,0.706000,0.033000,0.000000,0.000000,0.000000,0.080865,0.804487,0.445034,0.332891,-1.000000,0.881819,0,0.00,candidate,1784297109,1784288700
cand-7c76417c-1550,ETH,short,0.104995,1.340746,1.746494,-0.117689,0.109363,0.240000,0.322403,0.005473,0.841118,0.000000,-0.330678,2.053751,-0.013396,0.333333,0.428814,0.000000,0.000000,1.000000,0.000000,0.000000,0.938291,0.137660,0.140000,-0.019580,0.000000,0.270000,0.009628,0.000000,-0.195090,-0.980785,0.000000,-0.096277,0.212662,1.722673,0.000000,0.117264,0.967191,0.942219,1.000000,0.003602,0.000000,1.000000,0.405152,0.557906,0.024000,0.000000,0.000000,0.887000,0.002000,0.000000,0.000000,0.000000,0.309653,-0.000000,-0.186109,0.072664,-1.000000,1.000000,0,0.00,candidate,1784297109,1784292000
cand-7c76417c-1454,BTC,short,-0.349752,0.995395,2.984239,1.928858,0.091973,0.316667,0.109011,0.001594,0.879901,0.000000,-0.295717,0.732169,-0.054654,0.333333,0.323208,0.000000,0.000000,1.000000,0.000000,0.000000,0.862489,-0.013238,0.220000,-0.016808,0.000000,0.270000,0.018071,0.000000,0.997859,-0.065403,0.000000,1.211874,0.273351,1.123369,0.000000,0.078553,0.959664,0.000000,0.000000,-0.222474,-0.152237,1.000000,0.217534,0.547343,0.012000,0.000000,0.000000,0.895000,0.020000,0.000000,0.000000,0.000000,0.326236,-0.000000,-0.299706,-0.211518,-1.000000,1.000000,0,0.00,candidate,1784297718,1784268600
cand-7c76417c-1456,BTC,short,0.906323,0.913196,3.005485,2.030916,0.092445,0.320000,1.083608,0.001595,0.906926,0.000000,0.060297,1.883431,-0.054979,0.333333,0.323208,0.000000,0.000000,1.000000,0.000000,0.000000,-0.033729,-0.839646,0.220000,-0.016808,0.000000,0.270000,-0.069582,0.000000,0.996195,-0.087156,0.000000,1.691110,-0.073838,1.798194,0.000000,0.098281,0.945342,0.000000,0.000000,-0.244272,-0.130535,1.000000,0.208096,0.014431,0.013000,0.000000,0.000000,0.644000,0.015000,0.000000,0.000000,0.000000,0.157532,-0.000000,-0.437895,0.337621,-1.000000,1.000000,0,0.00,candidate,1784298028,1784268900
cand-7c76417c-1461,BTC,long,1.810075,0.644540,-1.320104,-1.453002,0.094315,0.353333,1.111436,0.001590,0.832308,0.000000,-0.147825,0.221210,0.055926,-0.333333,0.323208,0.000000,0.000000,1.000000,0.000000,0.000000,0.463474,-0.320988,0.220000,0.016793,0.000000,0.270000,0.004353,0.000000,0.991445,-0.130526,0.000000,0.193288,0.570955,0.571943,0.000000,0.244222,0.580698,0.890525,1.000000,-0.191038,-0.079768,1.000000,0.186915,-0.272275,0.015000,0.000000,0.000000,0.000000,0.023000,0.000000,0.000000,0.000000,0.576424,0.000000,-0.008576,0.849565,1.000000,1.000000,1,0.00,candidate,1784298631,1784269500
cand-7c76417c-1503,BTC,long,1.179339,0.715626,1.386700,0.218029,0.091119,0.300000,0.824963,0.001587,0.846493,0.000000,-0.182761,0.349450,0.009673,-0.333333,0.324028,0.000000,0.000000,1.000000,0.000000,0.000000,0.823455,-0.020575,0.396000,0.025567,0.000000,0.270000,0.001946,0.000000,0.555570,-0.831470,0.000000,-0.561865,0.142366,0.474278,1.000000,0.998389,0.999630,0.958171,1.000000,0.057295,0.000000,1.000000,0.780272,-0.267400,0.044000,0.000000,0.000000,0.972000,0.022000,0.000000,0.000000,0.000000,0.372890,0.000000,0.001051,0.956215,1.000000,0.882414,0,0.00,candidate,1784298909,1784281200
cand-7c76417c-1510,BTC,long,-0.088177,0.603566,0.873921,0.682742,0.088136,0.290000,0.618344,0.001588,0.896746,0.000000,0.181301,1.619412,0.005457,-0.333333,0.321934,0.000000,0.000000,1.000000,0.000000,0.000000,0.782896,-0.014384,0.404000,0.025525,0.000000,0.270000,-0.016027,0.000000,0.453990,-0.891007,0.000000,-0.521079,0.128087,1.411698,1.000000,0.887327,0.969917,0.887123,1.000000,0.047856,0.000000,1.000000,0.724340,-0.124482,0.035000,0.000000,0.000000,0.715000,0.017000,0.000000,0.000000,0.000000,0.273200,0.000000,-0.270558,-0.059172,1.000000,0.882157,0,0.00,candidate,1784298909,1784282700
cand-7c76417c-1515,BTC,long,-0.204881,0.918056,1.175555,0.803623,0.086685,0.276667,0.750435,0.001587,0.870813,0.000000,0.104138,-0.428175,0.004209,-0.333333,0.321934,0.000000,0.000000,1.000000,0.000000,0.000000,0.712470,-0.081617,0.404000,0.027085,0.000000,0.270000,-0.002974,0.000000,0.414693,-0.909961,0.000000,-0.205077,0.283990,0.827101,1.000000,0.904950,0.974626,0.891844,1.000000,0.050672,0.000000,1.000000,0.702117,-0.414324,0.060000,0.000000,0.000000,0.956000,0.022000,0.000000,0.000000,0.000000,0.037753,0.000000,-0.344344,-0.246120,1.000000,0.751995,0,0.00,candidate,1784298909,1784283300
cand-7c76417c-1517,BTC,long,-0.534279,0.426537,0.592597,0.625001,0.084317,0.266667,1.138131,0.001587,0.925966,0.000000,-0.121404,-0.172648,0.003623,-0.333333,0.321934,0.000000,0.000000,1.000000,0.000000,0.000000,0.806242,0.010471,0.404000,0.027085,0.000000,0.270000,-0.002974,0.000000,0.394744,-0.918791,0.000000,0.387696,0.062653,1.846795,1.000000,0.848713,0.959595,0.876776,1.000000,0.041683,0.000000,1.000000,0.692679,-0.595032,0.055000,0.000000,0.000000,0.722000,0.021000,0.000000,0.000000,0.000000,0.019712,0.000000,-0.155477,-0.462418,1.000000,0.751951,0,0.00,candidate,1784298909,1784283600
cand-7c76417c-1518,BTC,long,0.628828,0.770560,0.769960,0.425799,0.083744,0.253333,0.458273,0.001587,0.858836,0.000000,0.015009,-0.899814,0.002570,-0.333333,0.321934,0.000000,0.000000,1.000000,0.000000,0.000000,0.835746,0.039247,0.404000,0.022591,0.000000,0.270000,-0.002974,0.000000,0.374607,-0.927184,0.000000,-0.679857,0.141100,0.686618,1.000000,0.914455,0.977165,0.894389,1.000000,0.052190,0.000000,1.000000,0.683025,-0.275287,0.027000,0.000000,0.000000,0.726000,0.022000,0.000000,0.000000,0.000000,0.094180,0.586572,-0.167566,0.409877,1.000000,0.751908,0,0.00,candidate,1784298909,1784283900
cand-7c76417c-1519,BTC,long,0.218886,0.157751,0.891727,0.446965,0.083305,0.243333,1.168994,0.001586,0.839339,-0.015519,-0.162482,-1.232246,0.002000,-0.333333,0.321934,0.000000,0.000000,1.000000,0.000000,0.000000,0.781315,-0.014426,0.404000,0.022591,0.000000,0.270000,0.002129,0.000000,0.362438,-0.932008,0.000000,-0.020198,-0.023407,0.529389,1.000000,0.937228,0.983247,0.900486,1.000000,0.055827,0.000000,1.000000,0.676716,-0.405525,0.029000,0.000000,0.000000,0.452000,0.023000,0.000000,0.000000,0.000000,0.133975,0.000000,0.377744,0.382060,1.000000,0.751865,0,0.00,candidate,1784298909,1784284200
cand-7c76417c-1527,BTC,long,0.419834,-0.614444,0.099940,0.782148,0.079694,0.216667,0.374541,0.001586,0.901946,0.000000,-0.080155,0.151012,-0.004399,-0.333333,0.321686,0.000000,0.000000,1.000000,0.000000,0.000000,0.935478,0.142579,0.364000,0.024115,0.000000,0.270000,-0.006259,0.000000,0.165048,-0.986286,0.000000,1.174077,-0.126938,1.535607,1.000000,0.807627,0.940282,0.975981,1.000000,0.056175,0.000000,1.000000,0.578568,-0.044408,0.021000,0.000000,0.000000,0.481000,0.020000,0.000000,0.000000,0.000000,0.591874,0.000000,0.190571,0.378136,1.000000,0.882096,0,0.00,candidate,1784298909,1784286900
cand-7c76417c-1529,BTC,long,-0.187786,-0.799511,0.209993,0.686168,0.079368,0.213333,0.896604,0.001586,0.880971,0.000000,-0.014741,-0.684490,-0.004267,-0.333333,0.321686,0.000000,0.000000,1.000000,0.000000,0.000000,0.937860,0.144871,0.364000,0.024115,0.000000,0.270000,-0.006164,0.000000,0.152123,-0.988362,0.000000,-0.293269,-0.173771,1.160388,1.000000,0.791624,0.935305,0.971009,1.000000,0.053202,0.000000,1.000000,0.571205,-0.376835,0.044000,0.000000,0.000000,0.566000,0.018000,0.000000,0.000000,0.000000,0.225719,0.000000,0.039682,-0.287926,1.000000,0.752281,0,0.00,candidate,1784298909,1784287200
cand-7c76417c-1466,BTC,short,0.865824,0.289225,-0.100330,1.635904,0.092919,0.333333,0.339430,0.001591,0.910285,0.000000,-0.045738,-0.479445,-0.048498,0.333333,0.323208,0.000000,0.000000,1.000000,0.000000,0.000000,0.779907,-0.005548,0.220000,-0.016776,0.000000,0.270000,0.021135,0.000000,0.958820,-0.284015,0.000000,1.450865,0.136990,1.503686,0.000000,0.209074,0.883939,0.000000,0.000000,0.005202,0.000000,1.000000,0.112082,0.062367,0.028000,0.000000,0.000000,0.000000,0.022000,0.000000,0.000000,0.000000,0.275364,-0.000000,-0.021103,0.854730,-1.000000,0.869851,0,0.00,candidate,1784300703,1784271600
cand-7c76417c-1475,BTC,long,-0.140900,0.224548,0.238696,-1.721223,0.092518,0.320000,1.055316,0.001591,0.815704,0.000000,-0.055834,-0.394288,0.033878,-0.333333,0.324281,0.000000,0.000000,1.000000,0.000000,0.000000,0.646346,-0.104909,0.236000,0.018901,0.000000,0.270000,0.009021,0.000000,0.889017,-0.457874,0.000000,1.196266,0.003280,0.438173,0.000000,0.260031,0.623741,0.887228,1.000000,0.014929,0.000000,1.000000,0.022315,-0.264833,0.012000,0.000000,0.000000,0.000000,0.015000,0.000000,0.000000,0.000000,0.327311,0.000000,-0.288370,-0.121842,1.000000,0.870179,0,0.00,candidate,1784301007,1784274000
cand-7c76417c-1477,BTC,long,-0.175818,0.614103,0.029362,-1.597184,0.092240,0.316667,1.071119,0.001590,0.805297,0.000000,-0.078774,-0.653966,0.032758,-0.333333,0.324281,0.000000,0.000000,1.000000,0.000000,0.000000,0.682083,-0.068238,0.236000,0.018901,0.000000,0.270000,0.008183,0.000000,0.884988,-0.465615,0.000000,0.015803,-0.030085,0.393781,0.000000,0.260789,0.640482,0.881804,1.000000,0.011688,0.000000,1.000000,0.017052,-0.215600,0.025000,0.000000,0.000000,0.000000,0.013000,0.000000,0.000000,0.000000,0.152724,0.000000,0.228308,-0.220085,1.000000,0.870179,0,0.00,candidate,1784301007,1784274300
cand-7c76417c-1500,BTC,long,0.945440,0.605172,1.476528,-0.265860,0.092093,0.316667,1.609438,0.001589,0.862394,-0.054848,-0.290689,-0.601265,0.010354,-0.333333,0.324028,0.000000,0.000000,1.000000,0.000000,0.000000,0.940212,0.092557,0.396000,0.021933,0.000000,0.270000,0.000943,0.000000,0.573576,-0.819152,0.000000,0.468408,0.232065,0.630285,1.000000,0.763932,0.940126,0.922286,1.000000,0.035853,0.000000,1.000000,0.789984,-0.398847,0.038000,0.000000,0.000000,0.278000,0.018000,0.000000,0.000000,0.000000,0.239499,1.000000,0.002205,0.953043,1.000000,0.751468,0,0.00,candidate,1784301007,1784280900
cand-7c76417c-1505,BTC,long,-1.730337,0.706814,0.553640,0.127916,0.091298,0.300000,1.104579,0.001589,0.868754,0.021543,0.225838,-0.235414,0.009025,-0.333333,0.324028,0.000000,0.000000,1.000000,0.000000,0.000000,0.283575,-0.503412,0.396000,0.025567,0.000000,0.270000,0.016160,0.000000,0.526214,-0.850352,0.000000,-0.103921,0.154051,0.654578,1.000000,0.759545,0.943963,0.905404,1.000000,0.014720,0.000000,1.000000,0.764559,-0.383521,0.041000,0.000000,0.000000,0.281000,0.020000,0.000000,0.000000,0.000000,0.227873,0.000000,-0.003651,-0.938621,1.000000,0.751578,0,0.00,candidate,1784301007,1784281500
cand-7c76417c-1507,BTC,long,-0.194015,0.298783,0.539504,0.384836,0.089222,0.290000,0.205462,0.001587,0.883314,-0.237340,-0.550157,-0.917438,0.007003,-0.333333,0.324028,0.000000,0.000000,1.000000,0.000000,0.000000,0.496884,-0.290850,0.396000,0.025525,0.000000,0.270000,-0.016027,0.000000,0.488621,-0.872496,0.000000,-0.982541,0.179523,1.067834,1.000000,0.823182,0.958811,0.920270,1.000000,0.020523,0.000000,1.000000,0.743377,-0.288862,0.022000,0.000000,0.000000,0.947000,0.014000,0.000000,0.000000,0.000000,0.225934,0.000000,0.189580,-0.404494,1.000000,0.869294,0,0.00,candidate,1784301007,1784282100
cand-7c76417c-1553,ETH,long,-0.231235,-2.790819,-2.843289,-1.202386,0.119191,0.290000,0.976458,0.038569,0.755469,0.000000,-0.653594,3.080082,0.018531,-0.333333,0.434772,0.000000,0.000000,1.000000,0.000000,0.000000,0.901678,0.085204,0.168000,0.019503,0.000000,0.270000,-0.023718,0.000000,-0.325568,-0.945519,0.000000,1.426921,-0.467289,0.513377,0.000000,0.194381,0.478288,0.885606,1.000000,-0.224620,-0.098266,1.000000,0.340584,-0.391050,0.008000,0.000000,0.000000,0.000000,0.000000,0.000000,0.000000,0.000000,0.095332,0.000000,0.649673,-0.060714,1.000000,1.000000,0,0.00,candidate,1784301007,1784293800
cand-7c76417c-1554,BTC,long,0.959834,-1.558006,-1.886644,0.014298,0.081934,0.233333,1.216755,0.001592,0.873560,0.000000,-0.012950,1.514900,-0.007983,-0.333333,0.324199,0.000000,0.000000,1.000000,0.000000,0.000000,0.816010,0.007179,0.168000,0.019503,0.000000,0.270000,-0.023718,0.000000,-0.342020,-0.939693,0.000000,0.106512,-0.694363,0.980866,0.000000,0.168220,0.739550,0.911415,0.000000,0.005731,0.000000,1.000000,0.333292,-0.375754,0.027000,0.000000,0.000000,0.362000,0.000000,0.000000,0.000000,0.000000,0.573190,0.784127,-0.070249,0.518363,1.000000,0.882025,0,0.00,candidate,1784301007,1784294100
cand-7c76417c-1558,ETH,long,3.089990,-0.126591,-1.677269,-1.168005,0.126245,0.326667,1.172068,0.099214,0.780505,0.000000,-0.855392,0.510133,0.025997,-0.333333,0.434772,0.000000,0.000000,1.000000,0.000000,0.000000,0.961580,0.100451,0.168000,0.018579,0.000000,0.270000,-0.034570,0.000000,-0.469472,-0.882948,0.000000,2.000000,-0.158464,0.989174,0.000000,0.275594,0.468020,0.754598,1.000000,-0.163135,-0.098391,1.000000,0.265775,-0.407713,0.003000,0.000000,0.000000,0.000000,0.000000,0.000000,0.000000,0.000000,0.054394,0.000000,0.018109,0.709970,1.000000,1.000000,0,0.00,candidate,1784301007,1784295900
cand-7c76417c-1560,BTC,long,1.019570,-0.214258,-1.677775,-0.460239,0.087973,0.286667,1.410984,0.001586,0.811876,0.000000,-1.200730,0.984112,0.012890,-0.333333,0.324199,0.000000,0.000000,1.000000,0.000000,0.000000,0.963351,0.099294,0.168000,0.018579,0.000000,0.270000,-0.024185,0.000000,-0.496217,-0.868199,0.000000,1.002388,0.031393,0.502059,0.000000,0.349251,0.716439,0.888423,0.000000,-0.023072,0.000000,1.000000,0.251130,-0.609382,0.010000,0.000000,0.000000,0.483000,0.000000,0.000000,0.000000,0.000000,0.033318,0.000000,-0.149923,0.403736,1.000000,1.000000,0,0.00,candidate,1784301308,1784296200
cand-7c76417c-1469,BTC,short,1.117248,0.566933,-0.242853,2.143038,0.093159,0.343333,0.516658,0.001593,0.894509,0.000000,-0.210073,-0.404095,-0.043117,0.333333,0.324281,0.000000,0.000000,1.000000,0.000000,0.000000,0.624314,-0.141049,0.236000,-0.016716,0.000000,0.270000,0.008151,0.000000,0.938191,-0.346117,0.000000,0.381579,0.180323,1.323596,0.000000,0.145272,0.919271,0.000000,0.000000,-0.016066,0.000000,1.000000,0.080312,-0.049942,0.055000,0.000000,0.000000,0.720000,0.014000,0.000000,0.000000,0.000000,0.304227,-0.000000,0.014428,0.841902,-1.000000,0.870057,0,0.00,candidate,1784301617,1784272500
cand-7c76417c-1471,BTC,short,-0.423926,0.233428,-0.140566,2.003308,0.093507,0.346667,0.332387,0.001591,0.846998,0.000000,0.285424,-0.417058,-0.041007,0.333333,0.324281,0.000000,0.000000,1.000000,0.000000,0.000000,0.597859,-0.164734,0.236000,-0.016716,0.000000,0.270000,0.008151,0.000000,0.927184,-0.374607,0.000000,0.194311,0.078179,0.684486,0.000000,0.169054,0.906092,0.000000,0.000000,-0.008133,0.000000,1.000000,0.066484,0.314290,0.032000,0.000000,0.000000,0.000000,0.009000,0.000000,0.000000,0.000000,0.132969,-0.000000,-0.134473,-0.288863,-1.000000,0.870057,0,0.00,candidate,1784301918,1784272800
cand-7c76417c-1473,ETH,long,0.616551,-0.328830,-0.720645,-1.563154,0.138467,0.393333,1.075110,0.005472,0.809797,0.000000,-0.181658,-0.337240,0.077032,-0.333333,0.430805,0.000000,0.000000,1.000000,0.000000,0.000000,0.768445,0.011683,0.236000,0.016716,0.000000,0.270000,0.019764,0.000000,0.906308,-0.422618,0.000000,1.804200,0.020349,0.969233,0.000000,0.239053,0.496193,0.758034,1.000000,-0.241544,-0.067262,1.000000,0.041405,-0.385655,0.021000,0.000000,0.000000,0.186000,0.001000,0.000000,0.000000,0.000000,0.135498,0.000000,0.215875,0.482866,1.000000,0.882149,0,0.00,candidate,1784302829,1784273700
cand-7c76417c-1474,ETH,long,0.387684,0.009688,-0.297767,-1.427574,0.138241,0.393333,1.108320,0.010939,0.782721,0.000000,0.165286,-0.612941,0.075292,-0.333333,0.430805,0.000000,0.000000,1.000000,0.000000,0.000000,0.645727,-0.105514,0.236000,0.018901,0.000000,0.270000,0.009021,0.000000,0.896873,-0.442289,0.000000,0.407691,0.050887,0.683899,0.000000,0.274276,0.534187,0.776023,1.000000,-0.230699,-0.056576,1.000000,0.030673,-0.281603,0.007000,0.000000,0.000000,0.701000,0.003000,0.000000,0.000000,0.000000,0.354831,0.000000,-0.221077,0.336770,1.000000,0.870179,0,0.00,candidate,1784303131,1784274000
cand-7c76417c-1479,ETH,long,0.572812,0.141262,-0.064270,-1.320875,0.137480,0.380000,0.912161,0.005468,0.793195,0.000000,-0.021904,-0.501473,0.069453,-0.333333,0.430805,0.000000,0.000000,1.000000,0.000000,0.000000,0.339274,-0.400874,0.236000,0.021994,0.000000,0.270000,0.008183,0.000000,0.874620,-0.484810,0.000000,1.254155,0.086072,0.810024,0.000000,0.290968,0.560850,0.780243,1.000000,-0.228155,-0.054068,1.000000,0.006344,-0.270594,0.012000,0.000000,0.000000,0.566000,0.005000,0.000000,0.000000,0.000000,0.047858,0.590164,-0.139811,0.626087,1.000000,0.870179,0,0.00,candidate,1784303711,1784274600
cand-7c76417c-1481,ETH,long,-0.768321,-0.583186,-0.475481,-1.400855,0.137392,0.380000,1.013216,0.005470,0.777138,0.000000,-0.259761,-0.504004,0.066053,-0.333333,0.430805,0.000000,0.000000,1.000000,0.000000,0.000000,0.775033,0.030115,0.236000,0.021994,0.000000,0.270000,-0.008689,0.000000,0.861629,-0.507538,0.000000,1.580880,-0.180122,0.628574,0.000000,0.239255,0.538314,0.744805,1.000000,-0.017354,0.000000,1.000000,0.994753,-0.276183,0.010000,0.000000,0.000000,0.271000,0.002000,0.000000,0.000000,0.000000,0.424869,-0.670139,-0.006399,-0.554598,1.000000,0.870179,0,0.00,candidate,1784304013,1784274900
cand-7c76417c-1482,BTC,short,1.585026,0.796061,0.648341,1.864944,0.092373,0.320000,0.560209,0.001593,0.907220,0.000000,0.482194,-0.276930,-0.027801,0.333333,0.324281,0.000000,0.000000,1.000000,0.000000,0.000000,0.775088,0.030168,0.236000,-0.021994,0.000000,0.270000,-0.008689,0.000000,0.859406,-0.511293,0.000000,1.485301,0.196266,1.812532,0.000000,0.155090,0.926155,0.000000,0.000000,-0.020210,0.000000,1.000000,0.993712,0.014890,0.028000,0.000000,0.000000,0.538000,0.019000,0.000000,0.000000,0.000000,0.103076,-0.000000,0.034337,0.744337,-1.000000,1.000000,0,0.00,candidate,1784304013,1784274900
cand-7c76417c-1485,ETH,long,-0.123823,0.091339,-0.170597,-1.175971,0.136898,0.380000,0.157956,0.005474,0.785719,0.129481,0.380851,-0.798641,0.061573,-0.333333,0.431057,0.000000,0.000000,1.000000,0.000000,0.000000,0.744411,-0.001815,0.260000,0.021994,0.000000,0.270000,-0.008689,0.000000,0.843391,-0.537300,0.000000,1.191747,-0.137915,0.871019,0.000000,0.277728,0.561970,0.768316,1.000000,-0.003343,0.000000,1.000000,0.977944,-0.298228,0.005000,0.000000,0.000000,0.139000,0.004000,0.000000,0.000000,0.000000,0.115244,0.000000,0.074873,-0.219178,1.000000,0.869913,0,0.00,candidate,1784304631,1784275500
cand-7c76417c-1487,ETH,long,0.223611,0.022820,0.023052,-1.156523,0.136931,0.380000,0.791211,0.005478,0.769831,0.825960,1.185507,-0.749114,0.058263,-0.333333,0.431057,0.000000,0.000000,1.000000,0.000000,0.000000,0.763604,0.017980,0.260000,0.021994,0.000000,0.270000,-0.032159,0.000000,0.829038,-0.559193,0.000000,0.633255,-0.067749,0.693239,0.000000,0.294560,0.572308,0.778592,1.000000,0.002781,0.000000,1.000000,0.965101,-0.273837,0.010000,0.000000,0.000000,0.635000,0.004000,0.000000,0.000000,0.000000,0.521220,0.890625,0.548946,0.259091,1.000000,0.869913,0,0.00,candidate,1784304932,1784275800
cand-7c76417c-1492,BTC,short,0.694545,0.146946,0.652954,1.427593,0.094704,0.356667,0.630089,0.001595,0.862020,-0.018752,-0.346375,-0.657534,-0.019938,0.333333,0.324751,0.000000,0.000000,1.000000,0.000000,0.000000,0.970778,0.161183,0.260000,-0.022093,0.000000,0.270000,0.008916,0.000000,0.790690,-0.612217,0.000000,0.962096,0.157729,1.041528,0.000000,0.131230,0.937495,0.000000,0.000000,-0.027035,0.000000,1.000000,0.933431,0.108822,0.028000,0.000000,0.000000,0.576000,0.021000,0.000000,0.000000,0.000000,0.258373,-0.000000,0.005448,0.524841,-1.000000,0.751693,0,0.00,candidate,1784305814,1784276700
cand-7c76417c-1495,BTC,short,0.414092,1.035171,1.150352,1.716633,0.095160,0.363333,0.366326,0.001596,0.917584,0.000000,0.033915,0.578662,-0.018337,0.333333,0.324751,0.000000,0.000000,1.000000,0.000000,0.000000,0.945270,0.133225,0.260000,-0.019437,0.000000,0.270000,-0.012289,0.000000,0.757565,-0.652760,0.000000,-0.106103,0.380788,2.423961,0.000000,0.073992,0.962715,0.000000,0.000000,-0.063758,0.000000,1.000000,0.910160,0.615398,0.030000,0.000000,0.000000,0.355000,0.033000,0.000000,0.000000,0.000000,0.641566,-0.000000,-0.161411,0.179245,-1.000000,0.751378,0,0.00,candidate,1784306425,1784277300
cand-7c76417c-1497,ETH,long,2.125329,-0.333891,-0.220290,-1.185069,0.139783,0.403333,1.060721,0.005473,0.808102,0.000000,-0.420622,0.050646,0.049263,-0.333333,0.431057,0.000000,0.000000,1.000000,0.000000,0.000000,0.949559,0.125605,0.260000,0.019437,0.000000,0.270000,-0.012289,0.000000,0.748956,-0.662620,0.000000,1.473376,-0.157624,1.158711,0.000000,0.231740,0.533690,0.740209,1.000000,-0.020093,0.000000,1.000000,0.902867,-0.361105,0.010000,0.000000,0.000000,0.121000,0.004000,0.000000,0.000000,0.000000,0.595645,1.000000,0.001478,0.928082,1.000000,0.881938,1,0.00,candidate,1784306726,1784277600
cand-7c76417c-1499,ETH,long,0.934575,0.949958,0.185867,-1.211810,0.139288,0.400000,0.569440,0.010937,0.782752,0.000000,-0.079679,0.153298,0.047741,-0.333333,0.431057,0.000000,0.000000,1.000000,0.000000,0.000000,0.949148,0.118712,0.260000,0.019437,0.000000,0.270000,0.011024,0.000000,0.725374,-0.688355,0.000000,1.318987,0.181305,0.781937,0.000000,0.314037,0.598431,0.783911,1.000000,0.005951,0.000000,1.000000,0.886109,-0.437304,0.010000,0.000000,0.000000,0.482000,0.004000,0.000000,0.000000,0.000000,0.253787,0.000000,-0.007522,0.835088,1.000000,0.881940,0,0.00,candidate,1784307005,1784277900
cand-7c76417c-1555,ETH,short,3.019346,3.152920,3.173363,1.384556,0.123192,0.316667,0.922478,0.133151,0.827466,0.000000,-0.938184,0.832033,-0.021028,0.333333,0.434772,0.000000,0.000000,1.000000,0.000000,0.000000,0.965870,0.129877,0.168000,-0.018837,0.000000,0.270000,-0.000069,0.000000,-0.418660,-0.908143,0.000000,1.898936,0.446330,2.004641,0.000000,0.045403,0.970512,0.000000,0.000000,-0.188105,-0.159972,1.000000,0.293253,0.485209,0.002000,0.000000,0.000000,0.120000,0.000000,0.000000,0.000000,0.000000,0.235906,-0.000000,0.086645,0.703549,-1.000000,1.000000,0,0.00,candidate,1784308221,1784295000
cand-7c76417c-1556,BTC,short,2.285916,1.994706,2.910450,1.094272,0.084946,0.266667,0.308829,0.001599,0.860591,0.000000,-0.680481,4.278042,-0.001605,0.333333,0.324199,0.000000,0.000000,1.000000,0.000000,0.000000,0.970132,0.123110,0.168000,-0.018837,0.000000,0.270000,-0.000069,0.000000,-0.430511,-0.902585,0.000000,1.538457,0.552671,1.007467,0.000000,0.034279,0.985454,0.000000,0.000000,-0.081442,-0.033649,1.000000,0.285930,0.368511,0.010000,0.000000,0.000000,0.801000,0.000000,0.000000,0.000000,0.000000,0.305176,-0.000000,0.041488,0.615502,-1.000000,1.000000,0,0.00,candidate,1784308221,1784295300
cand-7c76417c-1577,ETH,short,-0.212781,0.924980,1.449530,1.177771,0.139957,0.403333,0.119266,0.005510,0.801470,0.000000,-0.130340,-0.367734,-0.032788,0.333333,0.435889,0.000000,0.000000,0.000000,1.000000,0.000000,0.879643,-0.004384,0.176000,-0.019614,0.000000,0.270000,-0.024014,0.000000,-0.777146,-0.629320,0.000000,-0.333223,0.314327,1.413100,0.000000,0.280601,0.793958,0.000000,0.000000,-0.160911,0.000000,0.012296,0.073457,0.297456,0.009000,0.000000,0.000000,0.000000,0.000000,0.000000,0.000000,0.000000,0.288955,-0.000000,0.090447,-0.177994,-1.000000,0.751765,0,0.00,candidate,1784308221,1784301300
cand-7c76417c-1559,ETH,short,-1.135295,-0.101163,1.647819,1.183980,0.126689,0.326667,0.147293,0.005487,0.785415,2.146760,3.097976,0.349050,-0.028386,0.333333,0.434772,0.000000,0.000000,1.000000,0.000000,0.000000,0.963254,0.099197,0.168000,-0.018579,0.000000,0.270000,-0.024185,0.000000,-0.488621,-0.872496,0.000000,1.319361,0.046170,1.197890,0.000000,0.340926,0.749994,0.000000,0.000000,-0.134155,-0.069746,1.000000,0.254256,0.677221,0.006000,0.000000,0.000000,0.126000,0.000000,0.000000,0.000000,0.000000,0.446573,-0.000000,0.055158,-0.399694,-1.000000,1.000000,0,0.00,candidate,1784308522,1784296200
cand-7c76417c-1575,ETH,short,0.843666,0.160781,0.659243,0.901261,0.136745,0.376667,0.452489,0.005514,0.851775,-0.310101,-1.141570,-0.288376,-0.030305,0.333333,0.435889,0.000000,0.000000,0.000000,1.000000,0.000000,0.482062,-0.398305,0.176000,-0.019074,0.000000,0.270000,0.004011,0.000000,-0.728371,-0.685183,0.000000,-0.253044,0.095353,3.000000,0.000000,0.422528,0.690710,0.000000,0.000000,-0.098075,0.000000,0.000000,0.110344,0.485013,0.003000,0.000000,0.000000,0.003000,0.002000,0.000000,0.000000,0.000000,0.618028,0.704698,-0.304138,0.410156,-1.000000,0.739030,0,0.00,candidate,1784308522,1784300400
cand-7c76417c-1578,ETH,short,-0.875980,0.645467,1.150915,1.030491,0.140915,0.413333,0.371381,0.005509,0.799570,0.000000,0.057962,-0.344232,-0.032788,0.333333,0.435889,0.000000,0.000000,0.000000,1.000000,0.000000,0.902864,0.026090,0.176000,-0.019614,0.000000,0.270000,-0.024014,0.000000,-0.779884,-0.625923,0.000000,0.252115,0.071603,1.327664,0.000000,0.336671,0.753092,0.000000,0.000000,-0.136040,0.000000,0.012643,0.072415,0.286379,0.005000,0.000000,0.000000,0.000000,0.000000,0.000000,0.000000,0.000000,0.332231,-0.000000,0.020254,-0.347826,-1.000000,0.751728,0,0.00,candidate,1784308522,1784301600
cand-7c76417c-1563,ETH,long,3.710949,1.612488,-0.352324,-0.566558,0.131450,0.356667,0.945296,0.005479,0.822687,0.000000,-0.010273,1.736775,0.028161,-0.333333,0.434772,0.000000,0.000000,1.000000,0.000000,0.000000,0.984004,0.102956,0.168000,0.018548,0.000000,0.270000,-0.024185,0.000000,-0.515038,-0.857167,0.000000,1.151629,0.483456,2.040787,0.000000,0.563204,0.681251,0.767560,1.000000,-0.036179,0.000000,1.000000,0.240422,-0.287578,0.004000,0.000000,0.000000,0.989000,0.000000,0.000000,0.000000,0.000000,0.513764,0.000000,-0.006711,0.752542,1.000000,1.000000,1,0.00,candidate,1784308832,1784296500
cand-7c76417c-1569,ETH,long,2.488446,-0.396392,2.602592,-0.700683,0.133568,0.363333,0.394608,0.005490,0.774173,0.000000,0.367211,0.133252,0.029115,-0.333333,0.430986,0.000000,0.000000,1.000000,0.000000,0.000000,0.991522,0.097042,0.128000,0.018568,0.000000,0.270000,-0.024574,0.000000,-0.649448,-0.760406,0.000000,0.765804,-0.003316,1.039121,1.000000,0.598748,0.707417,0.793658,1.000000,-0.020600,0.000000,1.000000,0.161178,-0.384171,0.008000,0.000000,0.000000,0.725000,0.002000,0.000000,0.000000,0.000000,0.315564,1.000000,-0.003311,0.942457,1.000000,0.868120,1,0.00,candidate,1784308832,1784298900
cand-7c76417c-1582,ETH,long,1.863743,1.088031,-0.169597,-0.912121,0.145458,0.426667,0.783267,0.071378,0.808183,0.000000,0.448432,0.008921,0.035697,-0.333333,0.435889,0.000000,0.000000,0.000000,1.000000,0.000000,0.856665,-0.022751,0.176000,0.019600,0.000000,0.270000,0.048316,0.000000,-0.826590,-0.562805,0.000000,0.522212,0.344491,1.492086,0.000000,0.559700,0.678669,0.764984,1.000000,-0.037716,0.000000,0.025636,0.033436,-0.301893,0.010000,0.000000,0.000000,0.510000,0.000000,0.000000,0.000000,0.000000,0.257087,1.000000,-0.008224,0.784127,1.000000,0.868452,1,0.00,candidate,1784308832,1784302500
cand-7c76417c-1583,ETH,long,-0.685328,1.532134,0.190371,-0.978841,0.144812,0.426667,1.084188,0.054908,0.754858,0.000000,0.120751,-0.615201,0.034403,-0.333333,0.435889,0.000000,0.000000,0.000000,1.000000,0.000000,0.876247,-0.004313,0.176000,0.018951,0.000000,0.270000,-0.004545,0.000000,-0.841039,-0.540974,0.000000,0.614440,0.462888,0.670515,0.000000,0.514393,0.645252,0.731653,1.000000,-0.057612,0.000000,0.029216,0.022696,-0.277210,0.012000,0.000000,0.000000,0.597000,0.000000,0.000000,0.000000,0.000000,0.014089,0.000000,0.098299,-0.434783,1.000000,0.739370,1,0.00,candidate,1784308832,1784302800
cand-7c76417c-1584,ETH,long,0.152474,1.519613,0.438383,-0.881824,0.143899,0.423333,0.111999,0.005483,0.721610,0.000000,-0.393574,-0.740696,0.034734,-0.333333,0.435889,0.000000,0.000000,0.000000,1.000000,0.000000,0.816464,-0.061981,0.176000,0.018951,0.000000,0.270000,-0.004545,0.000000,-0.845728,-0.533615,0.000000,-0.972189,0.325727,0.427395,1.000000,0.552916,0.690303,0.739025,1.000000,-0.053212,0.000000,0.030952,0.017487,-0.295974,0.010000,0.000000,0.000000,0.613000,0.002000,0.000000,0.000000,0.000000,0.070827,0.000000,0.600714,0.195122,1.000000,0.739370,1,0.00,candidate,1784308832,1784303100
cand-7c76417c-1501,ETH,long,1.380742,0.713169,1.405418,-0.008296,0.132844,0.360000,0.895375,0.005454,0.791532,-0.288265,-0.596463,-0.394508,0.047695,-0.333333,0.430743,0.000000,0.000000,1.000000,0.000000,0.000000,0.940719,0.093065,0.396000,0.025567,0.000000,0.270000,0.001946,0.000000,0.566406,-0.824126,0.000000,0.325935,0.136516,0.829206,1.000000,0.858273,0.957640,0.857468,1.000000,0.062203,0.000000,1.000000,0.785481,-0.425255,0.019000,0.000000,0.000000,0.116000,0.001000,0.000000,0.000000,0.000000,0.065681,1.000000,-0.008056,0.863753,1.000000,0.751468,1,0.00,candidate,1784310016,1784280900
cand-7c76417c-1502,ETH,long,0.459602,0.445382,0.906189,0.178600,0.130496,0.353333,0.397207,0.005455,0.798233,0.000000,-0.022729,0.052977,0.047570,-0.333333,0.430743,0.000000,0.000000,1.000000,0.000000,0.000000,0.823455,-0.020575,0.396000,0.025567,0.000000,0.270000,0.001946,0.000000,0.555570,-0.831470,0.000000,-0.498168,0.159725,0.916886,1.000000,0.925182,0.977652,0.877540,1.000000,-0.167631,0.000000,1.000000,0.780272,-0.354477,0.010000,0.000000,0.000000,0.131000,0.003000,0.000000,0.000000,0.000000,0.171389,0.000000,0.199699,0.448560,1.000000,0.882414,1,0.00,candidate,1784310316,1784281200
cand-7c76417c-1504,ETH,long,-1.110662,0.485064,0.301610,0.262216,0.129655,0.346667,1.018511,0.092751,0.812848,0.000000,-0.116308,-0.641023,0.049225,-0.333333,0.430743,0.000000,0.000000,1.000000,0.000000,0.000000,0.283575,-0.503412,0.396000,0.025567,0.000000,0.270000,0.016160,0.000000,0.526214,-0.850352,0.000000,0.621303,0.158068,1.238513,1.000000,0.764599,0.929584,0.829328,1.000000,-0.195677,0.000000,1.000000,0.764559,-0.316346,0.034000,0.000000,0.000000,0.000000,0.001000,0.000000,0.000000,0.000000,0.207018,-1.000000,0.001013,-0.901024,1.000000,0.751578,1,0.00,candidate,1784310626,1784281500
cand-7c76417c-1581,ETH,long,2.049515,-0.031349,-0.177266,-0.800409,0.143012,0.423333,1.069058,0.005495,0.794910,0.000000,-0.633479,-0.065117,0.034354,-0.333333,0.435889,0.000000,0.000000,0.000000,1.000000,0.000000,0.922900,0.037619,0.176000,0.019600,0.000000,0.270000,-0.009348,0.000000,-0.801254,-0.598325,0.000000,1.440439,0.143839,1.136305,0.000000,0.470088,0.612510,0.698995,1.000000,-0.077107,0.000000,0.018311,0.055410,-0.329599,0.003000,0.000000,0.000000,0.655000,0.000000,0.000000,0.000000,0.000000,0.179996,0.000000,0.010194,0.843106,1.000000,0.749318,1,0.00,candidate,1784310927,1784301900
cand-7c76417c-1506,ETH,long,-0.276296,0.571542,0.616944,0.675807,0.128232,0.340000,0.537143,0.005453,0.828289,0.000000,-0.189507,-0.573458,0.049038,-0.333333,0.430743,0.000000,0.000000,1.000000,0.000000,0.000000,0.497024,-0.290710,0.396000,0.025525,0.000000,0.270000,0.016160,0.000000,0.496217,-0.868199,0.000000,-0.455529,0.065299,1.425412,1.000000,0.905109,0.971651,0.871521,1.000000,0.063619,0.000000,1.000000,0.746567,-0.495938,0.024000,0.000000,0.000000,0.331000,0.000000,0.000000,0.000000,0.000000,0.163498,0.000000,0.252898,-0.284483,1.000000,0.751624,1,0.00,candidate,1784311228,1784282100
cand-7c76417c-1508,ETH,long,1.267731,1.241067,1.006579,0.664094,0.127189,0.330000,1.160703,0.005452,0.838382,0.196498,0.678633,0.755383,0.048879,-0.333333,0.428214,0.000000,0.000000,1.000000,0.000000,0.000000,0.841490,0.040919,0.404000,0.025525,0.000000,0.270000,-0.016027,0.000000,0.465615,-0.884988,0.000000,0.139444,0.225143,1.611205,1.000000,0.991294,0.997279,0.925432,1.000000,0.095739,0.000000,1.000000,0.729549,-0.425111,0.009000,0.000000,0.000000,0.000000,0.000000,0.000000,0.000000,0.000000,0.049844,1.000000,0.036056,0.767442,1.000000,1.000000,0,0.00,candidate,1784311506,1784282400
cand-7c76417c-1511,ETH,long,-0.593088,0.412737,0.820613,0.711516,0.126694,0.330000,1.001537,0.021804,0.794776,0.000000,-0.457875,2.815447,0.048445,-0.333333,0.428214,0.000000,0.000000,1.000000,0.000000,0.000000,0.782569,-0.014711,0.404000,0.027085,0.000000,0.270000,0.023368,0.000000,0.450098,-0.892979,0.000000,1.575689,0.130303,0.862450,1.000000,0.835106,0.943714,0.900319,1.000000,0.080777,0.000000,1.000000,0.721936,-0.299721,0.003000,0.000000,0.000000,0.072000,0.000000,0.000000,0.000000,0.000000,0.301792,0.000000,-0.111245,-0.334140,1.000000,0.882157,0,0.00,candidate,1784311815,1784282700
cand-7c76417c-1512,ETH,long,0.830840,0.559062,0.720287,0.693931,0.126465,0.330000,0.148353,0.076205,0.816062,0.000000,-0.513328,0.428326,0.048181,-0.333333,0.428214,0.000000,0.000000,1.000000,0.000000,0.000000,0.767257,-0.028541,0.404000,0.027085,0.000000,0.270000,0.023368,0.000000,0.442289,-0.896873,0.000000,-0.853184,0.054718,1.104153,1.000000,0.937766,0.978779,0.935430,1.000000,0.101696,0.000000,1.000000,0.717769,-0.331926,0.001000,0.000000,0.000000,0.249000,0.002000,0.000000,0.000000,0.000000,0.257356,0.699275,0.333319,0.420479,1.000000,1.000000,0,0.00,candidate,1784312115,1784283000
cand-7c76417c-1513,BTC,long,0.362376,0.253955,0.703760,0.683613,0.087962,0.286667,1.164221,0.001586,0.910096,0.000000,-0.201904,-0.411130,0.005277,-0.333333,0.321934,0.000000,0.000000,1.000000,0.000000,0.000000,0.768137,-0.027662,0.404000,0.027085,0.000000,0.270000,0.023368,0.000000,0.438371,-0.898794,0.000000,0.376637,0.173184,1.567998,1.000000,0.927129,0.980550,0.897783,1.000000,0.054214,0.000000,1.000000,0.715685,-0.567777,0.044000,0.000000,0.000000,0.540000,0.015000,0.000000,0.000000,0.000000,0.166457,1.000000,0.506436,0.224330,1.000000,0.751877,1,0.00,candidate,1784312115,1784283000
cand-7c76417c-1514,ETH,long,-0.269956,0.942789,1.028281,0.523124,0.122974,0.316667,1.049215,0.005449,0.819068,0.000000,0.057621,0.386388,0.046474,-0.333333,0.428214,0.000000,0.000000,1.000000,0.000000,0.000000,0.712470,-0.081617,0.404000,0.027085,0.000000,0.270000,-0.002974,0.000000,0.414693,-0.909961,0.000000,0.518015,0.194934,1.129995,1.000000,0.879132,0.957544,0.861200,1.000000,0.095089,0.000000,1.000000,0.702117,-0.433002,0.026000,0.000000,0.000000,0.000000,0.000000,0.000000,0.000000,0.000000,0.169493,0.000000,-0.482142,-0.251012,1.000000,1.000000,0,0.00,candidate,1784312425,1784283300
cand-7c76417c-1516,ETH,long,-0.505125,0.215722,0.622694,0.230280,0.118569,0.283333,1.053692,0.005449,0.800734,0.000000,0.032883,-0.402985,0.045984,-0.333333,0.428214,0.000000,0.000000,1.000000,0.000000,0.000000,0.805830,0.010060,0.404000,0.027085,0.000000,0.270000,-0.002974,0.000000,0.402747,-0.915311,0.000000,0.004477,0.088094,0.914176,1.000000,0.822314,0.937548,0.841147,1.000000,0.083164,0.000000,1.000000,0.696846,-0.373090,0.027000,0.000000,0.000000,0.000000,0.000000,0.000000,0.000000,0.000000,0.095203,0.000000,-0.018297,-0.526570,1.000000,0.751951,0,0.00,candidate,1784312425,1784283600
cand-7c76417c-1520,ETH,long,-0.028040,-0.082031,0.900140,0.222803,0.116492,0.263333,0.979368,0.005445,0.822311,0.000000,-0.040864,-1.111477,0.042873,-0.333333,0.428214,0.000000,0.000000,1.000000,0.000000,0.000000,0.780959,-0.014782,0.404000,0.022591,0.000000,0.270000,0.002129,0.000000,0.362438,-0.932008,0.000000,-0.026656,0.032190,1.281269,1.000000,0.860021,0.950821,0.854458,1.000000,0.091080,0.000000,1.000000,0.675674,-0.356548,0.019000,0.000000,0.000000,0.000000,0.000000,0.000000,0.000000,0.000000,0.237155,0.000000,0.495983,-0.035211,1.000000,0.869705,0,0.00,candidate,1784312425,1784284200
cand-7c76417c-1522,ETH,long,0.623077,0.436176,0.626717,0.252384,0.116168,0.263333,0.483824,0.005442,0.828994,0.000000,-0.138190,-0.938216,0.041248,-0.333333,0.428214,0.000000,0.000000,1.000000,0.000000,0.000000,0.932199,0.133671,0.404000,0.022591,0.000000,0.270000,0.002129,0.000000,0.342020,-0.939693,0.000000,0.416987,0.116034,1.530363,1.000000,0.928719,0.974975,0.878682,1.000000,0.105485,0.000000,1.000000,0.665234,-0.312823,0.024000,0.000000,0.000000,0.278000,0.000000,0.000000,0.000000,0.000000,0.085866,0.000000,-0.059659,0.750000,1.000000,0.869820,0,0.00,candidate,1784312425,1784284500
cand-7c76417c-1524,ETH,long,0.300492,0.245393,0.331993,0.516613,0.114128,0.256667,0.170024,0.005448,0.842071,0.000000,0.135195,-0.925906,0.034622,-0.333333,0.428214,0.000000,0.000000,1.000000,0.000000,0.000000,0.497346,-0.291410,0.404000,0.024120,0.000000,0.270000,0.012555,0.000000,0.263031,-0.964787,0.000000,-0.259068,0.213168,1.556233,1.000000,0.887397,0.960450,0.864115,1.000000,0.096822,0.000000,1.000000,0.626012,-0.157963,0.031000,0.000000,0.000000,0.000000,0.000000,0.000000,0.000000,0.000000,0.201297,0.000000,0.202919,0.429530,1.000000,0.752140,0,0.00,candidate,1784312425,1784285400
cand-7c76417c-1528,ETH,long,0.389335,-0.468390,-0.397960,0.425983,0.110639,0.246667,0.938583,0.005452,0.706895,0.000000,-0.154172,-0.024472,0.028255,-0.333333,0.429178,0.000000,0.000000,1.000000,0.000000,0.000000,0.935460,0.142562,0.364000,0.024115,0.000000,0.270000,-0.006259,0.000000,0.160743,-0.986996,0.000000,0.768559,-0.119945,0.196039,1.000000,0.734504,0.906599,0.980102,1.000000,0.064706,0.000000,1.000000,0.576484,-0.299756,0.020000,0.000000,0.000000,0.000000,0.000000,0.000000,0.000000,0.000000,0.497512,0.000000,0.243167,0.275618,1.000000,0.749259,0,0.00,candidate,1784312726,1784286900
cand-7c76417c-1541,ETH,long,-0.453302,-1.157113,0.213495,0.509615,0.110527,0.243333,1.032955,0.005448,0.821635,0.000000,-0.082000,0.269520,0.017667,-0.333333,0.428814,0.000000,0.000000,1.000000,0.000000,0.000000,0.501921,-0.283453,0.140000,0.018997,0.000000,0.270000,0.020367,0.000000,-0.043619,-0.999048,0.000000,0.143750,-0.029884,1.419829,1.000000,0.706281,0.881976,0.967770,1.000000,0.016553,0.000000,1.000000,0.478158,-0.253273,0.009000,0.000000,0.000000,0.000000,0.003000,0.000000,0.000000,0.000000,0.101223,0.000000,0.045583,-0.557576,1.000000,0.881900,0,0.00,candidate,1784312726,1784289900
cand-7c76417c-1521,BTC,long,0.913649,0.568932,0.854061,0.581273,0.083263,0.243333,0.728382,0.001585,0.844022,0.000000,-0.117258,0.072334,0.002059,-0.333333,0.321934,0.000000,0.000000,1.000000,0.000000,0.000000,0.932058,0.133530,0.404000,0.022591,0.000000,0.270000,0.002129,0.000000,0.342020,-0.939693,0.000000,-0.465588,0.124115,0.554408,1.000000,0.971849,0.992026,0.925910,1.000000,0.070994,0.000000,1.000000,0.666276,-0.267203,0.042000,0.000000,0.000000,0.614000,0.024000,0.000000,0.000000,0.000000,0.112214,0.000000,-0.057263,0.759113,1.000000,0.869820,1,0.00,candidate,1784313609,1784284500
cand-7c76417c-1523,BTC,long,0.026851,0.729490,1.197376,0.738465,0.082566,0.240000,0.579800,0.001584,0.844832,0.000000,0.005373,-0.684764,0.000006,-0.333333,0.321934,0.000000,0.000000,1.000000,0.000000,0.000000,0.374113,-0.414210,0.404000,0.024051,0.000000,0.270000,0.012555,0.000000,0.288196,-0.957571,0.000000,-0.313956,-0.025586,0.651914,1.000000,0.985842,0.995830,0.941146,1.000000,0.080082,0.000428,1.000000,0.638850,-0.327027,0.025000,0.000000,0.000000,0.642000,0.025000,0.000000,0.000000,0.000000,0.000977,0.000000,0.031409,0.073446,1.000000,0.752140,1,0.00,candidate,1784314219,1784285100
cand-7c76417c-1525,BTC,long,0.250301,1.058239,1.057527,0.841203,0.082236,0.240000,1.159680,0.001584,0.960338,0.000000,0.000188,-0.709009,-0.000629,-0.333333,0.321934,0.000000,0.000000,1.000000,0.000000,0.000000,0.497346,-0.291410,0.404000,0.024120,0.000000,0.270000,0.012555,0.000000,0.263031,-0.964787,0.000000,0.081710,0.068601,3.000000,1.000000,1.000000,1.000000,0.948018,1.000000,0.084182,0.004545,1.000000,0.626012,-0.239070,0.056000,0.000000,0.000000,0.603000,0.025000,0.000000,0.000000,0.000000,0.034884,0.000000,0.357795,0.401840,1.000000,0.870059,1,0.00,candidate,1784314520,1784285400
cand-7c76417c-1588,BTC,long,-0.582894,1.207676,1.180970,0.293889,0.112540,0.473333,1.241917,0.001579,0.814386,0.000000,0.200529,0.462660,0.055877,-0.333333,0.300544,0.000000,0.000000,1.000000,0.000000,0.000000,0.956927,0.074940,0.000000,0.010733,0.000000,0.270000,0.044027,0.000000,-0.880891,-0.473320,0.000000,-0.054901,0.499367,0.353799,1.000000,0.895850,0.945895,0.000000,0.000000,0.064942,0.032526,1.000000,0.983508,-0.318318,0.019000,0.000000,0.000000,0.010000,0.000000,0.000000,0.000000,0.000000,0.274729,0.000000,0.410594,-0.355802,1.000000,0.880896,1,0.00,candidate,1784316620,1784304000
cand-7c76417c-1599,BTC,long,-1.434733,-0.299167,0.627323,0.369505,0.114564,0.500000,1.260547,0.001577,0.891570,0.000000,-0.374556,-0.998880,0.059084,-0.333333,0.300544,0.000000,0.000000,1.000000,0.000000,0.000000,0.975818,0.082377,0.000000,0.017286,0.000000,0.270000,0.008718,0.000000,-0.936672,-0.350207,0.000000,0.105159,0.149707,1.383302,1.000000,0.805324,0.894172,0.000000,0.000000,0.106382,0.000000,1.000000,0.920176,-0.440410,0.018000,0.000000,0.000000,0.084000,0.000000,0.000000,0.000000,0.000000,0.045275,0.000000,-0.003734,-0.890692,1.000000,0.870677,1,0.00,candidate,1784316620,1784305800
cand-7c76417c-1530,BTC,long,0.273639,0.179081,0.230638,0.694461,0.078757,0.213333,0.711747,0.001584,0.872779,-0.218588,-0.542140,0.058735,-0.004649,-0.333333,0.321686,0.000000,0.000000,1.000000,0.000000,0.000000,0.376237,-0.403093,0.364000,0.018755,0.000000,0.270000,0.009499,0.000000,0.104528,-0.994522,0.000000,-0.524519,0.096965,1.026205,1.000000,0.873340,0.960705,0.921516,1.000000,0.068373,0.003163,1.000000,0.547919,-0.270744,0.032000,0.000000,0.000000,0.525000,0.031000,0.000000,0.000000,0.000000,0.380896,0.000000,0.336471,0.266667,1.000000,0.882096,1,0.00,candidate,1784316922,1784287800
cand-7c76417c-1531,BTC,long,2.750218,1.421055,0.747004,0.976763,0.080912,0.226667,1.041232,0.001582,0.886265,0.000000,0.056633,2.710814,-0.005504,-0.333333,0.321686,0.000000,0.000000,1.000000,0.000000,0.000000,0.974094,0.151113,0.364000,0.018755,0.000000,0.270000,0.009499,0.000000,0.078459,-0.996917,0.000000,-0.183318,0.395012,1.239061,1.000000,0.947384,0.980871,0.954812,1.000000,0.112677,0.047725,1.000000,0.537475,-0.473572,0.048000,0.000000,0.000000,0.608000,0.029000,0.000000,0.000000,0.000000,0.067445,0.000000,-0.042059,0.794350,1.000000,1.000000,1,0.00,candidate,1784317230,1784288100
cand-7c76417c-1532,BTC,long,0.307197,1.728161,0.681765,1.045907,0.080787,0.226667,1.255430,0.001582,0.928955,0.000000,-0.169253,0.326471,-0.006245,-0.333333,0.321686,0.000000,0.000000,1.000000,0.000000,0.000000,0.922828,0.105482,0.364000,0.020705,0.000000,0.270000,0.015575,0.000000,0.065403,-0.997859,0.000000,0.504189,0.396792,2.262947,1.000000,0.970141,0.989147,0.963094,1.000000,0.119649,0.056168,1.000000,0.530913,-0.634034,0.035000,0.000000,0.000000,0.783000,0.026000,0.000000,0.000000,0.000000,0.196011,0.000000,0.325183,0.429752,1.000000,0.881819,1,0.00,candidate,1784317502,1784288400
cand-7c76417c-1537,BTC,long,-0.491042,1.358241,0.531929,1.003747,0.080807,0.226667,1.609438,0.001580,0.828487,-0.054755,-0.378951,0.516278,-0.007595,-0.333333,0.321686,0.000000,0.000000,1.000000,0.000000,0.000000,0.922229,0.103680,0.364000,0.020705,0.000000,0.270000,0.027590,0.000000,0.026177,-0.999657,0.000000,1.722453,0.272745,0.488180,1.000000,0.895220,0.960260,0.802538,0.000000,0.111759,0.048211,1.000000,0.511033,-0.338196,0.029000,0.000000,0.000000,0.638000,0.031000,0.000000,0.000000,0.000000,0.665560,-0.804487,-0.445034,-0.332891,1.000000,0.881819,1,0.00,candidate,1784317803,1784288700
cand-7c76417c-1539,BTC,long,-1.097700,1.307896,0.665472,1.334427,0.081467,0.230000,1.133953,0.001581,0.912723,0.000000,0.111026,-0.535434,-0.007569,-0.333333,0.321686,0.000000,0.000000,1.000000,0.000000,0.000000,0.701268,-0.090304,0.364000,0.018997,0.000000,0.270000,0.027590,0.000000,0.000000,-1.000000,0.000000,-0.475485,0.146437,1.525652,1.000000,0.908879,0.964909,0.000000,0.000000,0.123532,0.037125,1.000000,0.498168,-0.463570,0.031000,0.000000,0.000000,0.986000,0.046000,0.000000,0.000000,0.000000,0.225517,0.000000,-0.010974,-0.777778,1.000000,0.752225,1,0.00,candidate,1784318413,1784289300
cand-7c76417c-1540,BTC,long,-0.277732,1.087563,0.891547,1.224067,0.081396,0.230000,0.448475,0.001581,0.856537,0.000000,-0.012547,-0.361490,-0.009170,-0.333333,0.320113,0.000000,0.000000,1.000000,0.000000,0.000000,0.617628,-0.171636,0.140000,0.018997,0.000000,0.270000,0.020367,0.000000,-0.034899,-0.999391,0.000000,-0.685477,0.005989,0.741828,1.000000,0.889315,0.957365,0.000000,0.000000,0.122626,0.052612,1.000000,0.481312,-0.166023,0.096000,0.000000,0.000000,0.829000,0.043000,0.000000,0.000000,0.000000,0.610453,0.000000,-0.608114,-0.220183,1.000000,0.752225,1,0.00,candidate,1784318715,1784289600
cand-7c76417c-1544,BTC,long,-0.308263,-0.401329,0.934023,1.021059,0.081065,0.226667,1.042797,0.001581,0.899032,-0.123035,-0.325080,0.137576,-0.010326,-0.333333,0.320113,0.000000,0.000000,1.000000,0.000000,0.000000,0.554714,-0.231129,0.140000,0.018978,0.000000,0.270000,-0.009904,0.000000,-0.074108,-0.997250,0.000000,0.594322,-0.302486,1.317100,1.000000,0.846764,0.940946,0.000000,0.000000,0.102133,0.033503,1.000000,0.463254,-0.316471,0.041000,0.000000,0.000000,0.895000,0.042000,0.000000,0.000000,0.000000,0.205188,0.000000,0.207942,-0.341991,1.000000,0.752225,1,0.00,candidate,1784319329,1784290200
cand-7c76417c-1546,BTC,long,-0.810635,-0.532103,0.579501,1.318808,0.081201,0.230000,0.847505,0.001583,0.910465,0.000000,0.014478,0.204541,-0.010670,-0.333333,0.320113,0.000000,0.000000,1.000000,0.000000,0.000000,0.824649,0.035082,0.140000,0.018978,0.000000,0.270000,-0.009904,0.000000,-0.095846,-0.995396,0.000000,1.641955,-0.293462,1.398853,1.000000,0.789848,0.918958,0.000000,0.000000,0.089031,0.020321,1.000000,0.452799,-0.496384,0.052000,0.000000,0.000000,0.110000,0.040000,0.000000,0.000000,0.000000,0.330439,0.000000,-0.276314,-0.474344,1.000000,0.881900,1,0.00,candidate,1784319631,1784290500
cand-7c76417c-1548,BTC,long,0.782334,-0.817747,0.855929,1.146834,0.081510,0.230000,0.180720,0.001583,0.882822,0.000000,0.097789,1.241885,-0.010670,-0.333333,0.320113,0.000000,0.000000,1.000000,0.000000,0.000000,0.924618,0.130505,0.140000,0.018978,0.000000,0.270000,0.005897,0.000000,-0.108867,-0.994056,0.000000,-0.909454,-0.197002,0.900270,1.000000,0.844986,0.940259,0.000000,0.000000,0.101724,0.033091,1.000000,0.447523,-0.340584,0.031000,0.000000,0.000000,0.249000,0.042000,0.000000,0.000000,0.000000,0.311175,0.000000,0.073703,0.549795,1.000000,0.881816,1,0.00,candidate,1784319910,1784290800
cand-7c76417c-1549,BTC,long,-1.092154,-0.822097,0.358943,1.127440,0.080130,0.216667,1.110243,0.001584,0.890941,0.000000,-0.010747,-0.378338,-0.010609,-0.333333,0.320113,0.000000,0.000000,1.000000,0.000000,0.000000,0.970627,0.168066,0.140000,0.020649,0.000000,0.270000,0.005897,0.000000,-0.143493,-0.989651,0.000000,0.475550,-0.289270,1.077704,1.000000,0.769325,0.911023,0.000000,0.000000,0.084303,0.015567,1.000000,0.429517,-0.350091,0.022000,0.000000,0.000000,0.000000,0.035000,0.000000,0.000000,0.000000,0.276857,-0.686104,0.133296,-0.634902,1.000000,0.752265,1,0.00,candidate,1784320211,1784291100
cand-7c76417c-1551,ETH,long,-0.104995,-1.340746,-1.746494,0.117689,0.109363,0.240000,0.599920,0.065640,0.810700,0.000000,-0.122148,2.053751,0.014063,-0.333333,0.428814,0.000000,0.000000,1.000000,0.000000,0.000000,0.938639,0.138012,0.140000,0.019580,0.000000,0.270000,0.009628,0.000000,-0.203642,-0.979045,0.000000,1.150378,-0.212662,1.067464,0.000000,0.117264,0.753018,0.956345,1.000000,0.003602,0.000000,1.000000,0.400985,-0.311693,0.009000,0.000000,0.000000,0.530000,0.000000,0.000000,0.000000,0.000000,0.640337,0.000000,0.186109,-0.072664,1.000000,1.000000,1,0.00,candidate,1784321123,1784292000
cand-7c76417c-1564,BTC,long,2.665750,5.074920,2.369383,0.657060,0.098278,0.393333,0.667637,0.001578,0.923890,0.000000,-0.132418,1.041671,0.020855,-0.333333,0.319754,0.000000,0.000000,1.000000,0.000000,0.000000,0.981344,0.100505,0.128000,0.018548,0.000000,0.270000,0.027476,0.000000,-0.544639,-0.838671,0.000000,-0.704209,1.333893,2.583187,1.000000,0.934852,0.969894,0.000000,0.000000,0.149456,0.074638,1.000000,0.224500,-0.723328,0.005000,0.000000,0.000000,0.803000,0.000000,0.000000,0.000000,0.000000,0.157857,0.000000,-0.060086,0.717316,1.000000,0.867809,1,0.00,candidate,1784321123,1784297100
cand-7c76417c-1595,BTC,long,-2.274174,0.314891,0.861519,0.203651,0.114711,0.500000,0.444114,0.001580,0.871796,0.000000,0.189956,-0.049819,0.059041,-0.333333,0.300544,0.000000,0.000000,1.000000,0.000000,0.000000,0.942915,0.058494,0.000000,0.012691,0.000000,0.270000,0.008017,0.000000,-0.915311,-0.402747,0.000000,-0.790237,0.200200,0.983909,1.000000,0.784124,0.882607,0.000000,0.000000,0.099501,0.000000,1.000000,0.947632,-0.505919,0.028000,0.000000,0.000000,0.597000,0.001000,0.000000,0.000000,0.000000,0.400552,-1.000000,0.029356,-0.808012,1.000000,0.870728,1,0.00,candidate,1784321123,1784305200
cand-83ebeccd-1658,BTC,long,3.628393,-0.728976,-1.532595,-0.501618,0.088745,0.290000,0.555628,0.001595,0.863854,0.000000,-0.537220,1.089361,0.007117,-0.333333,0.324199,0.000000,0.000000,1.000000,0.000000,0.000000,0.961470,0.100344,0.168000,0.018579,0.000000,0.270000,-0.034570,0.000000,-0.461749,-0.887011,0.000000,0.864458,-0.039146,1.098185,0.000000,0.280668,0.686273,0.858411,0.000000,-0.041040,0.000000,1.000000,0.269977,-0.701973,0.013000,0.000000,0.000000,0.475000,0.000000,0.000000,0.000000,0.000000,0.354107,1.000000,0.003361,0.790980,1.000000,1.000000,1,0.00,candidate,1784325031,1784295900
cand-83ebeccd-1662,BTC,long,5.608700,2.051904,0.328641,0.414594,0.096189,0.366667,1.371846,0.001582,0.906984,-0.112628,-1.509685,2.524810,0.013311,-0.333333,0.324199,0.000000,0.000000,1.000000,0.000000,0.000000,0.983591,0.102537,0.168000,0.018548,0.000000,0.270000,-0.024185,0.000000,-0.500000,-0.866025,0.000000,-0.039139,0.519199,2.116230,0.000000,0.763065,0.897312,0.000000,0.000000,0.084660,0.035967,1.000000,0.248005,-0.594741,0.005000,0.000000,0.000000,0.473000,0.000000,0.000000,0.000000,0.000000,0.556626,0.000000,0.001162,0.837525,1.000000,1.000000,1,0.00,candidate,1784325614,1784296500
cand-83ebeccd-1663,ETH,short,-3.710949,-1.612488,0.352324,0.566558,0.131450,0.356667,0.206333,0.005476,0.844956,0.000000,1.072124,1.736775,-0.028892,0.333333,0.434772,0.000000,0.000000,1.000000,0.000000,0.000000,0.983663,0.102610,0.168000,-0.018548,0.000000,0.270000,-0.024185,0.000000,-0.503774,-0.863836,0.000000,0.059040,-0.483456,2.821899,0.000000,0.563204,0.589005,0.000000,0.000000,-0.036179,0.000000,1.000000,0.246673,0.344874,0.001000,0.000000,0.000000,0.562000,0.000000,0.000000,0.000000,0.000000,0.433944,-0.000000,0.006711,-0.752542,-1.000000,1.000000,0,0.00,candidate,1784325614,1784296500
cand-bd6c40c3-1760,ETH,short,0.919931,-2.226777,-1.488216,0.652705,0.130865,0.350000,0.180277,0.076725,0.753213,0.000000,-0.463474,0.126683,-0.029319,0.333333,0.430986,0.000000,0.000000,1.000000,0.000000,0.000000,0.970306,0.090206,0.128000,-0.018568,0.000000,0.270000,0.063868,0.000000,-0.577145,-0.816642,0.000000,1.125573,-0.874230,0.665604,-1.000000,0.600751,0.561965,0.888849,0.000000,-0.019723,0.000000,1.000000,0.205408,0.367051,0.002000,0.000000,0.000000,0.879000,0.001000,0.000000,0.000000,0.000000,0.199783,-0.000000,0.324298,0.327381,-1.000000,0.867825,0,0.00,candidate,1784326815,1784297700
cand-bd6c40c3-1761,BTC,long,-0.078342,3.208913,2.134180,0.596165,0.098826,0.396667,0.620527,0.001581,0.863064,0.000000,0.125112,0.007877,0.024542,-0.333333,0.319754,0.000000,0.000000,1.000000,0.000000,0.000000,0.968646,0.088554,0.128000,0.018568,0.000000,0.270000,0.042031,0.000000,-0.594823,-0.803857,0.000000,-0.161838,0.552448,1.036001,1.000000,0.785830,0.888549,0.000000,0.000000,0.160798,0.063426,1.000000,0.194951,-0.089166,0.018000,0.000000,0.000000,0.968000,0.000000,0.000000,0.000000,0.000000,0.651612,0.000000,0.168327,-0.049000,1.000000,0.871102,1,0.00,candidate,1784327128,1784298000
cand-1dc2345e-1854,ETH,short,1.377659,0.361434,-0.885949,0.850113,0.131298,0.353333,0.250546,0.022012,0.739298,0.000000,-0.695487,-0.116077,-0.029063,0.333333,0.430986,0.000000,0.000000,1.000000,0.000000,0.000000,0.931110,0.049569,0.128000,-0.018568,0.000000,0.270000,0.042031,0.000000,-0.619094,-0.785317,0.000000,-0.360998,-0.135962,0.524272,-1.000000,0.510138,0.627297,0.000000,0.000000,-0.059483,0.000000,1.000000,0.180012,0.330064,0.005000,0.000000,0.000000,0.000000,0.000000,0.000000,0.000000,0.000000,0.090141,-0.000000,0.025009,0.474063,-1.000000,0.867835,0,0.00,candidate,1784327434,1784298300
cand-1dc2345e-1855,BTC,long,-0.924504,-0.006488,2.213743,0.208432,0.099619,0.400000,1.141293,0.001584,0.851680,0.000000,-0.174896,0.409286,0.026467,-0.333333,0.319754,0.000000,0.000000,1.000000,0.000000,0.000000,0.951953,0.068780,0.128000,0.018568,0.000000,0.270000,0.042031,0.000000,-0.625923,-0.779884,0.000000,0.633149,-0.258429,0.762877,1.000000,0.662045,0.823792,0.000000,0.000000,0.122385,0.000000,1.000000,0.176887,-0.494333,0.005000,0.000000,0.000000,0.000000,0.000000,0.000000,0.000000,0.000000,0.290726,0.000000,0.341970,-0.308714,1.000000,1.000000,1,0.00,candidate,1784327716,1784298600
cand-1dc2345e-1866,BTC,long,2.010021,0.542283,0.079261,0.298994,0.108287,0.453333,0.622039,0.001582,0.833102,0.000000,-0.496444,-0.056227,0.046954,-0.333333,0.323209,0.000000,0.000000,1.000000,0.000000,0.000000,0.921430,0.036141,0.176000,0.019614,0.000000,0.270000,-0.009348,0.000000,-0.793353,-0.608761,0.000000,-0.610551,-0.010982,0.507296,1.000000,0.739980,0.864592,0.000000,0.000000,0.146587,0.009893,1.000000,0.061945,-0.286278,0.026000,0.000000,0.000000,0.732000,0.000000,0.000000,0.000000,0.000000,0.523067,0.000000,0.008242,0.876913,1.000000,0.868434,1,0.00,candidate,1784327716,1784301900
cand-1dc2345e-1857,ETH,short,2.068440,1.220450,-1.745971,0.967982,0.135464,0.373333,0.341197,0.022021,0.706952,-0.371521,-1.112688,-0.472608,-0.029070,0.333333,0.430986,0.000000,0.000000,1.000000,0.000000,0.000000,0.968538,0.074436,0.128000,-0.019087,0.000000,0.270000,0.002390,0.000000,-0.662620,-0.748956,0.000000,0.735805,0.194135,0.395784,-1.000000,0.470839,0.655712,0.000000,0.000000,-0.076776,0.000000,1.000000,0.152844,0.269687,0.005000,0.000000,0.000000,0.000000,0.002000,0.000000,0.000000,0.000000,0.216190,-0.000000,-0.001389,0.958801,-1.000000,0.739063,0,0.00,candidate,1784328322,1784299200
cand-1dc2345e-1858,ETH,short,0.743337,1.157790,-0.696555,1.010294,0.135990,0.376667,0.705533,0.005497,0.769091,0.000000,-0.165967,-0.128180,-0.029963,0.333333,0.430986,0.000000,0.000000,1.000000,0.000000,0.000000,0.920293,0.027260,0.128000,-0.019087,0.000000,0.270000,0.002390,0.000000,-0.678801,-0.734323,0.000000,0.364336,0.216377,0.994198,0.000000,0.424781,0.689076,0.000000,0.000000,-0.097081,0.000000,1.000000,0.142104,0.354446,0.009000,0.000000,0.000000,0.725000,0.002000,0.000000,0.000000,0.000000,0.200141,-0.000000,-0.362708,0.370968,-1.000000,0.739063,0,0.00,candidate,1784328637,1784299500
cand-1dc2345e-1859,BTC,short,0.088523,0.871503,-1.583025,0.032053,0.101961,0.413333,0.444049,0.001584,0.907264,0.000000,-0.029936,-0.577487,-0.033512,0.333333,0.319754,0.000000,0.000000,1.000000,0.000000,0.000000,0.906373,0.014110,0.128000,-0.019087,0.000000,0.270000,0.002390,0.000000,-0.691513,-0.722364,0.000000,1.589816,0.339015,1.700595,-1.000000,0.646559,0.662807,0.000000,0.000000,0.117569,0.000000,1.000000,0.134786,0.626130,0.014000,0.000000,0.000000,0.000000,0.000000,0.000000,0.000000,0.000000,0.577490,-0.000000,0.246812,0.044944,-1.000000,0.870943,0,0.00,candidate,1784328918,1784299800
cand-1dc2345e-1860,BTC,long,0.021736,-0.456736,0.061857,0.010309,0.101993,0.416667,1.122984,0.001585,0.846263,0.000000,0.220117,-0.792858,0.036540,-0.333333,0.319754,0.000000,0.000000,1.000000,0.000000,0.000000,0.826866,-0.062748,0.128000,0.019074,0.000000,0.270000,-0.004869,0.000000,-0.716302,-0.697790,0.000000,1.829532,-0.076838,0.660116,1.000000,0.647976,0.816417,0.000000,0.000000,0.118010,0.000000,1.000000,0.116713,-0.443765,0.013000,0.000000,0.000000,0.159000,0.000000,0.000000,0.000000,0.000000,0.232654,0.000000,-0.793022,0.010112,1.000000,0.870943,1,0.00,candidate,1784329242,1784300100
cand-1dc2345e-1861,BTC,short,0.717588,0.380862,0.273781,-0.028424,0.102209,0.420000,0.159899,0.001586,0.910710,0.000000,-0.396260,-0.091480,-0.037796,0.333333,0.319754,0.000000,0.000000,1.000000,0.000000,0.000000,0.479942,-0.400428,0.128000,-0.019074,0.000000,0.270000,-0.004869,0.000000,-0.722364,-0.691513,0.000000,1.282883,0.053855,1.708033,-1.000000,0.601113,0.686285,0.000000,0.000000,0.103422,0.000000,1.000000,0.113588,0.220797,0.009000,0.000000,0.000000,0.439000,0.000000,0.000000,0.000000,0.000000,0.054335,-0.000000,-0.077275,0.518519,-1.000000,0.868152,0,0.00,candidate,1784329525,1784300400
cand-1dc2345e-1863,BTC,long,-1.167975,-1.883866,-1.341372,-0.106053,0.103177,0.430000,1.232590,0.001587,0.872292,0.000000,-0.338063,1.435175,0.039886,-0.333333,0.323209,0.000000,0.000000,1.000000,0.000000,0.000000,0.663418,-0.216505,0.176000,0.019074,0.000000,0.270000,0.004011,0.000000,-0.737277,-0.675590,0.000000,1.884902,-0.473120,0.920453,1.000000,0.524190,0.751380,0.949123,0.000000,0.079430,0.000000,1.000000,0.104045,-0.562949,0.017000,0.000000,0.000000,0.920000,0.000000,0.000000,0.000000,0.000000,0.198857,0.000000,0.431069,-0.328578,1.000000,0.868366,1,0.00,candidate,1784329805,1784300700
cand-1dc2345e-1867,BTC,short,-2.010021,-0.542283,-0.079261,-0.298994,0.108287,0.453333,0.584080,0.001586,0.900998,-0.647062,-1.347799,-0.056227,-0.047230,0.333333,0.323209,0.000000,0.000000,1.000000,0.000000,0.000000,0.922475,0.037191,0.176000,-0.019600,0.000000,0.270000,-0.009348,0.000000,-0.798636,-0.601815,0.000000,1.262818,0.010982,1.404630,-1.000000,0.739980,0.614649,0.894715,0.000000,0.146587,0.009893,1.000000,0.057777,0.487433,0.005000,0.000000,0.000000,0.338000,0.000000,0.000000,0.000000,0.000000,0.136472,-0.000000,-0.008242,-0.876913,-1.000000,0.868434,0,0.00,candidate,1784331031,1784301900
cand-1dc2345e-1872,BTC,long,2.431812,1.124630,1.165635,0.350392,0.112102,0.473333,1.104495,0.001578,0.824764,0.000000,-0.341854,0.666819,0.054534,-0.333333,0.323209,0.000000,0.000000,1.000000,0.000000,0.000000,0.950093,0.068471,0.176000,0.018951,0.000000,0.270000,-0.035960,0.000000,-0.866025,-0.500000,0.000000,1.688575,0.483695,0.419126,1.000000,0.937955,0.967789,0.000000,0.000000,0.078015,0.045672,1.000000,0.998633,-0.327303,0.018000,0.000000,0.000000,0.000000,0.000000,0.000000,0.000000,0.000000,0.277899,0.000000,0.000486,0.977376,1.000000,0.880896,1,0.00,candidate,1784332817,1784303700
cand-1dc2345e-1873,ETH,long,1.357217,1.357214,0.937907,-0.452178,0.145495,0.426667,0.271632,0.005473,0.776598,0.003251,0.565237,0.036293,0.035635,-0.333333,0.435889,0.000000,0.000000,0.000000,1.000000,0.000000,0.951448,0.069828,0.176000,0.010733,0.000000,0.270000,-0.035960,0.000000,-0.874620,-0.484810,0.000000,-0.843924,0.308815,1.119983,1.000000,0.745410,0.828228,0.861289,1.000000,0.019771,0.000000,0.039767,0.991043,-0.232535,0.006000,0.000000,0.000000,0.165000,0.002000,0.000000,0.000000,0.000000,0.225073,0.000000,-0.044974,0.747412,1.000000,0.749446,1,0.00,candidate,1784332817,1784303700
cand-1dc2345e-1874,ETH,long,-0.404892,1.398202,1.047438,-0.423457,0.145805,0.426667,0.444731,0.005471,0.722887,0.000000,0.168401,0.099344,0.035916,-0.333333,0.435889,0.000000,0.000000,0.000000,1.000000,0.000000,0.956737,0.074748,0.176000,0.010733,0.000000,0.270000,-0.035960,0.000000,-0.876727,-0.480989,0.000000,0.277724,0.332914,0.503426,1.000000,0.765657,0.852003,0.841523,1.000000,0.007972,0.000000,0.040462,0.988959,-0.289883,0.020000,0.000000,0.000000,0.183000,0.004000,0.000000,0.000000,0.000000,0.009602,0.000000,0.016595,-0.204934,1.000000,0.751751,1,0.00,candidate,1784333110,1784304000
cand-1dc2345e-1876,BTC,long,0.762652,1.169523,1.711192,0.435203,0.112468,0.473333,0.762445,0.001575,0.879605,-1.425821,-1.951143,-0.738149,0.056561,-0.333333,0.300544,0.000000,0.000000,1.000000,0.000000,0.000000,0.958337,0.076649,0.000000,0.010733,0.000000,0.270000,0.044027,0.000000,-0.887011,-0.461749,0.000000,-0.467476,0.283480,0.941067,1.000000,0.950911,0.974520,0.000000,0.000000,0.082034,0.049717,1.000000,0.978224,-0.238054,0.007000,0.000000,0.000000,0.999000,0.000000,0.000000,0.000000,0.000000,0.617202,0.652278,0.264044,0.486148,1.000000,0.751715,1,0.00,candidate,1784333425,1784304300
cand-1dc2345e-1877,ETH,long,0.378110,0.792586,1.326857,-0.318745,0.146016,0.426667,0.502234,0.081970,0.806765,0.000000,-0.165122,-0.498678,0.034479,-0.333333,0.396793,0.000000,0.000000,0.000000,1.000000,0.000000,0.958567,0.076880,0.000000,0.010733,0.000000,0.270000,0.044027,0.000000,-0.889017,-0.457874,0.000000,0.109594,0.322192,1.520446,1.000000,0.798492,0.873398,0.860009,1.000000,0.019006,0.000000,0.045082,0.975099,-0.267697,0.010000,0.000000,0.000000,0.938000,0.004000,0.000000,0.000000,0.000000,0.390032,0.000000,0.595505,0.228311,1.000000,0.870791,1,0.00,candidate,1784333425,1784304300
cand-1dc2345e-1878,ETH,long,0.422217,1.240992,1.950515,-0.232097,0.146213,0.426667,0.775981,0.005463,0.831333,0.000000,0.064312,-0.191557,0.035093,-0.333333,0.396793,0.000000,0.000000,0.000000,1.000000,0.000000,0.838510,-0.041128,0.000000,0.010733,0.000000,0.270000,0.044027,0.000000,-0.896873,-0.442289,0.000000,0.273747,0.398666,2.038610,1.000000,0.838059,0.899145,0.880667,1.000000,0.031337,0.004065,0.047870,0.966735,-0.469621,0.017000,0.000000,0.000000,0.854000,0.003000,0.000000,0.000000,0.000000,0.135040,0.000000,-0.601856,0.224206,1.000000,0.870728,1,0.00,candidate,1784333708,1784304600
cand-1dc2345e-1879,BTC,long,-0.169717,1.448304,2.213187,0.443160,0.112376,0.473333,0.795375,0.001576,0.849579,0.000000,-0.406981,0.097425,0.057622,-0.333333,0.300544,0.000000,0.000000,1.000000,0.000000,0.000000,0.837860,-0.041778,0.000000,0.012691,0.000000,0.270000,0.008017,0.000000,-0.902585,-0.430511,0.000000,-0.291558,0.444457,0.666208,1.000000,0.897773,0.944512,0.000000,0.000000,0.136330,0.007420,1.000000,0.961204,-0.259641,0.014000,0.000000,0.000000,0.536000,0.001000,0.000000,0.000000,0.000000,0.071532,0.000000,-0.782479,-0.114475,1.000000,0.880950,1,0.00,candidate,1784333708,1784304600
cand-1dc2345e-1880,ETH,long,1.477034,1.773437,2.303205,0.053388,0.147373,0.426667,0.060268,0.141792,0.799322,0.000000,0.091046,-0.098460,0.034810,-0.333333,0.396793,0.000000,0.000000,0.000000,1.000000,0.000000,0.795424,-0.079373,0.000000,0.012691,0.000000,0.270000,0.008017,0.000000,-0.906308,-0.422618,0.000000,-0.459189,0.511185,1.163250,1.000000,0.956089,0.972752,0.953406,1.000000,0.074757,0.047656,0.050755,0.958079,-0.286229,0.002000,0.000000,0.000000,0.171000,0.001000,0.000000,0.000000,0.000000,0.105890,0.000000,-0.064607,0.690846,1.000000,0.870728,0,0.00,candidate,1784334030,1784304900
cand-1dc2345e-1881,BTC,long,0.672019,1.854184,2.146542,0.623883,0.112551,0.473333,0.513274,0.001579,0.846430,0.374529,0.854326,-0.729860,0.058091,-0.333333,0.300544,0.000000,0.000000,1.000000,0.000000,0.000000,0.798001,-0.076797,0.000000,0.012691,0.000000,0.270000,0.008017,0.000000,-0.909961,-0.414693,0.000000,-0.282100,0.640192,0.637767,1.000000,0.944240,0.969757,0.000000,0.000000,0.151348,0.022558,1.000000,0.952870,-0.187358,0.006000,0.000000,0.000000,0.014000,0.004000,0.000000,0.000000,0.000000,0.223382,1.000000,0.102478,0.394089,1.000000,0.870728,1,0.00,candidate,1784334030,1784304900
cand-1dc2345e-1883,ETH,long,-1.828271,0.547651,1.507851,-0.302883,0.149240,0.433333,1.033631,0.016388,0.701079,0.000000,-0.128221,-0.086804,0.033442,-0.333333,0.396793,0.000000,0.000000,0.000000,1.000000,0.000000,0.942579,0.058157,0.000000,0.012691,0.000000,0.270000,0.008017,0.000000,-0.917060,-0.398749,0.000000,0.830966,0.088479,0.254148,1.000000,0.809719,0.881603,0.862204,1.000000,0.129469,0.000000,0.054932,0.945549,-0.240293,0.009000,0.000000,0.000000,0.832000,0.001000,0.000000,0.000000,0.000000,0.282206,-0.625000,0.008264,-0.909091,1.000000,0.870728,1,0.00,candidate,1784334311,1784305200
cand-1dc2345e-1884,BTC,long,1.735907,0.052779,0.815165,0.564605,0.114608,0.500000,1.052988,0.001577,0.869747,0.000000,-0.125340,-1.130520,0.059969,-0.333333,0.300544,0.000000,0.000000,1.000000,0.000000,0.000000,0.970848,0.080084,0.000000,0.012691,0.000000,0.270000,-0.003866,0.000000,-0.923880,-0.382683,0.000000,-0.124196,0.250512,0.997130,1.000000,0.906196,0.949091,0.000000,0.000000,0.139054,0.010163,1.000000,0.937143,-0.268960,0.019000,0.000000,0.000000,0.275000,0.000000,0.000000,0.000000,0.000000,0.139237,0.000000,-0.005094,0.927888,1.000000,0.870677,1,0.00,candidate,1784334616,1784305500
cand-1dc2345e-1885,ETH,long,-1.072475,0.410078,1.257197,-0.089845,0.149039,0.433333,1.177423,0.081892,0.789015,0.000000,0.102817,-0.513806,0.029536,-0.333333,0.396793,0.000000,0.000000,0.000000,1.000000,0.000000,0.976182,0.082742,0.000000,0.017286,0.000000,0.270000,-0.003866,0.000000,-0.932008,-0.362438,0.000000,0.580113,-0.083953,0.964463,1.000000,0.856850,0.911007,0.891625,1.000000,0.146936,0.000000,0.061653,0.925385,-0.207417,0.006000,0.000000,0.000000,0.403000,0.000000,0.000000,0.000000,0.000000,0.375735,0.000000,-0.044520,-0.658427,1.000000,0.870677,1,0.00,candidate,1784334906,1784305800
cand-1dc2345e-1887,ETH,long,0.891756,0.622475,0.988321,0.269229,0.149287,0.433333,0.935613,0.021820,0.772274,0.000000,0.064008,-0.887848,0.028823,-0.333333,0.396793,0.000000,0.000000,0.000000,1.000000,0.000000,0.981443,0.086145,0.000000,0.017286,0.000000,0.270000,0.008718,0.000000,-0.939693,-0.342020,0.000000,-0.277672,-0.039882,0.763803,1.000000,0.928279,0.955472,0.936116,1.000000,0.173348,0.000000,0.064803,0.915935,-0.079090,0.031000,0.000000,0.000000,0.000000,0.000000,0.000000,0.000000,0.000000,0.003505,0.000000,-0.030029,0.765625,1.000000,0.870626,0,0.00,candidate,1784335218,1784306100
cand-1dc2345e-1888,BTC,long,1.131715,-0.141910,0.710306,0.644904,0.114733,0.500000,1.229495,0.001578,0.864963,0.000000,0.205612,-1.185406,0.059351,-0.333333,0.300544,0.000000,0.000000,1.000000,0.000000,0.000000,0.981421,0.086122,0.000000,0.017286,0.000000,0.270000,0.008718,0.000000,-0.941176,-0.337917,0.000000,1.147307,0.227625,0.933418,1.000000,0.884995,0.937563,0.000000,0.000000,0.132196,0.003256,1.000000,0.913852,-0.328187,0.019000,0.000000,0.000000,0.000000,0.000000,0.000000,0.000000,0.000000,0.112997,0.000000,-0.042770,0.740108,1.000000,0.870626,1,0.00,candidate,1784335218,1784306100
cand-1dc2345e-1889,ETH,long,1.170271,0.929586,1.513294,0.448114,0.149892,0.433333,0.382751,0.005443,0.786612,0.000000,-0.519787,-0.616322,0.027042,-0.333333,0.396793,0.000000,0.000000,0.000000,1.000000,0.000000,0.982250,0.084563,0.000000,0.017286,0.000000,0.270000,0.008718,0.000000,-0.946930,-0.321439,0.000000,-0.893498,0.106348,0.936753,1.000000,0.992612,0.995283,0.000000,0.000000,0.208096,0.017850,0.068286,0.905486,-0.263907,0.011000,0.000000,0.000000,0.967000,0.000000,0.000000,0.000000,0.000000,0.072769,0.000000,0.078939,0.660494,1.000000,0.870376,0,0.00,candidate,1784335533,1784306400
cand-1dc2345e-1890,BTC,long,1.106435,0.377777,1.268517,0.833982,0.114925,0.500000,0.290201,0.001575,0.905050,-0.107756,-0.551930,-1.027816,0.060155,-0.333333,0.300544,0.000000,0.000000,1.000000,0.000000,0.000000,0.982250,0.084563,0.000000,0.017286,0.000000,0.270000,0.008718,0.000000,-0.946930,-0.321439,0.000000,-0.885273,0.341305,1.701962,1.000000,0.963117,0.980002,0.000000,0.000000,0.157443,0.028708,1.000000,0.905486,-0.168375,0.009000,0.000000,0.000000,0.842000,0.000000,0.000000,0.000000,0.000000,0.552781,0.000000,0.111645,0.604948,1.000000,0.870376,1,0.00,candidate,1784335533,1784306400
cand-1dc2345e-1891,BTC,long,1.328295,0.650718,1.736488,1.115560,0.115615,0.510000,1.360178,0.001573,0.900684,0.000000,-0.316282,0.488145,0.060824,-0.333333,0.300544,0.000000,0.000000,1.000000,0.000000,0.000000,0.868270,-0.023422,0.000000,0.012098,0.000000,0.270000,-0.025023,0.000000,-0.953717,-0.300706,0.000000,0.251332,0.179675,1.594076,1.000000,0.971284,0.983072,0.000000,0.000000,0.129848,0.063732,1.000000,0.895782,-0.148591,0.025000,0.000000,0.000000,0.506000,0.000000,0.000000,0.000000,0.000000,0.751937,0.000000,0.041387,0.546779,1.000000,1.000000,1,0.00,candidate,1784335822,1784306700
cand-1dc2345e-1892,ETH,long,0.373154,0.488380,1.575791,0.608332,0.150195,0.433333,0.258734,0.005440,0.757798,0.000000,-0.060460,-0.302829,0.026060,-0.333333,0.396793,0.000000,0.000000,0.000000,1.000000,0.000000,0.869915,-0.021778,0.000000,0.012098,0.000000,0.270000,-0.025023,0.000000,-0.956305,-0.292372,0.000000,-0.011553,0.184282,0.639192,1.000000,0.955367,0.969537,0.000000,0.000000,0.219186,0.029073,0.072910,0.891615,-0.239285,0.004000,0.000000,0.000000,0.521000,0.000000,0.000000,0.000000,0.000000,0.222306,0.000000,0.150075,0.191095,1.000000,0.870482,0,0.00,candidate,1784335822,1784306700
cand-1dc2345e-1893,BTC,long,0.203356,1.660746,1.396066,0.986359,0.115187,0.500000,0.354677,0.001573,0.890448,0.000000,-0.001768,0.113031,0.060697,-0.333333,0.300544,0.000000,0.000000,1.000000,0.000000,0.000000,0.770746,-0.117862,0.000000,0.012098,0.000000,0.270000,-0.025023,0.000000,-0.963630,-0.267238,0.000000,-0.816636,0.398658,1.367182,1.000000,0.944156,0.965680,0.000000,0.000000,0.110002,0.040948,1.000000,0.879088,-0.031545,0.028000,0.000000,0.000000,0.382000,0.000000,0.000000,0.000000,0.000000,0.391177,0.000000,-0.218267,0.127678,1.000000,0.870482,1,0.00,candidate,1784336107,1784307000
cand-1dc2345e-1894,ETH,long,-0.361937,1.093507,1.161530,0.432199,0.148834,0.433333,0.574898,0.005450,0.841849,0.000000,0.168887,-0.226414,0.024275,-0.333333,0.396793,0.000000,0.000000,0.000000,1.000000,0.000000,0.770487,-0.118122,0.000000,0.012098,0.000000,0.270000,0.014138,0.000000,-0.963630,-0.267238,0.000000,-0.199384,0.468578,2.142693,1.000000,0.929065,0.951560,0.000000,0.000000,0.208527,0.018286,0.077433,0.878046,0.021800,0.020000,0.000000,0.000000,0.000000,0.000000,0.000000,0.000000,0.000000,0.640373,0.000000,-0.012088,-0.270718,1.000000,0.870482,0,0.00,candidate,1784336107,1784307000
cand-acdabe6a-1969,BTC,long,-0.775460,0.639038,0.489001,0.976308,0.115188,0.500000,1.007117,0.001571,0.866905,-0.325611,-0.703834,-1.048702,0.059197,-0.333333,0.300544,0.000000,0.000000,1.000000,0.000000,0.000000,0.860780,-0.029225,0.000000,0.012098,0.000000,0.270000,0.014138,0.000000,-0.967046,-0.254602,0.000000,0.652440,0.025616,0.993269,1.000000,0.895729,0.935862,0.000000,0.000000,0.092228,0.023054,1.000000,0.871737,-0.116183,0.018000,0.000000,0.000000,0.576000,0.003000,0.000000,0.000000,0.000000,0.678785,0.000000,0.009677,-0.697417,1.000000,0.870482,1,0.00,candidate,1784336448,1784307300
cand-acdabe6a-1970,ETH,long,-0.844204,0.070481,0.537219,0.384563,0.148378,0.433333,0.708865,0.005441,0.825796,0.000000,-0.224066,-0.827712,0.022514,-0.333333,0.396793,0.000000,0.000000,0.000000,1.000000,0.000000,0.860390,-0.029616,0.000000,0.012098,0.000000,0.270000,0.014138,0.000000,-0.968148,-0.250380,0.000000,0.133966,0.180305,1.621229,1.000000,0.867960,0.909719,0.000000,0.000000,0.183721,0.000000,0.079883,0.870695,-0.307336,0.009000,0.000000,0.000000,0.521000,0.000000,0.000000,0.000000,0.000000,0.229742,0.000000,0.028420,-0.761589,1.000000,0.870482,0,0.00,candidate,1784336448,1784307300
cand-acdabe6a-1971,BTC,long,1.215799,1.713518,1.002004,1.353322,0.115606,0.510000,0.862460,0.001571,0.856101,0.000000,-0.256260,-0.867570,0.058728,-0.333333,0.300544,0.000000,0.000000,1.000000,0.000000,0.000000,0.939384,0.047433,0.000000,0.012729,0.000000,0.270000,0.014138,0.000000,-0.972370,-0.233445,0.000000,0.539697,0.426582,0.835457,1.000000,0.971950,0.982770,0.000000,0.000000,0.120189,0.051217,1.000000,0.862069,-0.160226,0.040000,0.000000,0.000000,0.654000,0.004000,0.000000,0.000000,0.000000,0.416189,0.000000,-0.023088,0.848053,1.000000,0.870482,1,0.00,candidate,1784336730,1784307600
cand-acdabe6a-1972,ETH,long,1.612481,1.164608,1.112507,0.711016,0.149536,0.433333,0.784016,0.124454,0.766120,0.000000,-0.942217,-0.671303,0.020025,-0.333333,0.391669,0.000000,0.000000,1.000000,0.000000,0.000000,0.939933,0.047980,0.060000,0.012729,0.000000,0.270000,0.032673,0.000000,-0.975342,-0.220697,0.000000,0.075151,0.485229,0.564098,1.000000,0.985654,0.990214,0.000000,0.000000,0.231445,0.023336,0.001755,0.854600,-0.313743,0.008000,0.000000,0.000000,0.603000,0.000000,0.000000,0.000000,0.000000,0.582828,0.963043,-0.001215,0.965142,1.000000,0.870482,0,0.00,candidate,1784336730,1784307600
cand-acdabe6a-1973,BTC,long,3.894634,2.788862,1.876888,2.123877,0.121016,0.543333,1.092507,0.001564,0.882463,0.000000,-0.678318,2.606511,0.058978,-0.333333,0.296640,0.000000,0.000000,1.000000,0.000000,0.000000,0.988035,0.072754,0.060000,0.012729,0.000000,0.270000,0.032673,0.000000,-0.976296,-0.216440,0.000000,0.230047,0.801014,1.280085,1.000000,0.978670,0.983633,0.000000,0.000000,0.287512,0.164161,1.000000,0.853559,-0.190405,0.008000,0.000000,0.000000,0.594000,0.005000,0.000000,0.000000,0.000000,0.315465,0.000000,-0.007813,0.882111,1.000000,1.000000,0,0.00,candidate,1784337011,1784307900
cand-b513d3b7-2045,BTC,short,0.313797,-2.220222,-1.822374,-2.127700,0.121612,0.546667,0.120982,0.001565,0.897535,0.000000,-0.618929,2.670679,-0.058142,0.333333,0.296640,0.000000,0.000000,1.000000,0.000000,0.000000,0.946975,0.037198,0.060000,-0.012729,0.000000,0.270000,0.032673,0.000000,-0.980785,-0.195090,0.000000,0.521408,-0.451824,1.603393,-1.000000,0.880127,0.261493,0.931066,0.000000,0.222843,0.150547,1.000000,0.843115,0.282895,0.005000,0.000000,0.000000,0.000000,0.004000,0.000000,0.000000,0.000000,0.548034,-0.000000,0.730288,0.124365,-1.000000,1.000000,0,0.00,candidate,1784337341,1784308200
cand-b513d3b7-2046,BTC,long,-0.313797,2.220222,1.822374,2.127700,0.121612,0.546667,0.760550,0.001564,0.805980,0.000000,-0.264566,2.670679,0.057999,-0.333333,0.296640,0.000000,0.000000,1.000000,0.000000,0.000000,0.946475,0.036696,0.060000,0.012729,0.000000,0.270000,0.032673,0.000000,-0.981627,-0.190809,0.000000,0.881532,0.451824,0.406081,1.000000,0.880127,0.899415,0.000000,0.000000,0.222843,0.150547,1.000000,0.839989,-0.083039,0.007000,0.000000,0.000000,0.425000,0.004000,0.000000,0.000000,0.000000,0.073284,0.000000,-0.730288,-0.124365,1.000000,1.000000,0,0.00,candidate,1784337341,1784308200
cand-b513d3b7-2047,ETH,short,1.108058,-1.176152,-1.459900,-1.594014,0.156830,0.466667,1.129467,0.005420,0.802841,0.000000,-0.331306,2.771108,-0.018223,0.333333,0.391669,0.000000,0.000000,1.000000,0.000000,0.000000,0.946193,0.036414,0.060000,-0.012729,0.000000,0.270000,0.032673,0.000000,-0.982450,-0.186524,0.000000,1.913483,-0.661379,0.893911,-1.000000,0.811292,0.218859,0.943108,0.000000,0.312224,0.108204,0.007320,0.837906,0.105685,0.002000,0.000000,0.000000,0.000000,0.000000,0.000000,0.000000,0.000000,0.385347,-0.000000,0.435445,0.309547,-1.000000,1.000000,0,0.00,candidate,1784337341,1784308200
cand-b513d3b7-2048,BTC,long,-0.448726,1.525200,1.516864,1.974010,0.121349,0.543333,0.310678,0.001565,0.824427,0.000000,0.592541,0.100340,0.057571,-0.333333,0.296640,0.000000,0.000000,1.000000,0.000000,0.000000,0.925645,0.017484,0.060000,0.014668,0.000000,0.270000,0.007431,0.000000,-0.984041,-0.177944,0.000000,-0.583537,0.451824,0.498720,1.000000,0.858501,0.881205,0.000000,0.000000,0.212070,0.139577,1.000000,0.833392,-0.154563,0.014000,0.000000,0.000000,0.000000,0.002000,0.000000,0.000000,0.000000,0.007592,0.000000,-0.427494,-0.312050,1.000000,1.000000,0,0.00,candidate,1784337621,1784308500
cand-b513d3b7-2049,ETH,long,-0.966197,0.630117,0.774458,1.437676,0.157702,0.473333,1.088519,0.005422,0.792399,0.000000,-0.437766,-0.031634,0.017103,-0.333333,0.391669,0.000000,0.000000,1.000000,0.000000,0.000000,0.841710,-0.057944,0.060000,0.014668,0.000000,0.270000,0.007431,0.000000,-0.986286,-0.165048,0.000000,2.000000,0.453199,0.789704,1.000000,0.758582,0.767200,0.000000,0.000000,0.282203,0.077588,0.010908,0.827142,-0.157202,0.018000,0.000000,0.000000,0.000000,0.000000,0.000000,0.000000,0.000000,0.230944,0.000000,-0.118300,-0.574642,1.000000,0.750680,0,0.00,candidate,1784337621,1784308500
cand-b513d3b7-2050,BTC,long,1.071582,1.873596,2.432013,2.141890,0.122172,0.550000,1.337063,0.001563,0.864754,0.000000,-0.287120,-0.705274,0.056408,-0.333333,0.296640,0.000000,0.000000,1.000000,0.000000,0.000000,0.855359,-0.044481,0.060000,0.014668,0.000000,0.270000,0.007431,0.000000,-0.987688,-0.156434,0.000000,0.589279,0.398701,0.895136,1.000000,0.910452,0.924919,0.000000,0.000000,0.237929,0.165929,1.000000,0.822923,-0.050178,0.015000,0.000000,0.000000,0.674000,0.000000,0.000000,0.000000,0.000000,0.536337,0.000000,-0.040873,0.733977,1.000000,0.870224,0,0.00,candidate,1784337933,1784308800
cand-b513d3b7-2051,ETH,long,0.358634,1.507476,1.112999,1.520222,0.157161,0.470000,0.585581,0.005422,0.882281,0.031256,0.554962,-0.888158,0.013193,-0.333333,0.391669,0.000000,0.000000,1.000000,0.000000,0.000000,0.853830,-0.046045,0.060000,0.014668,0.000000,0.270000,0.069069,0.000000,-0.991445,-0.130526,0.000000,-0.502938,0.682993,3.000000,1.000000,0.813168,0.820121,0.000000,0.000000,0.313291,0.109293,0.016160,0.811385,-0.541875,0.005000,0.000000,0.000000,0.000000,0.000000,0.000000,0.000000,0.000000,0.177846,0.000000,-0.527893,0.273437,1.000000,0.750680,0,0.00,candidate,1784338221,1784309100
cand-b513d3b7-2052,BTC,long,0.270645,2.288446,2.045363,2.175061,0.121843,0.550000,1.164418,0.001562,0.863161,0.000000,-0.330404,0.523804,0.054043,-0.333333,0.296640,0.000000,0.000000,1.000000,0.000000,0.000000,0.853844,-0.046031,0.060000,0.014668,0.000000,0.270000,0.069069,0.000000,-0.992546,-0.121869,0.000000,0.659620,0.580326,0.779898,1.000000,0.923565,0.935934,0.000000,0.000000,0.244444,0.172580,1.000000,0.808260,-0.173312,0.005000,0.000000,0.000000,0.820000,0.001000,0.000000,0.000000,0.000000,0.446508,0.000000,-0.687294,0.170968,1.000000,0.880457,0,0.00,candidate,1784338221,1784309100
cand-b513d3b7-2053,BTC,long,0.783004,2.139654,2.664165,2.571754,0.121676,0.546667,0.954965,0.001564,0.869518,0.299016,0.733593,-0.684554,0.053357,-0.333333,0.296640,0.000000,0.000000,1.000000,0.000000,0.000000,0.695145,-0.199628,0.060000,0.010061,0.000000,0.270000,0.069069,0.000000,-0.994522,-0.104528,0.000000,0.470444,0.338118,0.910465,1.000000,0.961472,0.967737,0.000000,0.000000,0.263257,0.191809,1.000000,0.799633,-0.394720,0.011000,0.000000,0.000000,0.417000,0.004000,0.000000,0.000000,0.000000,0.100781,0.000000,-0.025364,0.609391,1.000000,0.750680,0,0.00,candidate,1784338532,1784309400
cand-b513d3b7-2054,ETH,long,-0.096487,-0.278419,0.631814,1.875414,0.157394,0.473333,0.224026,0.010845,0.774248,0.000000,-0.233200,-1.182737,0.007295,-0.333333,0.391669,0.000000,0.000000,1.000000,0.000000,0.000000,0.787004,-0.108530,0.060000,0.010061,0.000000,0.270000,0.028298,0.000000,-0.998135,-0.061049,0.000000,-0.864035,0.117566,0.849606,1.000000,0.764384,0.782311,0.000000,0.000000,0.291080,0.062354,0.027049,0.778717,-0.192466,0.017000,0.000000,0.000000,0.000000,0.000000,0.000000,0.000000,0.000000,0.388228,0.000000,0.725624,-0.142857,1.000000,0.750922,0,0.00,candidate,1784339132,1784310000
cand-b513d3b7-2055,BTC,long,-0.144396,0.392565,1.839165,2.729541,0.122263,0.550000,0.268825,0.001562,0.839146,-0.026925,-0.334172,-0.907934,0.050948,-0.333333,0.296640,0.000000,0.000000,1.000000,0.000000,0.000000,0.787004,-0.108530,0.060000,0.010061,0.000000,0.270000,0.028298,0.000000,-0.998135,-0.061049,0.000000,-0.192077,-0.107340,0.562237,1.000000,0.926858,0.938699,0.000000,0.000000,0.246080,0.174251,1.000000,0.778717,-0.126314,0.021000,0.000000,0.000000,0.598000,0.000000,0.000000,0.000000,0.000000,0.147704,0.000000,0.037907,-0.128146,1.000000,0.750922,0,0.00,candidate,1784339132,1784310000
cand-b513d3b7-2056,ETH,long,0.818238,0.450641,0.764302,1.633130,0.157669,0.473333,0.604104,0.005426,0.801384,0.050549,0.498526,-0.773082,0.005688,-0.333333,0.391669,0.000000,0.000000,1.000000,0.000000,0.000000,0.936760,0.043121,0.060000,0.015289,0.000000,0.270000,0.038680,0.000000,-0.999229,-0.039260,0.000000,0.380078,0.374154,1.306325,1.000000,0.790954,0.825568,0.000000,0.000000,0.316490,0.088254,0.030979,0.766930,-0.219704,0.013000,0.000000,0.000000,0.000000,0.000000,0.000000,0.000000,0.000000,0.366458,1.000000,-0.038697,0.493802,1.000000,0.751209,0,0.00,candidate,1784339413,1784310300
cand-b513d3b7-2057,BTC,long,1.633691,1.235490,1.931812,2.559170,0.123633,0.553333,0.327180,0.001561,0.848162,0.000000,0.414989,0.376493,0.049690,-0.333333,0.296640,0.000000,0.000000,1.000000,0.000000,0.000000,0.936760,0.043121,0.060000,0.015289,0.000000,0.270000,0.038680,0.000000,-0.999229,-0.039260,0.000000,0.243233,0.174042,0.649022,1.000000,0.948053,0.959718,0.000000,0.000000,0.295838,0.153556,1.000000,0.766930,-0.188120,0.014000,0.000000,0.000000,0.556000,0.003000,0.000000,0.000000,0.000000,0.058255,1.000000,-0.125859,0.597139,1.000000,0.751209,0,0.00,candidate,1784339413,1784310300
cand-b513d3b7-2058,BTC,long,-1.611377,0.138070,1.394949,2.199637,0.124763,0.560000,0.181235,0.001563,0.896126,0.000000,0.079945,-0.699067,0.047191,-0.333333,0.296640,0.000000,0.000000,1.000000,0.000000,0.000000,0.967071,0.068614,0.060000,0.015289,0.000000,0.270000,0.038680,0.000000,-0.999914,-0.013090,0.000000,-0.039742,-0.139962,1.422020,1.000000,0.857340,0.892556,0.000000,0.000000,0.256184,0.113080,1.000000,0.755448,-0.063213,0.022000,0.000000,0.000000,0.851000,0.004000,0.000000,0.000000,0.000000,0.285745,0.000000,-0.003751,-0.904561,1.000000,0.751108,0,0.00,candidate,1784339725,1784310600
cand-b513d3b7-2059,ETH,long,-1.341529,-0.360592,0.471361,1.300345,0.158459,0.473333,0.336609,0.005428,0.816620,0.000000,-0.032261,-0.837169,0.002140,-0.333333,0.391669,0.000000,0.000000,1.000000,0.000000,0.000000,0.966645,0.068191,0.060000,0.015289,0.000000,0.270000,-0.020228,0.000000,-0.999990,-0.004363,0.000000,-0.777572,0.042195,1.637101,1.000000,0.706124,0.754262,0.000000,0.000000,0.274603,0.045596,0.036561,0.750183,-0.160089,0.008000,0.000000,0.000000,0.103000,0.000000,0.000000,0.000000,0.000000,0.133046,0.000000,0.004239,-0.850000,1.000000,0.751108,0,0.00,candidate,1784339725,1784310600
cand-b513d3b7-2060,BTC,long,0.201194,0.112431,1.666475,1.611203,0.124238,0.560000,1.080744,0.001563,0.863565,0.000000,-0.137603,-0.142732,0.045351,-0.333333,0.296640,0.000000,0.000000,1.000000,0.000000,0.000000,0.963203,0.064716,0.060000,0.015289,0.000000,0.270000,-0.020228,0.000000,-0.999962,0.008727,0.000000,0.432607,-0.157246,0.841255,1.000000,0.863565,0.900913,0.000000,0.000000,0.261119,0.118108,1.000000,0.743933,-0.233159,0.017000,0.000000,0.000000,0.992000,0.005000,0.000000,0.000000,0.000000,0.117867,0.000000,0.002000,0.200000,1.000000,0.751393,0,0.00,candidate,1784340015,1784310900
cand-b513d3b7-2061,ETH,long,0.247033,-0.405806,0.772050,0.893111,0.158193,0.473333,1.081619,0.005427,0.831800,0.000000,-0.182874,-1.001837,0.000888,-0.333333,0.391669,0.000000,0.000000,1.000000,0.000000,0.000000,0.963174,0.064688,0.060000,0.015289,0.000000,0.270000,-0.020228,0.000000,-0.999914,0.013090,0.000000,0.745010,0.034215,1.950091,1.000000,0.721705,0.767382,0.000000,0.000000,0.282310,0.053431,0.039339,0.741849,-0.195322,0.034000,0.000000,0.000000,0.012000,0.000000,0.000000,0.000000,0.000000,0.410225,0.000000,0.127284,0.268116,1.000000,0.751393,0,0.00,candidate,1784340015,1784310900
cand-b513d3b7-2062,ETH,long,-1.404570,-1.145555,-0.492586,0.570959,0.158269,0.473333,0.509781,0.005447,0.796376,0.000000,0.312499,-0.392182,-0.004938,-0.333333,0.392603,0.000000,0.000000,1.000000,0.000000,0.000000,0.958643,0.058270,0.072000,0.010678,0.000000,0.270000,0.007974,0.000000,-0.995805,0.091502,0.000000,-0.571838,-0.285293,0.951399,1.000000,0.613936,0.676426,0.000000,0.000000,0.228880,0.000000,0.051462,0.705481,-0.168838,0.008000,0.000000,0.000000,0.000000,0.000000,0.000000,0.000000,0.000000,0.255185,0.000000,0.024008,-0.842975,1.000000,0.751729,0,0.00,candidate,1784341223,1784312100
cand-b513d3b7-2063,BTC,long,-0.634579,-0.533716,-0.280131,1.107389,0.125234,0.563333,0.740813,0.001565,0.873074,0.000000,-0.277683,-0.288314,0.034195,-0.333333,0.294332,0.000000,0.000000,1.000000,0.000000,0.000000,0.959572,0.058836,0.072000,0.010678,0.000000,0.270000,0.007974,0.000000,-0.992005,0.126199,0.000000,-0.339932,-0.372557,1.047506,1.000000,0.777029,0.837761,0.959884,0.000000,0.223833,0.080177,1.000000,0.688792,-0.129546,0.021000,0.000000,0.000000,0.032000,0.002000,0.000000,0.000000,0.000000,0.031981,0.000000,0.097052,-0.664052,1.000000,0.751812,0,0.00,candidate,1784341532,1784312400
cand-b513d3b7-2064,BTC,long,0.366162,-0.465873,-0.250533,1.277349,0.125202,0.563333,0.584816,0.001564,0.880377,0.000000,-0.034348,-0.783628,0.033543,-0.333333,0.294332,0.000000,0.000000,1.000000,0.000000,0.000000,0.966147,0.065177,0.072000,0.010678,0.000000,0.270000,-0.005601,0.000000,-0.990268,0.139173,0.000000,0.548637,-0.343548,1.192714,1.000000,0.798036,0.853113,0.975180,0.000000,0.232897,0.089385,1.000000,0.682491,-0.273472,0.024000,0.000000,0.000000,0.352000,0.004000,0.000000,0.000000,0.000000,0.222602,0.000000,0.217560,0.350417,1.000000,0.751812,0,0.00,candidate,1784341812,1784312700
cand-b513d3b7-2065,BTC,long,0.599055,-0.077916,-0.296924,1.468976,0.125294,0.563333,0.105773,0.001564,0.856685,0.000000,-0.164283,-0.787877,0.032851,-0.333333,0.294332,0.000000,0.000000,1.000000,0.000000,0.000000,0.967408,0.065771,0.072000,0.015279,0.000000,0.270000,-0.005601,0.000000,-0.988362,0.152123,0.000000,-0.984998,-0.203286,0.854514,1.000000,0.832449,0.878233,0.000000,0.000000,0.247728,0.104469,1.000000,0.675961,-0.289805,0.060000,0.000000,0.000000,0.535000,0.003000,0.000000,0.000000,0.000000,0.635775,0.000000,0.025931,0.741886,1.000000,0.751812,0,0.00,candidate,1784342128,1784313000
cand-b513d3b7-2066,BTC,long,0.689340,0.122106,0.061875,1.268216,0.125342,0.563333,0.299656,0.001563,0.903829,0.000000,-0.073136,-0.783879,0.031275,-0.333333,0.294332,0.000000,0.000000,1.000000,0.000000,0.000000,0.954808,0.052884,0.072000,0.015279,0.000000,0.270000,0.024724,0.000000,-0.984808,0.173648,0.000000,-0.609092,-0.135295,1.699411,1.000000,0.872096,0.907127,0.000000,0.000000,0.264787,0.121848,1.000000,0.666586,-0.440353,0.115000,0.000000,0.000000,1.000000,0.001000,0.000000,0.000000,0.000000,0.430167,0.000000,-0.002167,0.953448,1.000000,0.751884,0,0.00,candidate,1784342407,1784313300
cand-b513d3b7-2067,BTC,long,1.075285,0.328421,0.412655,1.571730,0.125695,0.563333,1.059861,0.001560,0.816941,-0.146845,-0.486250,-0.362280,0.029751,-0.333333,0.294332,0.000000,0.000000,1.000000,0.000000,0.000000,0.984840,0.080244,0.072000,0.015279,0.000000,0.270000,0.024724,0.000000,-0.980785,0.195090,0.000000,0.184539,0.013572,0.461606,1.000000,0.934184,0.952274,0.000000,0.000000,0.291443,0.149062,1.000000,0.656105,-0.149736,0.022000,0.000000,0.000000,0.000000,0.000000,0.000000,0.000000,0.000000,0.282468,0.000000,0.010950,0.851524,1.000000,0.751884,0,0.00,candidate,1784342716,1784313600
cand-b513d3b7-2068,BTC,long,2.154857,1.719422,0.571706,2.017769,0.127862,0.580000,1.097678,0.001556,0.883667,0.000000,-0.002767,1.608463,0.029339,-0.333333,0.294332,0.000000,0.000000,1.000000,0.000000,0.000000,0.954282,0.054454,0.072000,0.015660,0.000000,0.270000,0.052681,0.000000,-0.976296,0.216440,0.000000,-0.312051,0.405638,1.169234,1.000000,0.957740,0.966145,0.000000,0.000000,0.351114,0.197281,1.000000,0.645666,-0.091336,0.012000,0.000000,0.000000,0.748000,0.000000,0.000000,0.000000,0.000000,0.618299,0.000000,-0.070374,0.720098,1.000000,0.881201,0,0.00,candidate,1784343007,1784313900
cand-b513d3b7-2069,ETH,long,0.962323,1.779623,0.590107,1.383984,0.160934,0.483333,0.348748,0.059589,0.808762,0.000000,-0.136659,-0.032618,-0.016750,-0.333333,0.392603,0.000000,0.000000,1.000000,0.000000,0.000000,0.753750,-0.138401,0.072000,0.015660,0.000000,0.270000,0.052681,0.000000,-0.969231,0.246153,0.000000,-0.392334,0.644113,1.219809,1.000000,0.837481,0.864549,0.000000,0.000000,0.339389,0.111650,0.076733,0.629668,-0.065002,0.015000,0.000000,0.000000,0.000000,0.000000,0.000000,0.000000,0.000000,0.015681,0.000000,0.059973,0.608511,1.000000,0.881097,0,0.00,candidate,1784343319,1784314200
cand-b513d3b7-2070,BTC,long,0.203998,2.053184,1.082793,2.054051,0.128073,0.586667,0.472684,0.001558,0.872844,0.000000,0.084933,0.169266,0.024744,-0.333333,0.294332,0.000000,0.000000,1.000000,0.000000,0.000000,0.755429,-0.136722,0.072000,0.015660,0.000000,0.270000,0.052681,0.000000,-0.968148,0.250380,0.000000,-0.356426,0.701536,0.998279,1.000000,0.968612,0.974861,0.000000,0.000000,0.356247,0.202559,1.000000,0.627584,-0.207976,0.027000,0.000000,0.000000,0.494000,0.000000,0.000000,0.000000,0.000000,0.225807,0.000000,0.115191,0.150943,1.000000,0.881097,0,0.00,candidate,1784343319,1784314200
cand-b513d3b7-2071,ETH,long,-0.291331,0.982334,0.331954,1.258551,0.161814,0.503333,0.570737,0.005429,0.795312,0.071637,0.444203,-0.843228,-0.020546,-0.333333,0.391761,0.000000,0.000000,1.000000,0.000000,0.000000,0.867433,-0.026667,0.072000,0.015662,0.000000,0.270000,-0.021402,0.000000,-0.955020,0.296542,0.000000,-0.707197,0.337221,0.987361,1.000000,0.771045,0.808860,0.000000,0.000000,0.306675,0.078242,0.084589,0.606099,-0.173684,0.020000,0.000000,0.000000,0.067000,0.000000,0.000000,0.000000,0.000000,0.006677,0.000000,0.422480,-0.327068,1.000000,0.752239,0,0.00,candidate,1784343916,1784314800
cand-b513d3b7-2072,ETH,short,1.417804,-0.221826,0.082702,-1.121404,0.163035,0.503333,0.354822,0.005433,0.838867,0.000000,-0.299226,-0.663690,0.021128,0.333333,0.391761,0.000000,0.000000,1.000000,0.000000,0.000000,0.964304,0.063807,0.072000,-0.015662,0.000000,0.270000,-0.004139,0.000000,-0.952396,0.304864,0.000000,0.864220,-0.046842,1.850750,-1.000000,0.678857,0.431953,0.000000,0.000000,0.261101,0.031885,0.085996,0.601878,-0.038033,0.008000,0.000000,0.000000,0.794000,0.000000,0.000000,0.000000,0.000000,0.273148,-0.000000,0.000218,0.951002,-1.000000,0.871142,0,0.00,candidate,1784344225,1784315100
cand-b513d3b7-2073,BTC,long,-1.561083,0.146355,0.186315,1.794258,0.130663,0.603333,1.014188,0.001562,0.832479,0.000000,-0.088784,-0.468844,0.020152,-0.333333,0.292239,0.000000,0.000000,1.000000,0.000000,0.000000,0.964917,0.064425,0.072000,0.015662,0.000000,0.270000,-0.004139,0.000000,-0.948324,0.317305,0.000000,0.541504,0.088587,0.608343,1.000000,0.806627,0.844521,0.000000,0.000000,0.014939,0.000000,1.000000,0.594586,-0.208579,0.023000,0.000000,0.000000,0.592000,0.000000,0.000000,0.000000,0.000000,0.232412,0.000000,-0.000837,-0.971068,1.000000,0.871142,0,0.00,candidate,1784344225,1784315100
cand-b513d3b7-2074,BTC,long,-0.187599,-0.352535,-0.025872,2.003595,0.130658,0.603333,0.853556,0.001562,0.884985,0.000000,-0.001015,-0.596329,0.020067,-0.333333,0.292239,0.000000,0.000000,1.000000,0.000000,0.000000,0.919344,0.020519,0.072000,0.015662,0.000000,0.270000,-0.004139,0.000000,-0.946930,0.321439,0.000000,-0.160632,-0.164073,1.314622,1.000000,0.787313,0.836311,0.961589,0.000000,0.010040,0.000000,1.000000,0.593544,-0.139126,0.023000,0.000000,0.000000,0.650000,0.000000,0.000000,0.000000,0.000000,0.531051,0.000000,-0.019967,-0.267462,1.000000,0.752239,0,0.00,candidate,1784344525,1784315400
cand-b513d3b7-2075,BTC,long,-0.089758,-1.251749,0.306323,1.882480,0.130477,0.600000,1.203732,0.001562,0.894659,0.000000,0.240778,-0.799464,0.018693,-0.333333,0.292239,0.000000,0.000000,1.000000,0.000000,0.000000,0.915605,0.016905,0.072000,0.015662,0.000000,0.270000,-0.004139,0.000000,-0.939693,0.342020,0.000000,0.101489,-0.367013,1.496019,1.000000,0.775469,0.832388,0.957681,0.000000,0.007699,0.000000,1.000000,0.583106,-0.028122,0.020000,0.000000,0.000000,0.959000,0.000000,0.000000,0.000000,0.000000,0.813793,0.000000,0.218033,-0.118022,1.000000,0.752239,0,0.00,candidate,1784344827,1784315700
cand-b513d3b7-2076,BTC,long,0.887390,-0.796879,0.456571,1.413547,0.131309,0.606667,0.579176,0.001561,0.891005,0.000000,0.078745,-0.612826,0.018084,-0.333333,0.292239,0.000000,0.000000,1.000000,0.000000,0.000000,0.976760,0.076785,0.072000,0.018241,0.000000,0.270000,-0.000455,0.000000,-0.922201,0.386711,0.000000,-0.037460,-0.322850,1.398023,1.000000,0.766560,0.844312,0.969560,0.000000,0.014814,0.000000,1.000000,0.559790,-0.354942,0.012000,0.000000,0.000000,0.541000,0.002000,0.000000,0.000000,0.000000,0.366596,0.720077,0.091841,0.652098,1.000000,0.871077,0,0.00,candidate,1784345408,1784316300
cand-b513d3b7-2077,BTC,long,0.022585,-0.626832,0.298051,1.515253,0.131322,0.606667,0.722155,0.001560,0.893476,-0.149434,-0.448828,-0.433830,0.016660,-0.333333,0.292239,0.000000,0.000000,1.000000,0.000000,0.000000,0.972272,0.072416,0.072000,0.017703,0.000000,0.270000,-0.000455,0.000000,-0.909961,0.414693,0.000000,0.098744,-0.287665,1.270597,1.000000,0.761530,0.845305,0.000000,0.000000,0.015407,0.000000,1.000000,0.544903,-0.007330,0.022000,0.000000,0.000000,0.000000,0.000000,0.000000,0.000000,0.000000,0.659167,0.000000,-0.219081,0.030449,1.000000,0.870838,0,0.00,candidate,1784345726,1784316600
cand-b513d3b7-2078,BTC,long,0.394878,0.168472,0.221876,1.463160,0.131604,0.606667,0.637704,0.001559,0.844226,0.000000,-0.041002,-0.835539,0.015484,-0.333333,0.292239,0.000000,0.000000,1.000000,0.000000,0.000000,0.964284,0.065948,0.072000,0.017703,0.000000,0.270000,0.000421,0.000000,-0.900698,0.434445,0.000000,-0.084452,0.068968,0.614559,1.000000,0.788241,0.862703,0.000000,0.000000,0.025790,0.000000,1.000000,0.534433,-0.093161,0.018000,0.000000,0.000000,0.000000,0.000000,0.000000,0.000000,0.000000,0.203267,0.000000,-0.167213,0.357985,1.000000,0.739741,0,0.00,candidate,1784346005,1784316900
cand-b513d3b7-2079,ETH,long,-0.257596,0.915988,-0.489444,0.797922,0.164263,0.510000,0.794629,0.005429,0.821017,0.000000,0.183441,-0.805300,-0.035550,-0.333333,0.391761,0.000000,0.000000,1.000000,0.000000,0.000000,0.250865,-0.632225,0.072000,0.013227,0.000000,0.270000,0.005193,0.000000,-0.868199,0.496217,0.000000,1.217270,0.258632,1.637789,1.000000,0.580431,0.771206,0.000000,0.000000,0.284556,0.055716,0.119367,0.501764,-0.325629,0.020000,0.000000,0.000000,0.110000,0.000000,0.000000,0.000000,0.000000,0.328051,0.000000,0.104428,-0.284672,1.000000,0.739217,0,0.00,candidate,1784346913,1784317800
cand-b513d3b7-2080,BTC,long,-1.126337,-0.126933,-0.533866,1.106729,0.131064,0.603333,0.215100,0.001562,0.838402,0.000000,0.133565,-0.451942,0.012102,-0.333333,0.292239,0.000000,0.000000,1.000000,0.000000,0.000000,0.948398,0.060926,0.072000,0.017574,0.000000,0.270000,-0.008098,0.000000,-0.852640,0.522499,0.000000,-0.709121,-0.065791,0.638676,1.000000,0.698911,0.831656,0.000000,0.000000,0.007262,0.000000,1.000000,0.487118,-0.161203,0.020000,0.000000,0.000000,0.913000,0.007000,0.000000,0.000000,0.000000,0.053572,0.000000,0.039122,-0.802207,1.000000,0.870441,0,0.00,candidate,1784347510,1784318400
cand-b513d3b7-2081,ETH,short,1.359892,0.162783,0.618393,-0.462266,0.164999,0.513333,0.225131,0.005445,0.809196,0.000000,-0.368535,-0.160182,0.036713,0.333333,0.393771,0.000000,0.000000,1.000000,0.000000,0.000000,0.948723,0.061253,0.052000,-0.017574,0.000000,0.270000,-0.008098,0.000000,-0.850352,0.526214,0.000000,1.019760,0.040750,1.371683,-1.000000,0.433167,0.763220,0.000000,0.000000,0.236945,0.007400,0.125094,0.484584,-0.005445,0.012000,0.000000,0.000000,0.000000,0.001000,0.000000,0.000000,0.000000,0.011088,-0.000000,-0.014441,0.879828,-1.000000,0.750881,0,0.00,candidate,1784347510,1784318400
cand-51b2f9a9-941,BTC,long,0.860471,0.566314,0.707623,1.642712,0.109717,0.463333,0.628665,0.001527,0.868021,0.000000,-0.243793,-0.275178,0.038138,-0.333333,0.316059,0.000000,0.000000,1.000000,0.000000,0.000000,0.930049,0.023216,0.608000,0.039223,0.000000,0.250000,0.000000,0.000000,-0.819152,-0.573576,0.000000,-0.980773,0.085323,1.000000,1.000000,0.937437,0.968596,0.000000,0.000000,0.212356,0.051349,0.734373,0.041287,-0.179366,0.018000,0.000000,0.000000,0.683000,0.000000,0.000000,0.000000,0.000000,0.390176,0.000000,-0.031895,0.436660,1.000000,0.779970,0,0.00,candidate,1784132118,1784129700
cand-51b2f9a9-942,ETH,long,0.870805,0.194809,0.623740,2.291629,0.178806,0.590000,0.937965,0.005178,0.807502,0.097558,0.589674,-0.498135,0.032714,-0.333333,0.421281,0.000000,0.000000,1.000000,0.000000,0.000000,0.930737,0.023901,0.608000,0.039223,0.000000,0.250000,0.000000,0.000000,-0.821647,-0.569997,0.000000,0.000000,0.152197,1.296145,1.000000,0.832793,0.804444,0.000000,0.000000,-0.028106,0.000000,0.735067,0.039204,-0.398527,0.012000,0.000000,0.000000,0.586000,0.000000,0.000000,0.000000,0.000000,0.217543,0.000000,0.035841,0.656522,1.000000,0.779970,0,0.00,candidate,1784132719,1784129700
cand-51b2f9a9-944,BTC,long,-0.562831,0.437704,0.428640,1.599417,0.109364,0.463333,1.185521,0.001529,0.865818,0.000000,0.029875,-0.797922,0.035072,-0.333333,0.316059,0.000000,0.000000,1.000000,0.000000,0.000000,0.953330,0.029048,0.608000,0.036854,0.000000,0.250000,0.024725,0.000000,-0.838671,-0.544639,0.000000,-0.029488,0.189501,1.034413,1.000000,0.896573,0.948053,0.000000,0.000000,0.043977,0.000000,0.740398,0.023211,-0.265574,0.015000,0.000000,0.000000,0.050000,0.000000,0.000000,0.000000,0.000000,0.292568,0.000000,0.035283,-0.523377,1.000000,0.779970,0,0.00,candidate,1784132719,1784130000
cand-51b2f9a9-939,BTC,long,0.167973,-0.210746,0.195617,1.494913,0.110178,0.466667,1.008605,0.001530,0.858187,0.000000,-0.271342,-0.608013,0.044804,-0.333333,0.316697,0.000000,0.000000,1.000000,0.000000,0.000000,0.632868,-0.100061,0.416000,0.038868,0.000000,0.250000,-0.052035,0.000000,-0.763232,-0.646124,0.000000,0.582663,0.131204,0.991867,1.000000,0.831069,0.915069,0.000000,0.000000,0.180610,0.033304,0.720336,0.083397,-0.335739,0.030000,0.000000,0.000000,0.000000,0.000000,0.000000,0.000000,0.000000,0.077717,0.000000,0.817982,0.095577,1.000000,0.779970,0,0.00,candidate,1784133303,1784128500
cand-51b2f9a9-940,BTC,long,0.737580,0.908042,-0.060575,1.563748,0.110696,0.466667,0.550839,0.001529,0.836455,0.000000,-0.228132,-0.426185,0.038811,-0.333333,0.316059,0.000000,0.000000,1.000000,0.000000,0.000000,1.000000,0.000000,0.608000,0.039223,0.000000,0.250000,0.000000,0.000000,-0.806445,-0.591310,0.000000,0.000000,0.130544,0.623535,1.000000,0.874772,0.937083,0.000000,0.000000,0.193666,0.032428,0.731237,0.050694,-0.444363,0.022000,0.000000,0.000000,0.000000,0.000000,0.000000,0.000000,0.000000,0.363827,0.000000,0.024859,0.265936,1.000000,0.779970,0,0.00,candidate,1784133303,1784129400
cand-51b2f9a9-948,BTC,long,0.164753,0.071782,0.104324,1.368273,0.110471,0.466667,0.017718,0.001532,0.891262,0.190521,0.711900,-0.640808,0.029199,-0.333333,0.314646,0.000000,0.000000,1.000000,0.000000,0.000000,0.472324,-0.168764,0.664000,0.036854,0.000000,0.250000,0.013087,0.000000,-0.870356,-0.492424,0.000000,0.315323,0.000000,1.307597,1.000000,0.805093,0.898556,0.000000,0.000000,-0.026846,0.000000,0.749546,0.995768,-0.191488,0.010000,0.000000,0.000000,0.717000,0.000000,0.000000,0.000000,-0.432287,0.343753,0.000000,0.357595,0.162534,1.000000,0.779970,0,0.00,candidate,1784133303,1784130900
cand-51b2f9a9-938,BTC,long,-0.241059,0.166908,0.456780,1.367270,0.110397,0.466667,1.077481,0.001532,0.825952,0.000000,0.411936,-0.754808,0.046155,-0.333333,0.316697,0.000000,0.000000,1.000000,0.000000,0.000000,0.642187,-0.094247,0.416000,0.038868,0.000000,0.250000,-0.052035,0.000000,-0.754710,-0.656059,0.000000,0.000000,0.131204,0.606656,1.000000,0.818799,0.908884,0.000000,0.000000,0.176942,0.029597,0.717905,0.090691,-0.409051,0.026000,0.000000,0.000000,0.789000,0.000000,0.000000,0.000000,0.000000,0.445393,0.000000,-0.088064,-0.232000,1.000000,0.779970,0,0.00,candidate,1784133603,1784128200
cand-51b2f9a9-943,ETH,long,-0.414472,0.433647,0.518938,2.235271,0.178402,0.590000,0.589609,0.005178,0.823454,0.000000,0.230373,-0.682765,0.030888,-0.333333,0.421281,0.000000,0.000000,1.000000,0.000000,0.000000,0.953327,0.029046,0.608000,0.039223,0.000000,0.250000,0.024725,0.000000,-0.833886,-0.551937,0.000000,-0.348355,0.117255,1.434582,1.000000,0.811671,0.779642,0.000000,0.000000,-0.010009,0.000000,0.738887,0.027745,-0.341635,0.008000,0.000000,0.000000,0.638000,0.000000,0.000000,0.000000,0.000000,0.389063,0.000000,0.160295,-0.402235,1.000000,0.779970,0,0.00,candidate,1784133603,1784130000
cand-51b2f9a9-945,ETH,long,0.144882,0.254444,0.340760,2.265374,0.178492,0.590000,1.307684,0.005182,0.756155,1.242287,1.637962,-0.711007,0.028596,-0.333333,0.419708,0.000000,0.000000,1.000000,0.000000,0.000000,0.000000,0.000000,0.664000,0.036854,0.000000,0.250000,0.000000,0.000000,-0.850352,-0.526214,0.000000,0.000000,0.118150,0.427393,1.000000,0.819039,0.788318,0.000000,0.000000,-0.006630,0.000000,0.743636,0.013497,-0.279769,0.004000,0.000000,0.000000,0.872000,0.000000,0.000000,0.000000,-0.432287,0.594749,0.000000,0.331836,0.159875,1.000000,0.885792,0,0.00,candidate,1784133603,1784130300
cand-51b2f9a9-946,ETH,long,-0.447995,0.493954,0.035061,2.105204,0.178994,0.593333,0.052959,0.005182,0.809348,0.000000,0.012098,-0.598726,0.027625,-0.333333,0.419708,0.000000,0.000000,1.000000,0.000000,0.000000,1.000000,0.000000,0.664000,0.036854,0.000000,0.250000,0.000000,0.000000,-0.861629,-0.507538,0.000000,-1.031835,0.118154,1.000000,1.000000,0.796198,0.761408,0.000000,0.000000,-0.024083,0.000000,0.747109,0.003080,-0.370382,0.012000,0.000000,0.000000,0.903000,0.000000,0.000000,0.000000,-0.432287,0.490635,-1.000000,0.070868,-0.317719,1.000000,0.885792,0,0.00,candidate,1784133603,1784130600
cand-51b2f9a9-947,BTC,short,1.200821,-0.436561,0.036763,-1.366458,0.110491,0.466667,0.297605,0.001530,0.888041,0.000000,0.194798,0.585525,-0.029569,0.333333,0.314646,0.000000,0.000000,1.000000,0.000000,0.000000,1.000000,0.000000,0.664000,-0.036854,0.000000,0.250000,0.000000,0.000000,-0.863836,-0.503774,0.000000,-0.000000,-0.216571,1.257783,-1.000000,0.793438,0.586960,0.646053,1.000000,-0.030491,0.000000,0.747803,0.000997,0.081060,0.021000,0.000000,0.000000,0.000000,0.000000,0.000000,0.000000,-0.432287,0.281430,-0.000000,0.234543,0.352439,-1.000000,0.894178,1,0.00,candidate,1784133603,1784130600
cand-51b2f9a9-949,ETH,long,-0.398673,0.000000,-0.124257,1.992469,0.179214,0.593333,0.865479,0.005194,0.750824,0.000000,-0.061979,-0.646794,0.027493,-0.333333,0.419708,0.000000,0.000000,1.000000,0.000000,0.000000,0.475253,-0.165849,0.664000,0.036854,0.000000,0.250000,0.013087,0.000000,-0.874620,-0.484810,0.000000,0.812520,0.019424,0.434920,1.000000,0.775862,0.737413,0.000000,0.000000,-0.039468,0.000000,0.751286,0.990547,-0.347885,0.003000,0.000000,0.000000,0.976000,0.000000,0.000000,0.000000,-0.432287,0.307470,0.000000,0.161547,-0.477663,1.000000,0.885792,0,0.00,candidate,1784133603,1784130900
cand-6728b9e4-1043,ETH,short,2.303353,1.418013,1.477335,-0.988212,0.187944,0.630000,0.785288,0.005239,0.859443,-0.132950,-1.217815,-0.462958,-0.032248,0.333333,0.424050,0.000000,0.000000,1.000000,0.000000,0.000000,0.312352,-0.214595,0.400000,-0.030287,0.000000,0.250000,0.024464,0.000000,-0.933580,-0.358368,0.000000,0.058978,0.476587,2.264939,0.000000,0.440756,0.548911,0.768619,1.000000,-0.230185,0.000000,0.773472,0.923991,0.217362,0.007000,0.000000,0.000000,0.686000,0.022000,0.000000,0.000000,-0.084987,0.299710,1.000000,0.003581,0.925307,-1.000000,0.777924,0,0.00,candidate,1784139315,1784133000
cand-6728b9e4-1045,ETH,short,-0.993639,0.693296,1.712799,-0.774454,0.191311,0.636667,0.572232,0.088853,0.752920,0.000000,0.292368,-0.394097,-0.037350,0.333333,0.424050,0.000000,0.000000,1.000000,0.000000,0.000000,0.748164,0.060026,0.400000,-0.031061,0.000000,0.250000,-0.023971,0.000000,-0.951057,-0.309017,0.000000,-0.329710,0.227887,0.463129,0.000000,0.370107,0.645461,0.565851,1.000000,-0.249913,0.000000,0.781958,0.898531,0.292606,0.009000,0.000000,0.000000,0.000000,0.005000,0.000000,0.000000,-1.000000,0.028016,-0.000000,-0.120494,-0.652878,-1.000000,0.775603,0,0.00,candidate,1784139315,1784133600
cand-1f480b11-1363,BTC,short,1.704989,0.922591,0.018538,-1.103238,0.112137,0.476667,0.329273,0.001535,0.850589,-0.155490,-0.782757,0.115064,-0.027386,0.333333,0.314646,0.000000,0.000000,1.000000,0.000000,0.000000,0.944905,0.043644,0.664000,-0.037127,0.000000,0.250000,0.013087,0.000000,-0.878817,-0.477159,0.000000,0.346991,0.309023,0.701863,-1.000000,0.682762,0.643959,0.703155,1.000000,-0.065172,0.000000,0.752836,0.985899,0.101385,0.027000,0.000000,0.000000,0.000000,0.000000,0.000000,0.000000,-0.791648,0.339771,1.000000,-0.024661,0.539991,-1.000000,0.763939,1,0.00,candidate,1784159126,1784131200
cand-2e9355dd-1430,ETH,short,-0.735344,1.566591,0.932108,-1.542243,0.182841,0.610000,0.414121,0.005223,0.755164,-0.718208,-1.262687,-0.532812,-0.029694,0.333333,0.424050,0.000000,0.000000,1.000000,0.000000,0.000000,0.988383,-0.000835,0.400000,-0.037032,0.000000,0.250000,0.000000,0.000000,-0.908143,-0.418660,0.000000,-0.000000,0.508287,0.535888,0.000000,0.614004,0.287574,0.647085,1.000000,-0.155014,0.000000,0.763228,0.954721,0.415050,0.004000,0.000000,0.000000,0.000000,0.000000,0.000000,0.000000,-0.471542,0.240104,-0.000000,0.073503,-0.714681,-1.000000,0.779613,0,0.00,candidate,1784161210,1784132100
cand-2e9355dd-1431,ETH,short,0.595853,1.624756,0.808437,-1.553100,0.183642,0.610000,0.474876,0.104228,0.776711,0.000000,0.488779,-0.029014,-0.029407,0.333333,0.424050,0.000000,0.000000,1.000000,0.000000,0.000000,0.988046,-0.001250,0.400000,-0.037032,0.000000,0.250000,-0.006695,0.000000,-0.915311,-0.402747,0.000000,0.060755,0.435349,0.740356,0.000000,0.577209,0.338060,0.683193,1.000000,-0.177643,0.000000,0.766017,0.946354,-0.271066,0.010000,0.000000,0.000000,0.000000,0.038000,0.000000,0.000000,-0.471542,0.124024,-0.000000,-0.481466,0.306122,-1.000000,0.894601,0,0.00,candidate,1784161510,1784132400
cand-2e9355dd-1432,ETH,long,-0.595853,-1.624756,-0.808437,1.553100,0.183642,0.610000,0.955511,0.005209,0.795834,0.000000,-0.314944,-0.029014,0.029660,-0.333333,0.424050,0.000000,0.000000,1.000000,0.000000,0.000000,0.987726,-0.001569,0.400000,0.030287,0.000000,0.250000,-0.006695,0.000000,-0.920505,-0.390731,0.000000,0.925405,-0.435349,1.015382,0.000000,0.577209,0.515145,0.834385,0.000000,-0.177643,0.000000,0.768101,0.940104,-0.242169,0.016000,0.000000,0.000000,0.896000,0.007000,0.000000,0.000000,-0.084987,0.040186,0.000000,0.481466,-0.306122,1.000000,0.894601,0,0.00,candidate,1784161510,1784132400
cand-ca933f29-1499,ETH,short,-0.946712,1.074020,0.759447,-1.508076,0.184322,0.613333,0.726310,0.005207,0.876108,0.000000,0.236358,-0.672055,-0.030050,0.333333,0.424050,0.000000,0.000000,1.000000,0.000000,0.000000,0.971148,-0.006670,0.400000,-0.030287,0.000000,0.250000,-0.006695,0.000000,-0.923880,-0.382683,0.000000,1.681822,0.381678,3.000000,0.000000,0.603521,0.351705,0.625630,1.000000,-0.142798,0.000000,0.769289,0.936539,0.312330,0.019000,0.000000,0.000000,0.965000,0.030000,0.000000,0.000000,-0.084987,0.622520,-0.797619,-0.046121,-0.709746,-1.000000,0.778919,0,0.00,candidate,1784164336,1784132700
cand-ca933f29-1500,BTC,short,-0.636533,1.380029,0.926167,-0.964444,0.112910,0.483333,0.236659,0.001537,0.835033,0.000000,-0.172774,-0.975998,-0.027693,0.333333,0.315342,0.000000,0.000000,1.000000,0.000000,0.000000,0.971179,-0.006639,0.400000,-0.030287,0.000000,0.250000,-0.006695,0.000000,-0.927184,-0.374607,0.000000,-0.000000,0.484914,0.605881,0.000000,0.524915,0.746648,0.766144,1.000000,-0.104249,0.000000,0.771032,0.931311,0.299199,0.034000,0.000000,0.000000,0.445000,0.000000,0.000000,0.000000,-0.084987,0.465189,-0.000000,-0.115925,-0.612058,-1.000000,0.884318,1,0.00,candidate,1784164336,1784132700
cand-ca933f29-1502,BTC,short,2.482017,1.687916,1.828180,-0.374164,0.115270,0.503333,0.220627,0.001544,0.906241,0.000000,-0.958370,-0.407331,-0.028095,0.333333,0.315342,0.000000,0.000000,1.000000,0.000000,0.000000,0.315788,-0.211166,0.400000,-0.030287,0.000000,0.250000,0.024464,0.000000,-0.935135,-0.354291,0.000000,-0.284268,0.652805,1.643262,0.000000,0.285650,0.869856,0.860978,1.000000,-0.161850,-0.008079,0.774166,0.921907,0.342885,0.009000,0.000000,0.000000,0.833000,0.000000,0.000000,0.000000,-0.084987,0.431187,1.000000,0.001680,0.937059,-1.000000,0.882918,1,0.00,candidate,1784164336,1784133000
cand-ca933f29-1504,ETH,short,-0.906996,0.603918,1.479250,-0.344629,0.192491,0.640000,0.906950,0.036527,0.763409,0.203114,0.758284,-0.167995,-0.039575,0.333333,0.424050,0.000000,0.000000,1.000000,0.000000,0.000000,0.830448,0.112059,0.400000,-0.031061,0.000000,0.250000,-0.004479,1.856503,-0.958820,-0.284015,0.000000,0.334718,0.192102,0.571883,0.000000,0.267744,0.801017,0.508462,0.000000,-0.214590,0.000000,0.785781,0.887064,0.344283,0.006000,0.000000,0.000000,0.000000,0.005000,0.000000,0.000000,-1.000000,0.549299,-0.000000,0.109401,-0.430968,-1.000000,0.775603,0,0.00,candidate,1784164336,1784133900
cand-ca933f29-1505,ETH,short,-0.611818,-0.882681,0.351057,0.603298,0.193240,0.643333,1.588637,0.041617,0.823657,0.046492,0.540681,-0.248997,-0.044241,0.333333,0.424050,0.000000,0.000000,1.000000,0.000000,0.000000,0.685223,-0.030638,0.400000,-0.030472,0.000000,0.250000,0.027086,2.187486,-0.972370,-0.233445,0.000000,0.278965,-0.202862,1.376811,0.000000,0.418131,0.690291,0.949163,0.000000,0.008419,0.000000,0.794335,0.861400,0.291236,0.004000,0.000000,0.000000,0.255000,0.010000,0.000000,0.000000,0.573719,0.503357,-0.000000,0.058509,-0.679641,-1.000000,0.775603,0,0.00,candidate,1784164336,1784134800
cand-ca933f29-1506,ETH,short,-0.518599,-1.686456,-0.065139,0.336878,0.193617,0.643333,0.888335,0.083405,0.751578,-0.472065,-0.870013,-0.544721,-0.047474,0.333333,0.423081,0.000000,0.000000,1.000000,0.000000,0.000000,0.689184,-0.024521,0.212000,-0.029681,0.000000,0.250000,-0.006422,1.474132,-0.979925,-0.199368,0.000000,-0.700302,-0.424247,0.475691,0.000000,0.463340,0.657149,0.915761,0.000000,0.028483,0.000000,0.799984,0.844455,0.218891,0.013000,0.000000,0.000000,0.454000,0.003000,0.000000,0.000000,-0.047993,0.202558,-0.000000,0.072514,-0.509235,-1.000000,0.775603,0,0.00,candidate,1784164336,1784135100
cand-ca933f29-1507,ETH,short,0.937669,-0.898491,-0.152572,0.700329,0.194274,0.646667,0.734440,0.005210,0.821110,0.000000,-0.245640,-0.757709,-0.048111,0.333333,0.423081,0.000000,0.000000,1.000000,0.000000,0.000000,0.910363,0.169191,0.212000,-0.029681,0.000000,0.250000,-0.006422,1.474132,-0.980785,-0.195090,0.000000,-0.153894,-0.141163,1.349861,0.000000,0.381354,0.717301,0.877404,0.000000,-0.007931,0.000000,0.800476,0.842978,0.367189,0.005000,0.000000,0.000000,0.750000,0.008000,0.000000,0.000000,-0.047993,0.756685,0.909326,-0.050100,0.746809,-1.000000,0.775603,0,0.00,candidate,1784164516,1784135400
cand-ca933f29-1508,ETH,short,-0.198290,-0.612287,-0.010054,0.754075,0.194374,0.646667,1.097078,0.010416,0.696618,0.000000,0.010594,-0.669810,-0.050849,0.333333,0.423081,0.000000,0.000000,1.000000,0.000000,0.000000,0.789828,0.057870,0.212000,-0.029681,0.000000,0.250000,-0.006422,1.589562,-0.985556,-0.169350,0.000000,-0.512360,0.037388,0.202193,0.000000,0.398688,0.704565,0.864607,0.000000,-0.000221,0.000000,0.804991,0.829432,0.247313,0.010000,0.000000,0.000000,0.934000,0.002000,0.000000,0.000000,-0.047993,0.240735,-0.000000,0.583990,-0.207283,-1.000000,0.775603,1,0.00,candidate,1784164815,1784135700
cand-869075a2-1631,ETH,long,0.273619,0.703756,0.456098,-0.036024,0.195195,0.650000,1.135720,0.005181,0.758119,-0.957182,-1.237959,-0.707766,0.066876,-0.333333,0.421431,0.000000,0.000000,1.000000,0.000000,0.000000,1.000000,-0.000000,0.268000,0.030342,0.000000,0.250000,0.000000,0.000000,-0.998848,0.047978,0.000000,0.000000,-0.036290,0.590687,1.000000,0.730267,0.835842,0.000000,0.000000,0.089980,0.000000,0.839233,0.726706,-0.383268,0.004000,0.000000,0.000000,0.993000,0.000000,0.000000,0.000000,0.000000,0.020480,0.000000,0.304920,0.387833,1.000000,0.775603,0,0.00,candidate,1784168753,1784138700
cand-869075a2-1632,ETH,long,1.415482,1.069836,1.129689,0.230600,0.196393,0.653333,1.103995,0.005177,0.769335,0.000000,0.677271,1.335124,0.066842,-0.333333,0.421431,0.000000,0.000000,1.000000,0.000000,0.000000,0.956322,0.021047,0.268000,0.030342,0.000000,0.250000,0.000000,0.000000,-0.997859,0.065403,0.000000,-0.069383,0.130654,0.618716,1.000000,0.882737,0.928832,0.000000,0.000000,0.145252,0.000000,0.842359,0.717330,-0.292431,0.008000,0.000000,0.000000,0.541000,0.000000,0.000000,0.000000,0.000000,0.392138,0.000000,-0.048272,0.744444,1.000000,1.000000,0,0.00,candidate,1784168753,1784139000
cand-869075a2-1633,ETH,long,-1.214480,0.584072,0.717424,-0.036002,0.197317,0.656667,1.017422,0.031102,0.798244,0.000000,0.069444,-0.387378,0.066781,-0.333333,0.420701,0.000000,0.000000,1.000000,0.000000,0.000000,1.000000,0.000000,0.176000,0.029852,0.000000,0.250000,0.000000,0.000000,-0.994969,0.100188,0.000000,0.000000,0.119031,1.000000,1.000000,0.751278,0.848687,0.000000,0.000000,0.097615,0.000000,0.847582,0.701660,-0.272067,0.022000,0.000000,0.000000,0.710000,0.000000,0.000000,0.000000,0.000000,0.130518,0.000000,0.028019,-0.819788,1.000000,0.879060,0,0.00,candidate,1784168753,1784139300
cand-869075a2-1634,ETH,long,0.057879,0.396680,0.571439,0.236181,0.196957,0.656667,1.090301,0.005185,0.878697,0.000000,0.140551,-0.986057,0.067513,-0.333333,0.420701,0.000000,0.000000,1.000000,0.000000,0.000000,0.914725,-0.030584,0.176000,0.029852,0.000000,0.250000,0.000000,0.000000,-0.993572,0.113203,0.000000,-0.121336,0.097161,3.000000,1.000000,0.757524,0.852504,0.000000,0.000000,0.099884,0.000000,0.850090,0.694137,-0.357660,0.015000,0.000000,0.000000,0.485000,0.000000,0.000000,0.000000,0.000000,0.227319,0.000000,-0.113604,0.130682,1.000000,0.775013,0,0.00,candidate,1784168753,1784139600
cand-869075a2-1678,BTC,short,1.287295,0.167633,-0.143072,-0.145885,0.079992,0.223333,0.215809,0.001543,0.965724,0.000000,0.004203,0.010038,-0.082998,0.333333,0.317563,0.000000,0.000000,1.000000,0.000000,0.000000,0.913496,0.162615,0.220000,-0.036749,0.000000,0.250000,0.008723,0.000000,-0.134851,0.990866,0.000000,-0.499797,0.039026,3.000000,-1.000000,0.317314,0.953833,0.000000,0.000000,-0.056670,0.000000,1.000000,0.064242,-0.092270,0.081000,0.000000,0.000000,0.325000,0.000000,0.000000,0.000000,0.000000,0.427083,1.000000,-0.036215,0.809697,-1.000000,0.871070,0,0.00,candidate,1784168753,1784157600
cand-869075a2-1679,BTC,short,0.265065,0.097945,0.286440,0.022063,0.079724,0.223333,0.614988,0.001543,0.847863,0.000000,-0.020329,-0.788018,-0.082615,0.333333,0.317563,0.000000,0.000000,1.000000,0.000000,0.000000,0.917682,0.165174,0.220000,-0.036749,0.000000,0.250000,-0.014096,0.000000,-0.121869,0.992546,0.000000,0.399179,0.072334,0.670363,-1.000000,0.268905,0.960868,0.000000,0.000000,-0.060909,0.000000,1.000000,0.056930,0.197635,0.075000,0.000000,0.000000,0.448000,0.000000,0.000000,0.000000,0.000000,0.063774,-0.000000,-0.113235,0.658654,-1.000000,0.750130,0,0.00,candidate,1784168753,1784157900
cand-869075a2-1684,BTC,short,0.208470,-0.748000,0.500223,0.334897,0.074756,0.210000,0.455938,0.001545,0.871035,-0.357213,-0.552475,0.108482,-0.078428,0.333333,0.318418,0.000000,0.000000,1.000000,0.000000,0.000000,-1.000000,-0.000000,0.012000,-0.027613,0.000000,0.250000,0.000000,0.000000,0.074108,0.997250,0.000000,-0.000000,-0.451205,1.182172,0.000000,0.393648,0.924130,0.000000,0.000000,-0.069826,0.000000,1.000000,0.964390,0.012665,0.024000,0.000000,0.000000,0.945000,0.000000,0.000000,0.000000,0.000000,0.258282,-0.000000,-0.379394,0.230769,-1.000000,0.773931,0,0.00,candidate,1784168753,1784160600
cand-aced34df-1693,ETH,long,0.115651,0.354371,0.605919,0.080084,0.197105,0.656667,1.181962,0.005182,0.813845,0.000000,-0.084571,-0.840185,0.067112,-0.333333,0.420701,0.000000,0.000000,1.000000,0.000000,0.000000,0.308763,-0.300515,0.176000,0.029852,0.000000,0.250000,0.001134,0.000000,-0.991445,0.130526,0.000000,0.263789,0.017682,1.159751,1.000000,0.770017,0.860135,0.000000,0.000000,0.104420,0.000000,0.852532,0.686811,-0.269394,0.007000,0.000000,0.000000,0.775000,0.000000,0.000000,0.000000,0.000000,0.098016,0.000000,0.173282,0.148276,1.000000,0.775013,0,0.00,candidate,1784171564,1784139900
cand-713f9742-1751,BTC,long,-0.116460,-0.558858,-1.057234,-0.926883,0.123253,0.550000,0.414483,0.001544,0.866919,-0.243382,-0.373103,1.307409,0.082241,-0.333333,0.319062,0.000000,0.000000,1.000000,0.000000,0.000000,-1.000000,-0.000000,0.244000,0.029725,0.000000,0.250000,0.000000,0.000000,-0.928810,0.370557,0.000000,0.000000,-0.088957,1.000000,0.000000,0.085119,0.586891,0.972447,0.000000,-0.070568,-0.050739,0.892387,0.567245,-0.384675,0.047000,0.000000,0.000000,0.660000,0.000000,0.000000,0.000000,0.000000,0.217529,0.000000,0.725080,-0.101598,1.000000,0.895953,0,0.00,candidate,1784172391,1784143200
cand-7ea390b5-1809,BTC,short,-0.710967,-0.277029,-0.001437,0.879070,0.123689,0.553333,0.327335,0.001540,0.891949,0.000000,-0.136868,-0.812914,-0.082976,0.333333,0.319062,0.000000,0.000000,1.000000,0.000000,0.000000,0.949294,0.028112,0.244000,-0.029826,0.000000,0.250000,0.017677,0.000000,-0.894934,0.446198,0.000000,0.755041,-0.066454,1.344400,0.000000,0.284412,0.871921,0.857810,1.000000,-0.016529,0.000000,0.905351,0.528354,0.036890,0.032000,0.000000,0.000000,0.180000,0.000000,0.000000,0.000000,0.000000,0.396841,-0.000000,-0.000000,-1.000000,-1.000000,0.775013,0,0.00,candidate,1784193733,1784144400
cand-7ea390b5-1810,BTC,long,-0.991569,0.434746,-0.415096,-1.041695,0.124121,0.560000,1.065350,0.001541,0.867614,0.000000,-0.128457,-0.825649,0.081539,-0.333333,0.319062,0.000000,0.000000,1.000000,0.000000,0.000000,0.985576,0.029389,0.244000,0.029621,0.000000,0.250000,0.023389,0.000000,-0.884988,0.465615,0.000000,1.197564,0.173203,0.933261,0.000000,0.193368,0.636303,0.780595,0.000000,-0.041180,-0.021486,0.909170,0.516895,-0.140273,0.021000,0.000000,0.000000,0.000000,0.000000,0.000000,0.000000,0.000000,0.319093,0.000000,0.000000,-1.000000,1.000000,0.879060,0,0.00,candidate,1784193733,1784144700
cand-7ea390b5-1811,ETH,long,-0.651227,0.353253,-0.260578,-0.353255,0.200167,0.663333,1.050717,0.005201,0.825790,0.045659,0.434142,-0.806021,0.064875,-0.333333,0.424164,0.000000,0.000000,1.000000,0.000000,0.000000,0.985580,0.029392,0.244000,0.029621,0.000000,0.250000,0.023389,0.000000,-0.882948,0.469472,0.000000,0.000000,0.132177,1.210443,0.000000,0.641175,0.796806,0.913820,0.000000,0.053414,0.000000,0.909642,0.515479,-0.233988,0.005000,0.000000,0.000000,0.213000,0.000000,0.000000,0.000000,0.000000,0.179969,-0.594787,-0.010727,-0.896429,1.000000,0.750130,0,0.00,candidate,1784193733,1784144700
cand-7ea390b5-1812,ETH,long,-0.132033,0.246441,0.046349,-0.313615,0.200761,0.663333,0.315178,0.005199,0.812530,0.000000,0.044382,-0.577558,0.063870,-0.333333,0.424164,0.000000,0.000000,1.000000,0.000000,0.000000,0.521720,-0.196461,0.244000,0.029621,0.000000,0.250000,0.023389,0.000000,-0.876727,0.480989,0.000000,-0.770344,0.265141,0.985219,0.000000,0.625574,0.787915,0.904960,0.000000,0.048126,0.000000,0.911379,0.510270,-0.259898,0.004000,0.000000,0.000000,0.213000,0.000000,0.000000,0.000000,0.000000,0.157756,0.000000,-0.006879,-0.097143,1.000000,0.750130,0,0.00,candidate,1784193733,1784145000
cand-7ea390b5-1813,BTC,long,0.952094,0.868881,0.223422,-0.746725,0.124578,0.560000,1.118819,0.001540,0.866006,0.000000,-0.180744,-0.410793,0.082480,-0.333333,0.319062,0.000000,0.000000,1.000000,0.000000,0.000000,0.517779,-0.200405,0.244000,0.029621,0.000000,0.250000,0.023389,0.000000,-0.874620,0.484810,0.000000,0.053469,0.121190,0.911022,0.000000,0.339994,0.754248,0.820369,1.000000,-0.017423,0.000000,0.912420,0.507145,-0.209028,0.073000,0.000000,0.000000,0.562000,0.000000,0.000000,0.000000,0.000000,0.229613,0.000000,0.035732,0.804598,1.000000,0.879060,0,0.00,candidate,1784193733,1784145000
cand-7ea390b5-1814,ETH,long,-0.165724,-0.005286,-0.042609,-0.286147,0.200777,0.663333,1.009269,0.005203,0.799838,0.000000,-0.075136,-0.734143,0.061189,-0.333333,0.424164,0.000000,0.000000,1.000000,0.000000,0.000000,0.500198,-0.212512,0.244000,0.029621,0.000000,0.250000,0.012931,0.000000,-0.859406,0.511293,0.000000,-0.038024,0.187233,0.814424,0.000000,0.605996,0.776752,0.893836,0.000000,0.041404,0.000000,0.916938,0.493591,-0.293896,0.011000,0.000000,0.000000,0.365000,0.000000,0.000000,0.000000,0.000000,0.003567,0.000000,-0.261706,-0.192661,1.000000,0.750130,0,0.00,candidate,1784193733,1784145300
cand-7ea390b5-1815,BTC,long,-0.286233,0.368970,0.045245,-0.593542,0.124809,0.560000,0.716084,0.001540,0.882501,0.000000,-0.084879,-0.594724,0.081547,-0.333333,0.319062,0.000000,0.000000,1.000000,0.000000,0.000000,0.559006,-0.127163,0.244000,0.029618,0.000000,0.250000,0.012931,0.000000,-0.845728,0.533615,0.000000,-0.402735,-0.165940,1.164844,0.000000,0.383514,0.818779,0.806381,1.000000,-0.025778,-0.006120,0.921573,0.479688,-0.287580,0.035000,0.000000,0.000000,0.356000,0.000000,0.000000,0.000000,0.000000,0.339242,0.000000,0.361338,-0.301961,1.000000,0.750130,0,0.00,candidate,1784193733,1784145600
cand-7ea390b5-1816,ETH,short,0.093040,0.445857,0.330902,0.067866,0.201462,0.663333,0.128488,0.041655,0.819969,-0.186224,-0.570270,-0.282180,-0.059290,0.333333,0.424164,0.000000,0.000000,1.000000,0.000000,0.000000,0.568715,-0.119850,0.244000,-0.029618,0.000000,0.250000,0.012931,0.000000,-0.843391,0.537300,0.000000,1.137757,-0.022185,1.074766,0.000000,0.523708,0.702844,0.862878,0.000000,0.013448,0.000000,0.921920,0.478647,0.161386,0.011000,0.000000,0.000000,0.892000,0.000000,0.000000,0.000000,0.000000,0.120586,-0.000000,0.170233,0.071283,-1.000000,0.775013,0,0.00,candidate,1784193733,1784145900
cand-7ea390b5-1817,BTC,long,0.046997,0.277807,0.458140,0.055707,0.124427,0.560000,1.012491,0.001539,0.863729,0.000000,0.058793,-0.587453,0.074144,-0.333333,0.316443,0.000000,0.000000,1.000000,0.000000,0.000000,1.000000,0.000000,0.172000,0.030218,0.000000,0.250000,0.000000,0.000000,-0.777146,0.629320,0.000000,0.000000,0.279182,0.696692,1.000000,0.596567,0.904747,0.834757,1.000000,-0.008829,0.000000,0.940105,0.424092,-0.106130,0.019000,0.000000,0.000000,0.598000,0.000000,0.000000,0.000000,0.000000,0.534489,0.000000,-0.855812,0.074899,1.000000,0.750130,0,0.00,candidate,1784193733,1784147400
cand-7ea390b5-1818,BTC,long,-0.059613,0.319082,0.277309,0.279631,0.123909,0.556667,1.020674,0.001539,0.846175,0.000000,-0.041742,-0.778132,0.072464,-0.333333,0.316443,0.000000,0.000000,1.000000,0.000000,0.000000,0.807891,-0.012912,0.172000,0.030218,0.000000,0.250000,-0.002091,0.000000,-0.760406,0.649448,0.000000,0.008184,0.289100,0.579895,1.000000,0.586139,0.902278,0.832282,1.000000,-0.015830,0.000000,0.944286,0.411549,-0.173405,0.028000,0.000000,0.000000,0.806000,0.000000,0.000000,0.000000,0.000000,0.026982,-0.648649,0.691572,-0.164948,1.000000,0.750130,0,0.00,candidate,1784193733,1784147700
cand-7ea390b5-1819,BTC,long,-0.077404,0.295758,0.050463,0.107633,0.123274,0.550000,0.560604,0.001540,0.901442,0.000000,0.034728,-0.641421,0.072213,-0.333333,0.316443,0.000000,0.000000,1.000000,0.000000,0.000000,0.905984,0.031387,0.172000,0.030218,0.000000,0.250000,-0.002091,0.000000,-0.743145,0.669131,0.000000,-0.460070,0.133110,1.314644,1.000000,0.572670,0.899088,0.829085,1.000000,-0.013590,0.000000,0.948232,0.399708,-0.205354,0.024000,0.000000,0.000000,0.462000,0.000000,0.000000,0.000000,0.000000,0.345139,0.000000,-0.465776,-0.137168,1.000000,0.750130,0,0.00,candidate,1784193733,1784148000
cand-7ea390b5-1820,ETH,short,0.280710,0.345861,0.047672,-0.144368,0.188954,0.630000,0.675550,0.005202,0.836012,-0.018773,-0.141736,-0.906696,-0.041845,0.333333,0.422178,0.000000,0.000000,1.000000,0.000000,0.000000,0.704892,0.086240,0.172000,-0.030218,0.000000,0.250000,-0.004649,0.000000,-0.707107,0.707107,0.000000,-0.000000,0.062037,1.312864,0.000000,0.244818,0.924231,0.826790,1.000000,0.029551,0.000000,0.956576,0.374678,-0.002601,0.026000,0.000000,0.000000,0.154000,0.000000,0.000000,0.000000,0.000000,0.097780,-0.000000,0.030912,0.816000,-1.000000,0.750130,0,0.00,candidate,1784193733,1784148900
cand-7ea390b5-1821,ETH,short,0.037308,0.476786,-0.144562,-0.055664,0.167309,0.523333,0.344171,0.031201,0.780941,-0.125568,-0.358426,-0.754625,-0.041097,0.333333,0.422178,0.000000,0.000000,1.000000,0.000000,0.000000,0.276170,-0.093293,0.172000,-0.030178,0.000000,0.250000,0.003320,0.000000,-0.691513,0.722364,0.000000,-0.292632,0.153538,0.560701,0.000000,0.238095,0.926307,0.828860,1.000000,0.022804,0.000000,0.960168,0.363901,0.057198,0.022000,0.000000,0.000000,0.380000,0.000000,0.000000,0.000000,0.000000,0.042445,-0.000000,0.822434,0.045977,-1.000000,0.750130,0,0.00,candidate,1784193733,1784149200
cand-7ea390b5-1822,ETH,short,-0.508593,0.258002,-0.327756,-0.041744,0.163578,0.506667,0.267355,0.020811,0.806549,-0.589506,-0.807252,-0.901740,-0.040177,0.333333,0.422178,0.000000,0.000000,1.000000,0.000000,0.000000,0.690466,0.132391,0.172000,-0.030178,0.000000,0.250000,0.003320,0.000000,-0.675590,0.737277,0.000000,-0.070591,0.092378,0.828145,0.000000,0.327731,0.898649,0.801282,1.000000,-0.126995,0.000000,0.963641,0.353484,0.106646,0.016000,0.000000,0.000000,0.220000,0.000000,0.000000,0.000000,0.000000,0.166159,-0.000000,0.057233,-0.760766,-1.000000,0.750130,0,0.00,candidate,1784193733,1784149500
cand-7ea390b5-1823,BTC,long,-0.102801,-0.489887,-0.516270,-0.247669,0.112481,0.476667,1.230045,0.001542,0.887101,-0.208656,-0.233666,-0.756917,0.069498,-0.333333,0.317778,0.000000,0.000000,1.000000,0.000000,0.000000,0.000000,0.000000,0.184000,0.030171,0.000000,0.250000,0.000000,0.000000,-0.636078,0.771625,0.000000,0.000000,-0.108698,1.022980,0.000000,0.319357,0.838980,0.768852,1.000000,-0.050516,0.000000,0.972018,0.328351,-0.420767,0.055000,0.000000,0.000000,0.000000,0.000000,0.000000,0.000000,0.000000,0.164107,0.000000,-0.569877,-0.245098,1.000000,0.750130,0,0.00,candidate,1784193733,1784150100
cand-7ea390b5-1824,ETH,short,0.278335,0.286034,0.267048,-0.067318,0.155141,0.456667,0.671864,0.005199,0.802794,0.511538,0.664000,-0.846288,-0.039864,0.333333,0.423111,0.000000,0.000000,1.000000,0.000000,0.000000,0.000000,0.000000,0.184000,-0.030171,0.000000,0.250000,0.000000,0.000000,-0.636078,0.771625,0.000000,-0.000000,0.134974,1.166482,0.000000,0.200000,0.938076,0.840594,1.000000,-0.021290,0.000000,0.972366,0.327309,0.158558,0.017000,0.000000,0.000000,0.418000,0.000000,0.000000,0.000000,0.000000,0.076615,-0.000000,0.249967,0.494253,-1.000000,0.750130,0,0.00,candidate,1784193733,1784150100
cand-7ea390b5-1825,ETH,short,-0.883999,-0.108216,0.022558,-0.090280,0.152946,0.443333,1.139492,0.025985,0.799360,0.000000,0.342235,-0.834733,-0.040018,0.333333,0.423111,0.000000,0.000000,1.000000,0.000000,0.000000,1.000000,0.000000,0.184000,-0.030171,0.000000,0.250000,0.000000,0.000000,-0.625923,0.779884,0.000000,0.467628,0.085018,0.949806,0.000000,0.345658,0.893122,0.795772,1.000000,0.005762,0.000000,0.974102,0.322101,0.207836,0.023000,0.000000,0.000000,0.740000,0.000000,0.000000,0.000000,0.000000,0.160751,-1.000000,0.000509,-0.977444,-1.000000,0.750130,0,0.00,candidate,1784193733,1784150400
cand-7ea390b5-1826,ETH,short,0.441620,-0.071311,0.253897,-0.028179,0.151848,0.436667,0.155740,0.005201,0.838867,0.000000,-0.072101,-0.784881,-0.039980,0.333333,0.423111,0.000000,0.000000,1.000000,0.000000,0.000000,0.895101,0.006090,0.184000,-0.030171,0.000000,0.250000,0.000000,0.000000,-0.608761,0.793353,0.000000,-0.452070,0.152254,1.499774,0.000000,0.273389,0.915411,0.817996,1.000000,-0.007651,0.000000,0.977921,0.310642,-0.005201,0.089000,0.000000,0.000000,0.237000,0.000000,0.000000,0.000000,0.000000,0.037048,-0.000000,0.026361,0.646766,-1.000000,0.750130,0,0.00,candidate,1784193733,1784150700
cand-7ea390b5-1827,ETH,short,0.958280,0.302927,0.586497,0.112056,0.151510,0.436667,0.737380,0.052072,0.820230,0.000000,0.141851,-0.168760,-0.039855,0.333333,0.423111,0.000000,0.000000,1.000000,0.000000,0.000000,0.881635,-0.005204,0.184000,-0.030292,0.000000,0.250000,0.001729,0.000000,-0.580703,0.814116,0.000000,0.398635,0.123988,1.083782,0.000000,0.117087,0.963720,0.866163,1.000000,-0.036721,0.000000,0.982890,0.295734,0.177013,0.011000,0.000000,0.000000,0.965000,0.000000,0.000000,0.000000,0.000000,0.172118,-0.000000,-0.050337,0.772853,-1.000000,0.750130,0,0.00,candidate,1784193733,1784151000
cand-7ea390b5-1828,BTC,short,0.459709,0.863126,0.858529,0.559037,0.107440,0.453333,0.291994,0.001544,0.877196,0.000000,-0.114202,0.016994,-0.069738,0.333333,0.317778,0.000000,0.000000,1.000000,0.000000,0.000000,0.794974,-0.057627,0.184000,-0.030292,0.000000,0.250000,0.001729,0.000000,-0.573576,0.819152,0.000000,0.453757,0.214367,1.218296,0.000000,0.135781,0.967836,0.000000,0.000000,-0.076673,-0.014563,0.984279,0.291568,0.292784,0.034000,0.000000,0.000000,0.940000,0.000000,0.000000,0.000000,0.000000,0.516624,-0.000000,0.001718,0.759524,-1.000000,0.895953,0,0.00,candidate,1784193733,1784151300
cand-7ea390b5-1829,ETH,short,0.124814,0.582584,0.610609,0.133534,0.150218,0.436667,1.214662,0.005209,0.791079,0.000000,0.153301,-0.262916,-0.040191,0.333333,0.423111,0.000000,0.000000,1.000000,0.000000,0.000000,0.794974,-0.057627,0.184000,-0.030292,0.000000,0.250000,0.001729,0.000000,-0.573576,0.819152,0.000000,0.877821,0.227152,0.699907,0.000000,0.096919,0.969963,0.872388,1.000000,-0.040615,0.000000,0.984279,0.291568,0.158838,0.022000,0.000000,0.000000,0.698000,0.000000,0.000000,0.000000,0.000000,0.143905,-0.000000,0.049227,0.136882,-1.000000,0.879060,0,0.00,candidate,1784193733,1784151300
cand-7ea390b5-1830,BTC,short,-0.131881,0.496175,0.811342,0.492098,0.105350,0.450000,0.289478,0.001544,0.843925,0.000000,0.024475,-0.377369,-0.071835,0.333333,0.317778,0.000000,0.000000,1.000000,0.000000,0.000000,0.792269,-0.057842,0.184000,-0.030292,0.000000,0.250000,-0.020707,0.000000,-0.540974,0.841039,0.000000,0.097496,0.133766,0.733104,0.000000,0.155333,0.963210,0.000000,0.000000,-0.073884,-0.011786,0.990879,0.271768,0.297428,0.060000,0.000000,0.000000,0.626000,0.000000,0.000000,0.000000,0.000000,0.372512,-0.000000,0.465597,-0.229974,-1.000000,0.879060,0,0.00,candidate,1784193733,1784151600
cand-7ea390b5-1831,BTC,short,-0.047244,0.435516,0.680622,0.428710,0.104554,0.443333,0.012448,0.001544,0.851000,-0.078477,-0.192590,-0.760889,-0.071835,0.333333,0.317778,0.000000,0.000000,1.000000,0.000000,0.000000,0.790061,-0.059584,0.184000,-0.030292,0.000000,0.250000,-0.020707,0.000000,-0.537300,0.843391,0.000000,-0.277030,0.089543,0.822426,0.000000,0.179957,0.961565,0.000000,0.000000,-0.072892,-0.010799,0.991227,0.270726,0.152218,0.039000,0.000000,0.000000,0.841000,0.000000,0.000000,0.000000,0.000000,0.212632,-0.000000,0.691047,-0.094675,-1.000000,0.879060,0,0.00,candidate,1784193733,1784151900
cand-7ea390b5-1832,ETH,short,-0.007072,0.248194,0.388541,0.220755,0.147287,0.430000,1.172590,0.005210,0.891675,0.000000,-0.166825,-0.527832,-0.039773,0.333333,0.423111,0.000000,0.000000,1.000000,0.000000,0.000000,0.790153,-0.059492,0.184000,-0.030292,0.000000,0.250000,-0.020707,0.000000,-0.537300,0.843391,0.000000,0.158862,0.111538,3.000000,0.000000,0.103641,0.967882,0.870313,1.000000,-0.032743,0.000000,0.991574,0.269685,-0.020839,0.027000,0.000000,0.000000,0.823000,0.050000,0.000000,0.000000,0.000000,0.080622,-0.000000,0.357791,-0.004608,-1.000000,0.879060,0,0.00,candidate,1784193733,1784151900
cand-7ea390b5-1833,ETH,short,-0.423977,0.454753,0.241475,0.262352,0.146140,0.430000,1.191163,0.072910,0.820176,0.000000,-0.042869,-0.823374,-0.040952,0.333333,0.423111,0.000000,0.000000,1.000000,0.000000,0.000000,0.893837,0.033496,0.184000,-0.030252,0.000000,0.250000,-0.003548,0.000000,-0.518773,0.854912,0.000000,0.018573,0.144171,1.155002,0.000000,0.170308,0.947255,0.849746,1.000000,-0.020105,0.000000,0.994839,0.259888,0.223887,0.021000,0.000000,0.000000,0.750000,0.038000,0.000000,0.000000,0.000000,0.235491,-0.000000,-0.184257,-0.528889,-1.000000,0.879060,0,0.00,candidate,1784193733,1784152200
cand-7ea390b5-1834,BTC,short,-0.027294,0.221482,0.613930,0.514032,0.096108,0.370000,0.950951,0.001543,0.885404,0.000000,0.080693,-0.633796,-0.073937,0.333333,0.317778,0.000000,0.000000,1.000000,0.000000,0.000000,0.895070,0.034678,0.184000,-0.030252,0.000000,0.250000,-0.002211,0.000000,-0.488621,0.872496,0.000000,0.749819,0.089482,1.256645,0.000000,0.235847,0.949646,0.000000,0.000000,-0.065707,-0.003641,1.000000,0.242154,0.052531,0.028000,0.000000,0.000000,0.328000,0.000000,0.000000,0.000000,0.000000,0.019485,-0.000000,-0.915724,-0.040670,-1.000000,0.879060,0,0.00,candidate,1784193733,1784152500
cand-7ea390b5-1835,ETH,short,-0.114526,-0.213574,0.087036,0.351487,0.136328,0.380000,0.605866,0.098845,0.821793,0.000000,0.224051,2.429215,-0.039983,0.333333,0.423111,0.000000,0.000000,1.000000,0.000000,0.000000,0.859154,0.000580,0.184000,-0.030252,0.000000,0.250000,-0.002211,0.000000,-0.480989,0.876727,0.000000,-0.593124,-0.006481,1.223182,0.000000,0.228004,0.926277,0.842493,1.000000,-0.061550,0.000000,1.000000,0.237987,0.049420,0.010000,0.000000,0.000000,0.202000,0.032000,0.000000,0.000000,0.000000,0.103665,-0.000000,-0.102296,-0.040486,-1.000000,1.000000,0,0.00,candidate,1784193733,1784152800
cand-7ea390b5-1836,ETH,short,-0.069208,-0.299943,0.245142,0.401020,0.135341,0.370000,1.298935,0.088518,0.800445,-0.099882,-0.324243,-0.542808,-0.039302,0.333333,0.423111,0.000000,0.000000,1.000000,0.000000,0.000000,0.454914,-0.387285,0.184000,-0.024576,0.000000,0.250000,-0.002211,0.000000,-0.461749,0.887011,0.000000,1.249511,-0.037817,0.894188,0.000000,0.237661,0.923162,0.839386,1.000000,-0.059671,0.000000,1.000000,0.228281,0.260280,0.012000,0.000000,0.000000,0.708000,0.027000,0.000000,0.000000,0.000000,0.291322,-0.000000,0.085950,-0.054545,-1.000000,0.879060,0,0.00,candidate,1784193733,1784153100
cand-7ea390b5-1837,ETH,short,0.855386,0.063235,0.331780,0.825232,0.134516,0.370000,0.708833,0.005211,0.819781,-0.032584,-0.294391,-0.672774,-0.037070,0.333333,0.423111,0.000000,0.000000,1.000000,0.000000,0.000000,0.809709,0.002736,0.184000,-0.024576,0.000000,0.250000,-0.001056,0.000000,-0.426569,0.904455,0.000000,-0.586293,-0.000154,1.211555,0.000000,0.129673,0.961450,0.877577,1.000000,-0.082766,0.000000,1.000000,0.208473,0.203186,0.008000,0.000000,0.000000,0.673000,0.005000,0.000000,0.000000,0.000000,0.088214,-0.000000,0.121797,0.630372,-1.000000,0.879060,0,0.00,candidate,1784193733,1784153400
cand-7ea390b5-1838,ETH,short,0.062339,0.092245,0.258544,0.580510,0.133712,0.366667,1.211201,0.005212,0.811537,-0.096883,-0.381798,-0.542715,-0.037011,0.333333,0.423111,0.000000,0.000000,1.000000,0.000000,0.000000,0.568518,-0.222742,0.184000,-0.024576,0.000000,0.250000,-0.001056,0.000000,-0.422618,0.906308,0.000000,0.502368,-0.014354,1.070613,0.000000,0.120538,0.964225,0.880346,1.000000,-0.115022,-0.000339,1.000000,0.207431,0.083390,0.021000,0.000000,0.000000,0.687000,0.010000,0.000000,0.000000,0.000000,0.156481,-0.000000,-0.109068,0.062016,-1.000000,0.879060,0,0.00,candidate,1784193733,1784153700
cand-7ea390b5-1839,BTC,short,-0.209047,-0.064006,0.306422,0.654604,0.091555,0.306667,0.631986,0.001544,0.869045,0.000000,-0.107531,-0.226437,-0.077631,0.333333,0.317778,0.000000,0.000000,1.000000,0.000000,0.000000,0.568518,-0.222742,0.184000,-0.024576,0.000000,0.250000,-0.001056,0.000000,-0.422618,0.906308,0.000000,-0.318965,0.030213,1.092082,0.000000,0.213360,0.956786,0.000000,0.000000,-0.070011,0.000000,1.000000,0.207431,0.184100,0.038000,0.000000,0.000000,0.870000,0.000000,0.000000,0.000000,0.000000,0.203950,-0.000000,-0.396383,-0.234522,-1.000000,0.879060,0,0.00,candidate,1784193733,1784153700
cand-7ea390b5-1840,ETH,short,-0.184082,0.207769,0.500234,0.569405,0.133003,0.363333,0.515735,0.098965,0.777282,0.000000,0.114404,-0.777636,-0.038097,0.333333,0.424089,0.000000,0.000000,1.000000,0.000000,0.000000,0.619425,-0.172710,0.212000,-0.035413,0.000000,0.250000,-0.004488,0.000000,-0.398749,0.917060,0.000000,0.504853,-0.008024,0.666897,0.000000,0.148040,0.956074,0.872215,1.000000,-0.064235,0.000000,1.000000,0.195291,0.119786,0.026000,0.000000,0.000000,0.910000,0.008000,0.000000,0.000000,0.000000,0.096552,-1.000000,-0.440448,-0.270115,-1.000000,0.879060,0,0.00,candidate,1784193733,1784154000
cand-7ea390b5-1841,ETH,short,-1.374407,-0.333979,-0.041789,0.396236,0.132898,0.360000,1.110028,0.005198,0.757097,0.000000,0.351760,-0.390596,-0.039826,0.333333,0.424089,0.000000,0.000000,1.000000,0.000000,0.000000,0.971725,0.097911,0.212000,-0.035413,0.000000,0.250000,-0.004488,0.000000,-0.378649,0.925541,0.000000,0.836294,-0.103020,0.487099,0.000000,0.353423,0.895324,0.811618,1.000000,-0.027620,0.000000,1.000000,0.184874,0.236475,0.009000,0.000000,0.000000,0.553000,0.008000,0.000000,0.000000,0.000000,0.183869,-0.000000,-0.001276,-0.964286,-1.000000,0.750130,0,0.00,candidate,1784193733,1784154300
cand-7ea390b5-1842,ETH,short,-0.329171,-0.326933,-0.455538,0.363594,0.127939,0.340000,0.260133,0.005201,0.779459,-0.020531,-0.306730,-0.871016,-0.040031,0.333333,0.424089,0.000000,0.000000,1.000000,0.000000,0.000000,0.815441,-0.032946,0.212000,-0.035413,0.000000,0.250000,0.006904,0.000000,-0.342020,0.939693,0.000000,-0.849895,-0.123694,0.699508,0.000000,0.487433,0.889106,0.805416,1.000000,-0.039129,0.000000,1.000000,0.165806,0.119606,0.048000,0.000000,0.000000,0.220000,0.004000,0.000000,0.000000,0.000000,0.034611,-0.920455,0.074712,-0.280277,-1.000000,0.750130,0,0.00,candidate,1784193733,1784154900
cand-7ea390b5-1843,BTC,short,0.062636,-0.570035,-0.526309,0.334424,0.088587,0.293333,0.491513,0.001542,0.892807,0.000000,-0.124207,-0.625610,-0.081050,0.333333,0.318585,0.000000,0.000000,1.000000,0.000000,0.000000,0.815441,-0.032946,0.212000,-0.035413,0.000000,0.250000,0.006904,0.000000,-0.342020,0.939693,0.000000,-0.140473,-0.102456,1.483005,0.000000,0.522011,0.914095,0.000000,0.000000,-0.044273,0.000000,1.000000,0.165806,0.031376,0.022000,0.000000,0.000000,0.000000,0.000000,0.000000,0.000000,0.000000,0.178690,-0.000000,0.194821,0.054545,-1.000000,0.750130,0,0.00,candidate,1784193733,1784154900
cand-7ea390b5-1844,ETH,short,-0.474557,-0.741274,-0.453718,0.242747,0.123814,0.330000,0.115698,0.005199,0.828641,0.000000,0.014012,-0.643649,-0.041331,0.333333,0.422658,0.000000,0.000000,1.000000,0.000000,0.000000,0.000000,0.000000,0.200000,-0.029436,0.000000,0.250000,0.000000,0.000000,-0.288196,0.957571,0.000000,-0.000000,-0.142503,1.146226,-1.000000,0.508772,0.889451,0.805760,1.000000,-0.039337,0.000000,1.000000,0.138634,-0.098783,0.061000,0.000000,0.000000,0.515000,0.000000,0.000000,0.000000,0.000000,0.188913,-0.000000,0.397806,-0.369281,-1.000000,0.750130,0,0.00,candidate,1784193733,1784155500
cand-7ea390b5-1845,ETH,short,-0.165478,-0.261639,-0.426592,-0.024497,0.122427,0.320000,1.182904,0.067522,0.814936,0.280819,0.360405,-0.612490,-0.038003,0.333333,0.422397,0.000000,0.000000,1.000000,0.000000,0.000000,1.000000,-0.000000,0.220000,-0.035113,0.000000,0.250000,0.000000,0.000000,-0.216440,0.976296,0.000000,-0.000000,-0.017724,0.922384,-1.000000,0.630781,0.863050,0.967104,1.000000,0.052811,0.000000,1.000000,0.103114,0.122045,0.012000,0.000000,0.000000,0.896000,0.000000,0.000000,0.000000,0.000000,0.704662,-0.000000,-0.190000,-0.185714,-1.000000,0.879060,0,0.00,candidate,1784193733,1784156700
cand-7ea390b5-1846,ETH,short,0.303786,-0.340854,-0.616014,0.058048,0.121417,0.310000,1.299351,0.005197,0.807341,-0.112643,-0.289551,-0.692776,-0.038419,0.333333,0.422397,0.000000,0.000000,1.000000,0.000000,0.000000,0.986304,-0.004457,0.220000,-0.035113,0.000000,0.250000,0.000000,0.000000,-0.195090,0.980785,0.000000,0.209748,-0.047478,0.856290,-1.000000,0.574163,0.875296,0.979389,1.000000,0.045452,0.000000,1.000000,0.093738,0.054569,0.040000,0.000000,0.000000,0.678000,0.000000,0.000000,0.000000,0.000000,0.525583,0.910256,0.198571,0.338095,-1.000000,0.879060,0,0.00,candidate,1784193733,1784157000
cand-7ea390b5-1847,ETH,short,0.246488,-0.044145,-0.571251,-0.190550,0.120175,0.300000,0.787747,0.005200,0.843693,0.000000,-0.059096,-0.728642,-0.038323,0.333333,0.422397,0.000000,0.000000,1.000000,0.000000,0.000000,-0.379873,-0.406889,0.220000,-0.035113,0.000000,0.250000,0.008723,0.000000,-0.160743,0.986996,0.000000,-0.497915,-0.026966,1.700779,-1.000000,0.528708,0.885135,0.801454,1.000000,0.039540,0.000000,1.000000,0.076010,0.051996,0.059000,0.000000,0.000000,0.362000,0.000000,0.000000,0.000000,0.000000,0.128122,-0.000000,-0.492610,0.229508,-1.000000,0.879060,0,0.00,candidate,1784193733,1784157300
cand-7ea390b5-1848,BTC,short,-0.322560,-0.137172,-0.609566,-0.304783,0.080257,0.223333,0.714678,0.001542,0.887716,-0.334760,-0.517412,-0.391927,-0.082641,0.333333,0.317563,0.000000,0.000000,1.000000,0.000000,0.000000,-0.376123,-0.414735,0.220000,-0.035113,0.000000,0.250000,0.008723,0.000000,-0.156434,0.987688,0.000000,-0.000000,-0.012995,1.228760,-1.000000,0.605370,0.900417,0.000000,0.000000,-0.036027,0.000000,1.000000,0.074968,0.145661,0.029000,0.000000,0.000000,0.108000,0.000000,0.000000,0.000000,0.000000,0.079352,-1.000000,-0.283069,-0.333333,-1.000000,0.750130,0,0.00,candidate,1784193733,1784157300
cand-7ea390b5-1849,ETH,short,1.127296,0.133848,-0.191926,0.001262,0.119034,0.296667,0.833542,0.005206,0.725580,-0.071287,-0.478601,-0.687807,-0.038508,0.333333,0.422397,0.000000,0.000000,1.000000,0.000000,0.000000,0.912220,0.147554,0.220000,-0.036749,0.000000,0.250000,0.008723,0.000000,-0.152123,0.988362,0.000000,0.158623,0.032846,0.289518,-1.000000,0.322967,0.929739,0.845946,1.000000,-0.017177,0.000000,1.000000,0.072577,0.223797,0.034000,0.000000,0.000000,0.681000,0.000000,0.000000,0.000000,0.000000,0.135142,-0.000000,0.002622,0.656489,-1.000000,0.750130,0,0.00,candidate,1784193733,1784157600
cand-7ea390b5-1852,ETH,short,-0.026707,0.704335,0.250429,0.191302,0.116953,0.270000,0.584141,0.052076,0.812818,0.000000,0.077617,-0.542674,-0.036146,0.333333,0.422397,0.000000,0.000000,1.000000,0.000000,0.000000,0.917359,0.184512,0.220000,-0.036749,0.000000,0.250000,-0.014096,0.000000,-0.095846,0.995396,0.000000,-0.377941,0.092202,1.085635,0.000000,0.290271,0.936838,0.853028,1.000000,0.006913,0.000000,1.000000,0.044429,0.132777,0.040000,0.000000,0.000000,0.965000,0.000000,0.000000,0.000000,0.000000,0.225018,-0.000000,0.353808,-0.028000,-1.000000,0.750130,0,0.00,candidate,1784193733,1784158200
cand-7ea390b5-1853,ETH,long,0.382744,-1.496527,-1.025851,-0.547218,0.115944,0.266667,1.078603,0.005221,0.812950,0.000000,-0.100552,0.527311,0.038072,-0.333333,0.422397,0.000000,0.000000,1.000000,0.000000,0.000000,0.973858,0.102999,0.220000,0.036869,0.000000,0.250000,-0.016364,0.000000,-0.043619,0.999048,0.000000,1.710144,-0.275863,1.175411,0.000000,0.128253,0.755197,0.966420,0.000000,-0.047040,0.000000,1.000000,0.020050,-0.161817,0.009000,0.000000,0.000000,0.457000,0.004000,0.000000,0.000000,0.000000,0.284828,0.000000,0.129700,0.311594,1.000000,1.000000,0,0.00,candidate,1784193733,1784159100
cand-7ea390b5-1854,BTC,long,0.214622,-1.462002,-0.932735,-0.447019,0.077032,0.216667,1.191830,0.001546,0.864425,0.000000,-0.078246,1.672871,0.080862,-0.333333,0.317563,0.000000,0.000000,1.000000,0.000000,0.000000,0.973858,0.102999,0.220000,0.036869,0.000000,0.250000,-0.016364,0.000000,-0.043619,0.999048,0.000000,1.806817,-0.425021,0.962091,0.000000,0.185482,0.842823,0.983932,0.000000,-0.092519,-0.026487,1.000000,0.020050,-0.245135,0.012000,0.000000,0.000000,0.522000,0.000000,0.000000,0.000000,0.000000,0.148821,0.000000,0.566711,0.138243,1.000000,0.895870,0,0.00,candidate,1784193733,1784159100
cand-7ea390b5-1855,ETH,long,0.645731,1.588359,-0.119020,0.110039,0.115971,0.266667,1.151565,0.036401,0.766342,-0.025161,-0.080251,1.422879,0.045434,-0.333333,0.422979,0.000000,0.000000,1.000000,0.000000,0.000000,-1.000000,0.000000,0.012000,0.027613,0.000000,0.250000,0.000000,0.000000,0.065403,0.997859,0.000000,0.000000,0.136969,0.900553,0.000000,0.612144,0.891525,0.000000,0.000000,0.006028,0.000000,1.000000,0.968556,-0.114391,0.018000,0.000000,0.000000,0.345000,0.000000,0.000000,0.000000,0.000000,0.690583,0.000000,0.144601,0.557692,1.000000,0.768186,0,0.00,candidate,1784193733,1784160600
cand-7ea390b5-1857,BTC,short,2.243592,0.253354,1.252309,0.876831,0.074206,0.206667,0.118019,0.001546,0.849103,0.000000,-0.113876,0.477371,-0.077975,0.333333,0.318418,0.000000,0.000000,1.000000,0.000000,0.000000,0.959943,0.029622,0.012000,-0.027613,0.000000,0.250000,0.000000,0.000000,0.095846,0.995396,0.000000,-0.337919,-0.153862,0.870110,0.000000,0.105951,0.979545,0.000000,0.000000,-0.104833,-0.044163,1.000000,0.953973,0.032859,0.015000,0.000000,0.000000,0.876000,0.000000,0.000000,0.000000,0.000000,0.230086,-0.000000,0.011246,0.893123,-1.000000,1.000000,1,0.00,candidate,1784193733,1784160900
cand-7ea390b5-1858,ETH,short,1.367524,0.598926,0.738055,0.573647,0.115183,0.263333,0.157172,0.005223,0.786941,0.000000,-0.523694,1.791497,-0.049620,0.333333,0.422979,0.000000,0.000000,1.000000,0.000000,0.000000,0.973015,0.024977,0.012000,-0.027613,0.000000,0.250000,-0.012815,0.000000,0.108867,0.994056,0.000000,1.258110,0.225844,1.167133,0.000000,0.123916,0.965201,0.943800,1.000000,-0.047773,0.000000,1.000000,0.947705,0.054841,0.021000,0.000000,0.000000,0.360000,0.000000,0.000000,0.000000,0.000000,0.253810,-0.000000,-0.018032,0.841667,-1.000000,1.000000,1,0.00,candidate,1784193733,1784161200
cand-7ea390b5-1859,BTC,short,0.945581,-0.743198,1.543878,0.978089,0.066307,0.153333,0.248473,0.001549,0.826389,-0.043350,-0.229174,-0.056776,-0.070097,0.333333,0.320590,0.000000,0.000000,1.000000,0.000000,0.000000,1.000000,0.000000,0.012000,-0.030954,0.000000,0.250000,0.000000,0.000000,0.325568,0.945519,0.000000,-0.000000,-0.088883,0.489218,0.000000,0.223902,0.943424,0.000000,0.000000,-0.143769,-0.057027,1.000000,0.841276,0.196585,0.018000,0.000000,0.000000,0.591000,0.000000,0.000000,0.000000,0.000000,0.153553,0.902222,-0.030928,0.561549,-1.000000,1.000000,1,0.00,candidate,1784193733,1784164200
cand-7ea390b5-1860,ETH,short,1.338517,-0.350950,1.478535,0.660143,0.103394,0.216667,0.059650,0.005241,0.791579,0.000000,-0.741886,-0.381384,-0.065270,0.333333,0.425242,0.000000,0.000000,1.000000,0.000000,0.000000,1.000000,0.000000,0.012000,-0.030954,0.000000,0.250000,0.000000,0.000000,0.337917,0.941176,0.000000,-0.000000,-0.120709,0.863933,0.000000,0.153934,0.952965,0.000000,0.000000,-0.076122,-0.070382,1.000000,0.833984,0.170288,0.005000,0.000000,0.000000,0.483000,0.000000,0.000000,0.000000,0.000000,0.053834,-0.000000,0.029386,0.668354,-1.000000,0.774671,1,0.00,candidate,1784193733,1784164200
cand-7ea390b5-1861,ETH,short,2.907570,1.459025,1.593688,1.005619,0.105850,0.226667,1.106995,0.005244,0.787350,-0.051736,-0.858108,3.123094,-0.065270,0.333333,0.425242,0.000000,0.000000,1.000000,0.000000,0.000000,0.985770,0.007763,0.012000,-0.030954,0.000000,0.250000,0.000000,0.000000,0.342020,0.939693,0.000000,1.047345,0.259352,0.880160,0.000000,0.006235,0.997728,0.000000,0.000000,-0.141965,-0.122515,1.000000,0.832942,0.188732,0.004000,0.000000,0.000000,0.836000,0.000000,0.000000,0.000000,0.000000,0.178822,-0.000000,0.010260,0.877429,-1.000000,1.000000,1,0.00,candidate,1784193733,1784164500
cand-7ea390b5-1862,ETH,short,-2.377985,0.769298,0.465125,0.833953,0.107001,0.233333,0.575785,0.026152,0.762171,0.000000,0.220986,0.832854,-0.067121,0.333333,0.425242,0.000000,0.000000,1.000000,0.000000,0.000000,0.971308,0.003432,0.012000,-0.030954,0.000000,0.250000,0.011150,0.000000,0.362438,0.932008,0.000000,-0.190865,0.169671,0.632941,0.000000,0.245480,0.910063,0.000000,0.000000,-0.089854,-0.070843,1.000000,0.822516,0.138585,0.009000,0.000000,0.000000,0.289000,0.000000,0.000000,0.000000,0.000000,0.453698,-0.000000,0.002264,-0.874101,-1.000000,0.896165,1,0.00,candidate,1784193733,1784164800
cand-7ea390b5-1863,BTC,long,2.145839,-0.985312,-0.863250,-1.327281,0.070300,0.186667,1.127261,0.001551,0.875439,0.000000,-0.219613,0.611881,0.069401,-0.333333,0.320590,0.000000,0.000000,1.000000,0.000000,0.000000,0.971308,0.003432,0.012000,0.030954,0.000000,0.250000,0.011150,0.000000,0.362438,0.932008,0.000000,1.375734,-0.201631,1.169140,0.000000,0.196562,0.755952,0.979090,1.000000,-0.166867,-0.078207,1.000000,0.822516,-0.110972,0.018000,0.000000,0.000000,0.677000,0.000000,0.000000,0.000000,0.000000,0.432021,0.000000,0.018957,0.792653,1.000000,1.000000,0,0.00,candidate,1784193733,1784164800
cand-7ea390b5-1865,ETH,long,-0.076207,-0.252969,0.105619,0.104905,0.102361,0.210000,0.995354,0.005201,0.823894,0.192904,0.253900,-1.063862,0.093513,-0.333333,0.422676,0.000000,0.000000,1.000000,0.000000,0.000000,0.000000,0.000000,0.108000,0.026573,0.000000,0.250000,0.000000,0.000000,0.785317,0.619094,0.000000,0.000000,-0.010218,1.123809,1.000000,0.731294,0.901014,0.000000,0.000000,0.019615,0.000000,1.000000,0.566810,-0.272981,0.008000,0.000000,0.000000,0.199000,0.000000,0.000000,0.000000,0.000000,0.204681,0.000000,-0.467742,-0.064516,1.000000,0.774978,0,0.00,candidate,1784193733,1784172000
cand-2f1c1e32-1868,BTC,long,-0.077559,-0.724297,1.071169,-0.490426,0.071790,0.196667,1.115788,0.001548,0.878790,0.000000,-0.014766,-0.077126,0.067181,-0.333333,0.319990,0.000000,0.000000,1.000000,0.000000,0.000000,0.000000,0.000000,0.020000,0.025205,0.000000,0.250000,0.000000,0.000000,0.605294,0.796002,0.000000,0.000000,-0.039532,1.470404,1.000000,0.489278,0.845279,0.966823,0.000000,0.025338,0.000000,1.000000,0.688924,-0.229288,0.020000,0.000000,0.000000,0.000000,0.000000,0.000000,0.000000,0.000000,0.269680,0.000000,0.795734,-0.033751,1.000000,0.768391,0,0.00,candidate,1784197945,1784168400
cand-852711c4-1910,BTC,long,1.787602,0.809785,1.888293,0.637984,0.096931,0.376667,1.302670,0.001554,0.905481,0.000000,-0.583094,0.095443,0.037762,-0.333333,0.323761,0.000000,0.000000,1.000000,0.000000,0.000000,0.951545,-0.000841,0.432000,0.022424,0.000000,0.250000,-0.020724,0.000000,-0.500000,-0.866025,0.000000,0.429232,-0.072783,1.705459,1.000000,0.834269,0.946488,0.920068,1.000000,0.053548,0.003113,1.000000,0.249309,-0.143709,0.014000,0.000000,0.000000,0.097000,0.000000,0.000000,0.000000,0.000000,0.743495,0.000000,0.017326,0.825315,1.000000,1.000000,0,0.00,candidate,1784214010,1784210100
cand-58cc41f5-2078,BTC,long,-0.884961,-0.400164,-0.548249,-1.201324,0.085119,0.276667,1.039321,0.001560,0.886732,0.000000,-0.134833,-0.593362,0.040938,-0.333333,0.325117,0.000000,0.000000,1.000000,0.000000,0.000000,0.918125,0.010551,0.168000,0.023392,0.000000,0.250000,0.002084,0.000000,0.169350,-0.985556,0.000000,0.000000,-0.092846,1.210305,0.000000,0.332650,0.746060,0.811430,1.000000,-0.018845,0.000000,1.000000,0.579387,-0.276746,0.017000,0.000000,0.000000,0.000000,0.000000,0.000000,0.000000,0.000000,0.082601,-1.000000,0.074791,-0.518757,1.000000,0.734905,0,0.00,candidate,1784222766,1784200500
cand-58cc41f5-2079,BTC,long,-1.433014,-0.284141,-0.247747,-0.837994,0.086427,0.280000,0.093314,0.001560,0.871641,0.000000,0.039840,-0.681104,0.039849,-0.333333,0.325117,0.000000,0.000000,1.000000,0.000000,0.000000,0.922076,0.006636,0.168000,0.023392,0.000000,0.250000,0.020359,0.000000,0.117537,-0.993068,0.000000,-1.017068,-0.266829,1.005131,1.000000,0.473835,0.828631,0.839439,1.000000,-0.002118,0.000000,1.000000,0.556072,-0.384656,0.022000,0.000000,0.000000,0.000000,0.000000,0.000000,0.000000,0.000000,0.547720,0.000000,0.039437,-0.801411,1.000000,0.734905,0,0.00,candidate,1784222766,1784201100
cand-58cc41f5-2080,BTC,long,0.286751,0.360922,0.095878,-0.159959,0.085872,0.280000,0.343551,0.001559,0.891541,0.000000,-0.034207,-0.730610,0.039272,-0.333333,0.325000,0.000000,0.000000,1.000000,0.000000,0.000000,1.000000,0.000000,0.120000,0.023076,0.000000,0.250000,0.000000,0.000000,0.082808,-0.996566,0.000000,0.000000,-0.081702,1.647448,1.000000,0.661908,0.915125,0.851391,1.000000,0.005020,0.000000,1.000000,0.538444,-0.444415,0.067000,0.000000,0.000000,0.034000,0.000000,0.000000,0.000000,0.000000,0.449490,0.000000,0.123831,0.300952,1.000000,0.734905,0,0.00,candidate,1784222766,1784201700
cand-58cc41f5-2081,BTC,long,1.110751,0.662215,0.373507,0.076089,0.085958,0.280000,0.432396,0.001558,0.852236,0.000000,-0.094463,-0.404368,0.039557,-0.333333,0.325000,0.000000,0.000000,1.000000,0.000000,0.000000,0.998893,0.000705,0.120000,0.023076,0.000000,0.250000,0.000000,0.000000,0.065403,-0.997859,0.000000,0.144268,0.044010,0.959907,1.000000,0.788744,0.947017,0.883344,1.000000,0.024101,0.000000,1.000000,0.531152,-0.298450,0.036000,0.000000,0.000000,0.439000,0.000000,0.000000,0.000000,0.000000,0.384400,0.000000,-0.000258,0.983949,1.000000,0.734905,0,0.00,candidate,1784222766,1784202000
cand-58cc41f5-2083,BTC,long,-2.382115,0.029854,-0.254245,-0.281905,0.087469,0.293333,0.973864,0.001560,0.867741,0.000000,0.431151,0.061531,0.038899,-0.333333,0.325000,0.000000,0.000000,1.000000,0.000000,0.000000,0.998608,0.001169,0.120000,0.023076,0.000000,0.250000,0.008502,0.000000,0.039260,-0.999229,0.000000,0.338509,-0.179570,1.164567,1.000000,0.512104,0.877380,0.813574,1.000000,-0.017564,0.000000,1.000000,0.517591,-0.280647,0.013000,0.000000,0.000000,0.000000,0.000000,0.000000,0.000000,0.000000,0.001356,-1.000000,0.022590,-0.788325,1.000000,0.867925,0,0.00,candidate,1784222766,1784202300
cand-58cc41f5-2093,BTC,long,1.037341,0.328536,1.115311,0.454805,0.095795,0.370000,0.873438,0.001555,0.816558,0.000000,-0.231765,0.683139,0.038154,-0.333333,0.323761,0.000000,0.000000,1.000000,0.000000,0.000000,0.880065,-0.066120,0.432000,0.022424,0.000000,0.250000,-0.020724,0.000000,-0.496217,-0.868199,0.000000,1.182350,-0.218556,0.453391,1.000000,0.655543,0.888587,0.862122,1.000000,0.018956,0.000000,1.000000,0.250351,-0.256953,0.019000,0.000000,0.000000,0.427000,0.000000,0.000000,0.000000,0.000000,0.137806,0.000000,-0.388274,0.330228,1.000000,1.000000,0,0.00,candidate,1784222766,1784209800
cand-9490c8f8-2203,BTC,short,1.484327,0.040224,-0.580958,1.263897,0.085426,0.276667,0.584776,0.001559,0.889900,0.000000,-0.017540,-0.719532,-0.042931,0.333333,0.324649,0.000000,0.000000,1.000000,0.000000,0.000000,0.953865,0.015688,0.052000,-0.023719,0.000000,0.250000,0.000798,0.000000,0.329691,-0.944089,0.000000,-0.000000,-0.049265,1.010850,-1.000000,0.330340,0.843295,0.000000,0.000000,-0.000684,0.000000,1.000000,0.658639,0.312509,0.026000,0.000000,0.000000,0.000000,0.000000,0.000000,0.000000,0.000000,0.658024,1.000000,-0.000886,0.970238,-1.000000,0.734905,0,0.00,candidate,1784229303,1784198100
cand-45505c7d-2280,ETH,long,0.837975,0.127856,-0.127375,-1.091898,0.140525,0.413333,1.039552,0.005304,0.789780,0.000000,0.107625,-0.362826,0.048044,-0.333333,0.434584,0.000000,0.000000,1.000000,0.000000,0.000000,0.998901,0.000712,0.120000,0.023076,0.000000,0.250000,0.000000,0.000000,0.061049,-0.998135,0.000000,0.000000,0.139431,1.037509,0.000000,0.327072,0.537908,0.647909,1.000000,-0.049924,0.000000,1.000000,0.529069,-0.217432,0.020000,0.000000,0.000000,0.000000,0.000000,0.000000,0.000000,0.000000,0.146449,0.000000,-0.048313,0.755102,1.000000,0.866981,0,0.00,candidate,1784231129,1784202000
cand-ad1f51f7-2354,ETH,long,0.387846,0.251249,-0.363449,-1.372581,0.142350,0.423333,1.281496,0.010621,0.786655,0.065946,0.217770,-0.379131,0.047394,-0.333333,0.434671,0.000000,0.000000,1.000000,0.000000,0.000000,1.000000,0.000000,0.108000,0.023276,0.000000,0.250000,0.000000,0.000000,0.000000,-1.000000,0.000000,0.000000,0.108748,0.752754,0.000000,0.272774,0.500064,0.610188,1.000000,-0.072377,0.000000,1.000000,0.499299,-0.310581,0.018000,0.000000,0.000000,0.000000,0.000000,0.000000,0.000000,0.000000,0.025264,0.000000,-0.061928,0.452174,1.000000,0.866981,0,0.00,candidate,1784232023,1784202900
cand-ad1f51f7-2355,ETH,long,-1.224674,-0.417719,-0.527917,-1.539020,0.142264,0.423333,0.526284,0.005318,0.811575,0.122578,0.398065,-0.383312,0.046131,-0.333333,0.434671,0.000000,0.000000,1.000000,0.000000,0.000000,0.981154,0.010880,0.108000,0.023276,0.000000,0.250000,0.000000,0.000000,-0.021815,-0.999762,0.000000,-0.755212,-0.027904,1.137024,0.000000,0.200548,0.482888,0.551382,1.000000,-0.107379,0.000000,1.000000,0.488879,-0.271123,0.005000,0.000000,0.000000,0.716000,0.000000,0.000000,0.000000,0.000000,0.352469,-1.000000,0.002163,-0.953488,1.000000,0.866981,0,0.00,candidate,1784232326,1784203200
cand-ad1f51f7-2356,ETH,short,0.377041,0.636505,0.615643,1.386399,0.142452,0.426667,0.481048,0.026609,0.787004,0.000000,-0.013490,-0.114393,-0.045712,0.333333,0.434671,0.000000,0.000000,1.000000,0.000000,0.000000,0.877786,-0.033717,0.108000,-0.023276,0.000000,0.250000,0.001147,0.000000,-0.047978,-0.998848,0.000000,1.158562,0.043953,0.756700,0.000000,0.195054,0.888118,0.000000,0.000000,-0.118181,0.000000,1.000000,0.476357,0.356433,0.016000,0.000000,0.000000,0.681000,0.000000,0.000000,0.000000,0.000000,0.390202,-0.000000,-0.058914,0.380228,-1.000000,0.898602,0,0.00,candidate,1784232627,1784203500
cand-38f9ec70-2425,ETH,long,-0.044685,-0.989490,-0.610741,-0.258739,0.142853,0.426667,0.997429,0.005325,0.824250,0.038845,0.315619,0.044207,0.045213,-0.333333,0.434671,0.000000,0.000000,1.000000,0.000000,0.000000,0.863540,-0.045350,0.108000,0.023570,0.000000,0.250000,0.001147,0.000000,-0.065403,-0.997859,0.000000,1.731518,-0.155646,1.216376,0.000000,0.280980,0.719124,0.987942,0.000000,-0.119466,0.000000,1.000000,0.467579,-0.332721,0.014000,0.000000,0.000000,0.230000,0.001000,0.000000,0.000000,0.000000,0.174872,0.000000,0.757933,-0.041801,1.000000,1.000000,0,0.00,candidate,1784233301,1784203800
cand-a7cee914-2706,BTC,short,0.422646,-1.838509,-1.562724,-0.537478,0.092759,0.330000,0.157228,0.001559,0.877626,-0.410911,-0.979306,3.544171,-0.042119,0.333333,0.323761,0.000000,0.000000,1.000000,0.000000,0.000000,0.000000,0.000000,0.432000,-0.022471,0.000000,0.250000,0.000000,0.000000,-0.434445,-0.900698,0.000000,-0.000000,-0.481967,1.000000,-1.000000,0.704797,0.772145,0.989367,1.000000,0.039954,0.000000,1.000000,0.284099,0.169936,0.006000,0.000000,0.000000,0.000000,0.000000,0.000000,0.000000,0.000000,0.446904,-0.000000,0.745782,0.136413,-1.000000,0.898602,0,0.00,candidate,1784238013,1784208900
cand-a7cee914-2707,ETH,short,2.096689,-0.185706,-0.708779,0.365536,0.153547,0.453333,0.710618,0.143794,0.697471,0.000000,-0.320435,1.334611,-0.037477,0.333333,0.434962,0.000000,0.000000,1.000000,0.000000,0.000000,1.000000,0.000000,0.432000,-0.022471,0.000000,0.250000,0.000000,0.000000,-0.442289,-0.896873,0.000000,-0.000000,-0.094084,0.190492,0.000000,0.398690,0.826955,0.956028,0.000000,-0.161665,0.000000,1.000000,0.280973,0.090529,0.006000,0.000000,0.000000,0.354000,0.000000,0.000000,0.000000,0.000000,0.431007,-0.000000,0.076162,0.721625,-1.000000,0.766527,0,0.00,candidate,1784238321,1784209200
cand-a7cee914-2708,BTC,short,2.371623,-0.406366,-1.243291,-0.094575,0.094519,0.356667,0.532892,0.001559,0.912809,0.000000,-0.223408,1.241950,-0.041990,0.333333,0.323761,0.000000,0.000000,1.000000,0.000000,0.000000,1.000000,0.000000,0.432000,-0.022471,0.000000,0.250000,0.000000,0.000000,-0.450098,-0.892979,0.000000,0.301368,-0.069846,1.590431,-1.000000,0.473929,0.846439,0.943467,1.000000,-0.004840,0.000000,1.000000,0.275764,0.072079,0.017000,0.000000,0.000000,0.252000,0.000000,0.000000,0.000000,0.000000,0.007195,-0.000000,0.077470,0.721665,-1.000000,1.000000,0,0.00,candidate,1784238321,1784209200
cand-fbcb1c28-2780,ETH,long,0.616122,0.168132,0.581165,-0.276242,0.153910,0.453333,0.383536,0.005317,0.772597,0.000000,-0.755277,0.791189,0.036693,-0.333333,0.434962,0.000000,0.000000,1.000000,0.000000,0.000000,0.998534,-0.000457,0.432000,0.022471,0.000000,0.250000,-0.020724,0.000000,-0.465615,-0.884988,0.000000,0.977948,0.155174,0.641981,0.000000,0.471551,0.770853,0.949591,0.000000,-0.142556,0.000000,1.000000,0.267385,-0.124936,0.001000,0.000000,0.000000,0.784000,0.000000,0.000000,0.000000,0.000000,0.251196,0.000000,-0.082661,0.305172,1.000000,0.766527,0,0.00,candidate,1784239373,1784209500
cand-fbcb1c28-2781,BTC,short,-1.037341,-0.328536,-1.115311,-0.454805,0.095795,0.370000,0.308913,0.001556,0.860672,0.000000,0.163959,0.683139,-0.039061,0.333333,0.323761,0.000000,0.000000,1.000000,0.000000,0.000000,0.881749,-0.064440,0.432000,-0.022424,0.000000,0.250000,-0.020724,0.000000,-0.488621,-0.872496,0.000000,-0.223979,0.218556,0.816929,-1.000000,0.655543,0.787967,0.884824,1.000000,0.018956,0.000000,1.000000,0.255560,0.188887,0.004000,0.000000,0.000000,0.907000,0.000000,0.000000,0.000000,0.000000,0.301083,-0.000000,0.388274,-0.330228,-1.000000,1.000000,0,0.00,candidate,1784239373,1784209800
cand-fbcb1c28-2784,ETH,long,1.079926,-0.191517,0.981543,-0.115129,0.155149,0.456667,1.012025,0.005307,0.813644,0.000000,-0.613995,-0.198580,0.033772,-0.333333,0.434962,0.000000,0.000000,1.000000,0.000000,0.000000,0.951495,-0.000888,0.432000,0.022424,0.000000,0.250000,0.029980,0.000000,-0.503774,-0.863836,0.000000,0.628488,0.192269,1.453824,1.000000,0.620549,0.835780,0.563231,0.000000,-0.103590,0.000000,1.000000,0.246118,-0.336886,0.002000,0.000000,0.000000,0.000000,0.014000,0.000000,0.000000,0.000000,0.003416,0.000000,0.046426,0.618861,1.000000,0.766527,0,0.00,candidate,1784239373,1784210100
cand-fbcb1c28-2785,ETH,long,2.228614,0.868776,1.492051,0.064630,0.158513,0.476667,1.087952,0.005296,0.834574,0.000000,-0.624243,0.617361,0.033406,-0.333333,0.434962,0.000000,0.000000,1.000000,0.000000,0.000000,0.986089,0.028703,0.432000,0.022424,0.000000,0.250000,0.029980,0.000000,-0.537300,-0.843391,0.000000,0.496613,0.485082,1.955003,1.000000,0.906672,0.959759,0.688219,0.000000,-0.029184,0.000000,1.000000,0.228408,-0.180027,0.003000,0.000000,0.000000,0.368000,0.012000,0.000000,0.000000,0.000000,0.028377,0.000000,-0.000264,0.983752,1.000000,0.898602,0,0.00,candidate,1784239822,1784210700
cand-fbcb1c28-2786,BTC,long,4.016120,1.929069,2.538728,0.914127,0.102658,0.430000,0.542600,0.018564,0.889672,-0.137057,-0.920212,3.370662,0.034656,-0.333333,0.323761,0.000000,0.000000,1.000000,0.000000,0.000000,0.986238,0.028853,0.432000,0.022422,0.000000,0.250000,0.025754,0.000000,-0.544639,-0.838671,0.000000,-0.633440,0.337324,1.193139,1.000000,0.980950,0.992464,0.940563,1.000000,0.125144,0.075171,1.000000,0.224790,-0.200995,0.009000,0.000000,0.000000,0.520000,0.000000,0.000000,0.000000,0.000000,0.254372,1.000000,-0.002713,0.947913,1.000000,0.898602,0,0.00,candidate,1784239822,1784210700
cand-dede3349-2852,BTC,long,0.322485,2.936783,2.339740,1.039182,0.103221,0.433333,0.608867,0.001547,0.854942,-0.182958,-0.762296,2.452418,0.034210,-0.333333,0.323761,0.000000,0.000000,1.000000,0.000000,0.000000,0.944646,0.002308,0.432000,0.022422,0.000000,0.250000,0.025754,0.000000,-0.559193,-0.829038,0.000000,-0.601058,0.604713,0.763368,1.000000,0.890899,0.951135,0.000000,0.000000,0.131759,0.081855,1.000000,0.215412,-0.350290,0.022000,0.000000,0.000000,0.305000,0.000000,0.000000,0.000000,0.000000,0.041859,0.000000,-0.313116,0.139625,1.000000,0.898602,0,0.00,candidate,1784241470,1784211000
cand-dede3349-2853,ETH,short,0.342440,-1.549690,-1.222364,-0.087403,0.159305,0.476667,0.809838,0.005293,0.852056,0.000000,0.466346,1.670453,-0.032441,0.333333,0.434962,0.000000,0.000000,1.000000,0.000000,0.000000,0.944638,0.002301,0.432000,-0.022422,0.000000,0.250000,0.025754,0.000000,-0.562805,-0.826590,0.000000,1.981455,-0.742533,2.642610,-1.000000,0.811060,0.627036,0.974041,0.000000,-0.040113,0.000000,1.000000,0.214370,0.129660,0.008000,0.000000,0.000000,1.000000,0.008000,0.000000,0.000000,0.000000,0.203684,-0.000000,0.407405,0.172589,-1.000000,0.898602,1,0.00,candidate,1784241470,1784211000
cand-dede3349-2854,BTC,long,0.717534,2.917647,2.495823,0.969414,0.103515,0.440000,0.728714,0.001547,0.861139,0.000000,-0.304253,1.366389,0.033502,-0.333333,0.323761,0.000000,0.000000,1.000000,0.000000,0.000000,0.923963,-0.015647,0.432000,0.022422,0.000000,0.250000,0.025754,0.000000,-0.573576,-0.819152,0.000000,-0.428611,0.633777,0.891116,1.000000,0.946198,0.975921,0.000000,0.000000,0.146511,0.096776,1.000000,0.208119,0.040159,0.010000,0.000000,0.000000,0.240000,0.000000,0.000000,0.000000,0.000000,0.562843,0.000000,0.102705,0.394239,1.000000,0.898602,0,0.00,candidate,1784241470,1784211300
cand-dede3349-2855,ETH,short,1.865088,-0.784012,-0.161359,0.147327,0.160530,0.480000,0.625583,0.005312,0.750663,-0.093270,-0.765096,0.145844,-0.030341,0.333333,0.434962,0.000000,0.000000,1.000000,0.000000,0.000000,0.838771,-0.053005,0.432000,-0.022422,0.000000,0.250000,0.048843,0.000000,-0.591310,-0.806445,0.000000,-0.184255,-0.540451,0.603050,-1.000000,0.683948,0.684935,0.813456,0.000000,-0.064603,0.000000,1.000000,0.197685,0.286785,0.006000,0.000000,0.000000,0.000000,0.003000,0.000000,0.000000,0.000000,0.064744,1.000000,-0.001903,0.861280,-1.000000,0.898602,0,0.00,candidate,1784241470,1784211600
cand-dede3349-2856,BTC,long,-0.966111,2.132127,1.722693,0.882209,0.103483,0.440000,0.628941,0.001549,0.897819,0.000000,0.078120,0.716059,0.030650,-0.333333,0.323761,0.000000,0.000000,1.000000,0.000000,0.000000,0.838128,-0.053646,0.432000,0.022422,0.000000,0.250000,0.048843,0.000000,-0.591310,-0.806445,0.000000,-0.099773,0.308286,1.452290,1.000000,0.871774,0.942555,0.000000,0.000000,0.143341,0.066569,1.000000,0.196644,-0.448242,0.014000,0.000000,0.000000,0.430000,0.013000,0.000000,0.000000,0.000000,0.358922,-0.675365,0.178791,-0.577163,1.000000,0.898602,0,0.00,candidate,1784241470,1784211600
cand-dede3349-2857,ETH,long,0.799372,0.682710,0.352431,-0.068303,0.161226,0.493333,0.376224,0.005307,0.709855,0.000000,0.411006,-0.216203,0.029161,-0.333333,0.434962,0.000000,0.000000,1.000000,0.000000,0.000000,0.800008,-0.083769,0.432000,0.022298,0.000000,0.250000,0.024349,0.000000,-0.615661,-0.788011,0.000000,0.781670,0.590359,0.323475,1.000000,0.777266,0.897528,0.654158,0.000000,-0.032340,0.000000,1.000000,0.182703,-0.275883,0.005000,0.000000,0.000000,0.000000,0.008000,0.000000,0.000000,0.000000,0.051498,0.000000,-0.253982,0.316754,1.000000,0.866981,0,0.00,candidate,1784241470,1784211900
cand-dede3349-2858,BTC,long,0.017528,2.489318,1.851899,1.043172,0.105765,0.453333,0.472783,0.001545,0.889389,0.000000,-0.330427,0.639602,0.028718,-0.333333,0.323761,0.000000,0.000000,1.000000,0.000000,0.000000,0.751427,-0.126213,0.432000,0.022298,0.000000,0.250000,0.024349,0.000000,-0.625923,-0.779884,0.000000,-0.285808,0.320959,1.273870,1.000000,0.884770,0.939491,0.000000,0.000000,0.178421,0.118919,1.000000,0.176452,-0.063962,0.011000,0.000000,0.000000,0.706000,0.009000,0.000000,0.000000,0.000000,0.516941,0.000000,0.323611,0.007332,1.000000,0.898602,0,0.00,candidate,1784241470,1784212200
cand-dede3349-2859,BTC,long,-0.995236,0.486350,1.660121,1.065438,0.106389,0.453333,0.692321,0.001547,0.914668,0.000000,0.054227,0.029607,0.026906,-0.333333,0.319933,0.000000,0.000000,1.000000,0.000000,0.000000,0.738396,-0.133963,0.356000,0.022298,0.000000,0.250000,0.024349,0.000000,-0.642788,-0.766044,0.000000,0.446417,-0.074156,1.723789,1.000000,0.817593,0.904114,0.000000,0.000000,0.159307,0.100674,1.000000,0.164633,-0.248276,0.014000,0.000000,0.000000,0.000000,0.008000,0.000000,0.000000,0.000000,0.218189,0.000000,-0.172890,-0.421442,1.000000,0.898602,0,0.00,candidate,1784241619,1784212500
cand-d75e22a4-2917,BTC,long,0.719908,0.652102,2.473560,1.150794,0.106512,0.453333,0.724478,0.001546,0.911410,0.000000,-0.274002,-0.501141,0.025091,-0.333333,0.319933,0.000000,0.000000,1.000000,0.000000,0.000000,0.730992,-0.138421,0.356000,0.022625,0.000000,0.250000,0.031818,0.000000,-0.659346,-0.751840,0.000000,0.556370,0.007946,1.584215,1.000000,0.866235,0.929738,0.000000,0.000000,0.174515,0.116093,1.000000,0.155695,-0.234893,0.012000,0.000000,0.000000,0.141000,0.004000,0.000000,0.000000,0.000000,0.307305,0.000000,0.105664,0.661333,1.000000,0.765583,0,0.00,candidate,1784243557,1784212800
cand-d75e22a4-2918,ETH,short,1.764040,0.437681,-0.238143,0.234369,0.162508,0.503333,0.853518,0.005328,0.903225,-0.723764,-1.518561,0.079600,-0.024248,0.333333,0.433632,0.000000,0.000000,1.000000,0.000000,0.000000,0.969021,0.077033,0.356000,-0.022625,0.000000,0.250000,-0.016014,0.000000,-0.691513,-0.722364,0.000000,1.229742,0.082718,2.991142,-1.000000,0.557988,0.742511,0.871256,0.000000,-0.103868,0.000000,1.000000,0.134657,0.074581,0.006000,0.000000,0.000000,0.130000,0.006000,0.000000,0.000000,0.000000,0.266511,-0.000000,-0.018652,0.803863,-1.000000,1.000000,1,0.00,candidate,1784243557,1784213400
cand-d75e22a4-2919,BTC,short,2.081236,0.316181,-1.237180,-0.793745,0.106804,0.453333,0.659652,0.001552,0.877717,-0.260994,-0.897373,0.822820,-0.021600,0.333333,0.319933,0.000000,0.000000,1.000000,0.000000,0.000000,0.969131,0.077146,0.356000,-0.022625,0.000000,0.250000,-0.016014,0.000000,-0.691513,-0.722364,0.000000,1.384130,0.174224,0.858084,-1.000000,0.689713,0.636706,0.733122,1.000000,0.119214,0.060137,1.000000,0.133594,-0.291683,0.010000,0.000000,0.000000,0.182000,0.008000,0.000000,0.000000,0.000000,0.285877,-0.000000,-0.004812,0.810734,-1.000000,0.898602,1,0.00,candidate,1784243557,1784213400
cand-d75e22a4-2920,ETH,long,-1.764040,-0.437681,0.238143,-0.234369,0.162508,0.503333,0.200569,0.005321,0.753229,0.000000,-0.479063,0.079600,0.023804,-0.333333,0.433632,0.000000,0.000000,1.000000,0.000000,0.000000,0.969505,0.077527,0.356000,0.022621,0.000000,0.250000,-0.016014,0.000000,-0.700909,-0.713250,0.000000,1.054087,-0.082718,0.315282,1.000000,0.557988,0.796029,0.551920,0.000000,-0.103868,0.000000,1.000000,0.129022,-0.252700,0.011000,0.000000,0.000000,0.666000,0.003000,0.000000,0.000000,0.000000,0.200387,0.000000,0.018652,-0.803863,1.000000,1.000000,0,0.00,candidate,1784243557,1784213400
cand-d75e22a4-2921,BTC,long,-2.081236,-0.316181,1.237180,0.793745,0.106804,0.453333,1.024609,0.001551,0.904069,0.000000,-0.257947,0.822820,0.021099,-0.333333,0.319933,0.000000,0.000000,1.000000,0.000000,0.000000,0.969584,0.077607,0.356000,0.022621,0.000000,0.250000,-0.016014,0.000000,-0.700909,-0.713250,0.000000,1.684261,-0.174224,1.255036,1.000000,0.689713,0.836562,0.000000,0.000000,0.119214,0.060137,1.000000,0.127979,-0.362234,0.023000,0.000000,0.000000,0.616000,0.003000,0.000000,0.000000,0.000000,0.260090,0.000000,0.004812,-0.810734,1.000000,0.898602,0,0.00,candidate,1784243557,1784213400
cand-d75e22a4-2922,BTC,long,-0.290503,-1.283137,0.681872,0.672043,0.107238,0.453333,1.017423,0.069761,0.884493,0.000000,-0.394455,2.095529,0.020635,-0.333333,0.319933,0.000000,0.000000,1.000000,0.000000,0.000000,0.839201,-0.034976,0.356000,0.022621,0.000000,0.250000,-0.016014,0.000000,-0.707107,-0.707107,0.000000,-0.007186,-0.217547,0.929424,1.000000,0.670001,0.826125,0.958482,0.000000,0.113019,0.053888,1.000000,0.124825,-0.270831,0.020000,0.000000,0.000000,0.868000,0.004000,0.000000,0.000000,0.000000,0.216925,0.000000,0.736391,-0.104112,1.000000,0.898582,0,0.00,candidate,1784243557,1784213700
cand-d75e22a4-2923,ETH,long,0.523378,-0.543300,0.091950,-0.235130,0.163470,0.506667,0.226700,0.106415,0.836381,0.000000,0.418571,2.194754,0.024176,-0.333333,0.433632,0.000000,0.000000,1.000000,0.000000,0.000000,0.838628,-0.035546,0.356000,0.022621,0.000000,0.250000,-0.016014,0.000000,-0.710185,-0.704015,0.000000,0.026132,-0.337054,1.292787,1.000000,0.619816,0.824711,0.972644,0.000000,0.036249,0.000000,1.000000,0.121691,-0.250013,0.005000,0.000000,0.000000,0.745000,0.005000,0.000000,0.000000,0.000000,0.118740,0.000000,0.652915,0.177508,1.000000,0.766529,0,0.00,candidate,1784243557,1784213700
cand-d5bd3552-2974,ETH,long,2.736153,0.951254,0.311800,0.336760,0.174040,0.556667,1.207401,0.005298,0.795361,-0.008257,-0.061608,3.445125,0.033688,-0.333333,0.433068,0.000000,0.000000,1.000000,0.000000,0.000000,0.000000,0.000000,0.304000,0.022497,0.000000,0.250000,0.000000,0.000000,-0.798636,-0.601815,0.000000,0.000000,0.444061,1.794103,1.000000,0.870472,0.937574,0.717410,0.000000,0.003736,0.000000,1.000000,0.057110,-0.362779,0.002000,0.000000,0.000000,0.000000,0.000000,0.000000,0.000000,0.000000,0.153137,0.000000,-0.078608,0.710777,1.000000,0.766529,0,0.00,candidate,1784245255,1784215500
cand-d5bd3552-2975,ETH,short,0.807575,-1.216180,0.035955,-0.170759,0.174375,0.560000,0.261523,0.005303,0.751427,-0.038149,-0.259433,0.162817,-0.033955,0.333333,0.433068,0.000000,0.000000,1.000000,0.000000,0.000000,1.000000,-0.000000,0.304000,-0.022497,0.000000,0.250000,0.000000,0.000000,-0.811574,-0.584250,0.000000,1.371158,-0.439685,0.631462,-1.000000,0.773143,0.626861,0.943491,0.000000,-0.020317,0.000000,1.000000,0.046616,0.098089,0.011000,0.000000,0.000000,0.000000,0.000000,0.000000,0.000000,0.000000,0.144942,-0.000000,-0.076823,0.692708,-1.000000,0.766529,1,0.00,candidate,1784245255,1784215800
cand-d5bd3552-2976,BTC,long,-0.547729,1.576414,0.108468,1.178982,0.113866,0.496667,0.837147,0.001545,0.902342,0.000000,0.016978,0.237439,0.016046,-0.333333,0.318803,0.000000,0.000000,1.000000,0.000000,0.000000,1.000000,-0.000000,0.304000,0.022497,0.000000,0.250000,0.000000,0.000000,-0.814116,-0.580703,0.000000,0.000000,0.519468,1.168728,1.000000,0.887563,0.939363,0.000000,0.000000,0.186079,0.112555,1.000000,0.044533,-0.348325,0.009000,0.000000,0.000000,0.788000,0.000000,0.000000,0.000000,0.000000,0.073518,0.000000,0.223296,-0.489697,1.000000,0.765857,0,0.00,candidate,1784245255,1784215800
b1879318-e176-472b-8bea-19a65c7900fc,BTC,short,1.115693,0.070380,0.907602,-0.017214,0.108530,0.456667,0.660953,0.001560,0.883784,0.000000,-0.062918,-0.946772,-0.043645,0.333333,0.310333,0.000000,0.000000,1.000000,0.000000,0.000000,0.956798,0.085716,0.196000,-0.021424,0.000000,0.250000,0.005218,0.000000,-0.998392,-0.056693,0.000000,0.125790,-0.071687,1.387940,0.000000,0.077152,0.967670,0.939160,1.000000,-0.007393,0.000000,1.000000,0.776604,0.379028,0.021000,0.000000,0.000000,0.803000,0.000000,0.000000,0.000000,0.000000,0.772825,-0.000000,-0.061160,0.719184,-1.000000,0.766015,1,0.03,live,1784245265,1784224039
cand-d5bd3552-2977,ETH,long,0.678076,0.649324,-0.239120,0.134166,0.175480,0.573333,1.040039,0.047779,0.784592,0.000000,-0.437896,0.150225,0.034360,-0.333333,0.433068,0.000000,0.000000,1.000000,0.000000,0.000000,0.952541,0.032713,0.304000,0.022382,0.000000,0.250000,0.000035,0.000000,-0.845728,-0.533615,0.000000,1.301562,0.358581,0.849644,1.000000,0.628979,0.820561,0.988674,0.000000,0.042561,0.000000,1.000000,0.017860,-0.631345,0.005000,0.000000,0.000000,0.000000,0.000000,0.000000,0.000000,0.000000,0.381668,0.000000,0.407213,0.327511,1.000000,0.867948,0,0.00,candidate,1784245824,1784216700
cand-d5bd3552-2978,BTC,long,0.407247,1.303455,0.230806,1.259330,0.112309,0.476667,-0.056141,0.001546,0.893637,0.000000,0.230940,0.085930,0.014589,-0.333333,0.318803,0.000000,0.000000,1.000000,0.000000,0.000000,0.952533,0.032706,0.304000,0.022382,0.000000,0.250000,0.000035,0.000000,-0.845728,-0.533615,0.000000,-0.893289,0.279103,1.074757,1.000000,0.863797,0.926517,0.000000,0.000000,0.178458,0.104822,1.000000,0.016818,-0.014917,0.005000,0.000000,0.000000,0.368000,0.000000,0.000000,0.000000,0.000000,0.470923,0.000000,0.601731,0.201498,1.000000,1.000000,0,0.00,candidate,1784245824,1784216700
cand-d4fe6415-3027,ETH,long,-0.421712,0.122698,0.111307,-0.041168,0.175048,0.563333,1.074939,0.015964,0.777776,0.034114,0.588568,-0.680253,0.034110,-0.333333,0.433068,0.000000,0.000000,1.000000,0.000000,0.000000,0.900408,-0.002050,0.304000,0.022382,0.000000,0.250000,0.000035,0.000000,-0.857167,-0.515038,0.000000,0.358244,0.129855,0.742128,1.000000,0.578119,0.795813,0.574713,0.000000,0.035392,0.000000,1.000000,0.007443,-0.218127,0.010000,0.000000,0.000000,0.968000,0.000000,0.000000,0.000000,0.000000,0.616642,0.000000,-0.022854,-0.300654,1.000000,0.735223,0,0.00,candidate,1784246119,1784217000
cand-d4fe6415-3028,BTC,long,-0.033197,0.474660,0.797045,1.121713,0.111687,0.473333,0.051994,0.001546,0.912111,0.000000,-0.084297,-0.678627,0.014439,-0.333333,0.318803,0.000000,0.000000,1.000000,0.000000,0.000000,0.900034,-0.002423,0.304000,0.022382,0.000000,0.250000,0.000035,0.000000,-0.859406,-0.511293,0.000000,-0.107947,0.052610,1.444527,1.000000,0.861506,0.925279,0.000000,0.000000,0.177723,0.104076,1.000000,0.005360,-0.440711,0.027000,0.000000,0.000000,0.098000,0.000000,0.000000,0.000000,0.000000,0.353828,0.000000,-0.077901,-0.020084,1.000000,0.867275,0,0.00,candidate,1784246119,1784217000
cand-d4fe6415-3029,BTC,long,-0.694669,-0.664951,0.675306,0.918981,0.111907,0.476667,0.301781,0.001546,0.842660,0.000000,0.002740,-0.798699,0.015477,-0.333333,0.318803,0.000000,0.000000,1.000000,0.000000,0.000000,0.786995,-0.074643,0.304000,0.022382,0.000000,0.250000,0.000035,0.000000,-0.866025,-0.500000,0.000000,-0.432092,-0.482049,0.509562,1.000000,0.813496,0.899298,0.000000,0.000000,0.162307,0.074845,1.000000,0.999084,-0.200144,0.014000,0.000000,0.000000,0.127000,0.000000,0.000000,0.000000,0.000000,0.314208,0.000000,0.230281,-0.520124,1.000000,0.867275,0,0.00,candidate,1784246418,1784217300
cand-e1199056-3078,ETH,long,-1.107076,-1.246029,-0.026291,-0.151045,0.175433,0.573333,0.557537,0.085334,0.791800,0.226968,0.878899,-0.577478,0.036632,-0.333333,0.433068,0.000000,0.000000,1.000000,0.000000,0.000000,0.944398,0.074326,0.304000,0.022434,0.000000,0.250000,0.001784,0.000000,-0.876727,-0.480989,0.000000,-0.579875,-0.302201,0.839229,0.000000,0.404318,0.710965,0.489306,0.000000,-0.015118,-0.004899,1.000000,0.988195,-0.165307,0.003000,0.000000,0.000000,1.000000,0.000000,0.000000,0.000000,0.000000,0.027109,0.000000,0.026903,-0.704062,1.000000,0.735223,0,0.00,candidate,1784246716,1784217600
cand-e1199056-3079,BTC,long,0.083629,-1.208272,0.647775,0.852743,0.111122,0.470000,1.125094,0.001551,0.883591,0.000000,0.207634,-0.765269,0.015887,-0.333333,0.318803,0.000000,0.000000,1.000000,0.000000,0.000000,0.904943,0.041829,0.304000,0.022434,0.000000,0.250000,-0.018416,0.000000,-0.891007,-0.453990,0.000000,-0.045300,-0.416430,0.966378,1.000000,0.706786,0.841406,0.978524,0.000000,0.127958,0.026577,1.000000,0.973597,-0.249296,0.030000,0.000000,0.000000,0.643000,0.016000,0.000000,0.000000,0.000000,0.450686,0.000000,0.538569,0.060389,1.000000,0.867275,0,0.00,candidate,1784247016,1784217900
cand-e1199056-3080,BTC,long,-1.224492,-1.264895,0.570199,0.695035,0.111381,0.470000,1.175923,0.001551,0.893577,0.000000,0.069521,-0.604232,0.016268,-0.333333,0.318803,0.000000,0.000000,1.000000,0.000000,0.000000,0.944385,0.078111,0.304000,0.022434,0.000000,0.250000,-0.018416,0.000000,-0.896873,-0.442289,0.000000,0.731471,-0.266645,1.094795,1.000000,0.622793,0.795696,0.933002,0.000000,0.100837,0.000000,1.000000,0.968389,0.103569,0.018000,0.000000,0.000000,0.649000,0.017000,0.000000,0.000000,0.000000,0.799251,-1.000000,0.061968,-0.751066,1.000000,0.735223,0,0.00,candidate,1784247317,1784218200
cand-e1199056-3081,BTC,long,-0.173379,-1.509153,-0.133984,0.653161,0.110929,0.470000,0.664031,0.001553,0.840650,0.000000,0.205699,-1.025316,0.017944,-0.333333,0.306873,0.000000,0.000000,1.000000,0.000000,0.000000,-1.000000,0.000000,0.140000,0.023762,0.000000,0.250000,0.000000,0.000000,-0.911762,-0.410719,0.000000,0.000000,-0.360589,0.486903,1.000000,0.610957,0.789246,0.926577,0.000000,0.097009,0.000000,1.000000,0.951835,-0.203683,0.015000,0.000000,0.000000,0.114000,0.000000,0.000000,0.000000,0.000000,0.415296,0.000000,-0.143856,-0.219858,1.000000,0.735223,0,0.00,candidate,1784247627,1784218500
cand-e1199056-3082,BTC,long,-0.492094,-1.725946,-0.875826,0.688568,0.108780,0.456667,1.204619,0.001550,0.918531,0.000000,-0.261786,-0.182328,0.019495,-0.333333,0.306873,0.000000,0.000000,1.000000,0.000000,0.000000,0.864165,0.092728,0.140000,0.023762,0.000000,0.250000,-0.013755,0.000000,-0.920505,-0.390731,0.000000,1.225530,-0.354457,1.558880,0.000000,0.578028,0.771284,0.908690,0.000000,0.086352,0.000000,1.000000,0.940352,-0.419646,0.045000,0.000000,0.000000,0.841000,0.000000,0.000000,0.000000,0.000000,0.098285,0.000000,0.412595,-0.354573,1.000000,0.735223,0,0.00,candidate,1784247927,1784218800
cand-e1199056-3083,BTC,long,1.272099,-0.915232,-1.130997,0.731840,0.108753,0.456667,1.110096,0.001549,0.909789,0.000000,-0.184983,-0.541872,0.020016,-0.333333,0.306873,0.000000,0.000000,1.000000,0.000000,0.000000,0.989581,0.020764,0.140000,0.023745,0.000000,0.250000,-0.013755,0.000000,-0.927184,-0.374607,0.000000,0.058955,-0.114357,1.361102,0.000000,0.663167,0.817684,0.954899,0.000000,0.113883,0.000000,1.000000,0.933060,-0.578518,0.017000,0.000000,0.000000,0.393000,0.000000,0.000000,0.000000,0.000000,0.241556,1.000000,-0.084535,0.677297,1.000000,0.735223,0,0.00,candidate,1784248228,1784219100
1f58017d-6320-4d81-9b99-f2ac3e80c2af,ETH,short,-1.081824,-1.570415,0.575405,0.718906,0.102667,0.206667,0.981886,0.010734,0.792234,0.000000,-0.001471,0.735590,-0.068620,0.333333,0.420006,0.000000,0.000000,1.000000,0.000000,0.000000,0.000000,0.000000,0.356000,-0.017919,0.000000,0.250000,0.000000,0.000000,-0.004363,0.999990,0.000000,0.127107,-0.190014,0.947564,0.000000,0.344242,0.847702,0.000000,0.000000,-0.025197,-0.018323,1.000000,0.001597,0.311197,0.037000,0.000000,0.000000,0.000000,0.000000,0.000000,0.000000,0.000000,0.036360,-0.000000,0.130792,-0.584270,-1.000000,1.000000,1,0.05,live,1784248589,1784246365
cand-e1199056-3126,ETH,short,0.941523,-0.674081,0.452848,0.805816,0.100894,0.206667,0.003344,0.032194,0.777156,0.000000,0.248447,-0.004489,-0.069243,0.333333,0.420050,0.000000,0.000000,1.000000,0.000000,0.000000,0.274885,0.451363,0.040000,-0.018902,0.000000,0.270000,0.000000,0.000000,0.052336,0.998630,0.000000,-0.000000,0.010826,0.839954,0.000000,0.248081,0.890105,0.000000,0.000000,-0.057440,-0.051432,1.000000,0.973525,0.270894,0.004000,0.000000,0.000000,0.000000,0.000000,0.000000,0.000000,0.000000,0.405063,1.000000,-0.075617,0.623239,-1.000000,1.000000,0,0.00,candidate,1784249417,1784246700
cand-e1199056-3127,ETH,short,0.214316,0.083120,0.659752,0.772128,0.100226,0.186667,0.586838,0.005367,0.780783,0.105235,0.696320,0.857296,-0.069463,0.333333,0.420050,0.000000,0.000000,1.000000,0.000000,0.000000,-0.020680,0.350411,0.040000,-0.018902,0.000000,0.270000,-0.012231,0.000000,0.065403,0.997859,0.000000,0.583494,0.064276,0.892009,0.000000,0.231919,0.897243,0.000000,0.000000,-0.061748,-0.055716,1.000000,0.967248,0.311211,0.002000,0.000000,0.000000,0.080000,0.000000,0.000000,0.000000,0.000000,0.380167,-0.000000,0.059975,0.081633,-1.000000,1.000000,0,0.00,candidate,1784249417,1784247000
cand-e1199056-3125,ETH,short,0.480133,-0.759108,0.658900,0.832420,0.101662,0.206667,1.065634,0.005365,0.766037,0.000000,0.076302,-0.242323,-0.069061,0.333333,0.420006,0.000000,0.000000,1.000000,0.000000,0.000000,1.000000,-0.000000,0.356000,-0.017919,0.000000,0.250000,0.000000,0.000000,0.004363,0.999990,0.000000,0.083748,-0.014736,0.656877,0.000000,0.307475,0.863903,0.000000,0.000000,-0.041815,-0.035254,1.000000,0.996389,0.217229,0.008000,0.000000,0.000000,0.000000,0.000000,0.000000,0.000000,0.000000,0.512832,-0.000000,-0.280111,0.412844,-1.000000,0.868539,0,0.00,candidate,1784249717,1784246100
cand-e1199056-3084,ETH,long,0.235741,-0.125218,-0.320512,0.349989,0.142311,0.423333,0.652033,0.005330,0.751879,0.805606,1.092497,-0.940032,0.048642,-0.333333,0.415262,0.000000,0.000000,1.000000,0.000000,0.000000,1.000000,0.000000,0.084000,0.022623,0.000000,0.250000,0.000000,0.000000,-0.965926,-0.258819,0.000000,0.000000,-0.104981,0.848252,0.000000,0.343987,0.723138,0.000000,0.000000,-0.111550,0.000000,1.000000,0.873321,-0.119914,0.004000,0.000000,0.000000,0.581000,0.000000,0.000000,0.000000,0.000000,0.397270,0.000000,-0.597767,0.210000,1.000000,0.735223,0,0.00,candidate,1784250018,1784220900
cand-e1199056-3123,ETH,short,-1.081824,-1.570415,0.575405,0.718906,0.102667,0.206667,0.854779,0.005367,0.779687,0.000000,0.010093,0.735590,-0.068620,0.333333,0.420006,0.000000,0.000000,1.000000,0.000000,0.000000,0.000000,0.000000,0.356000,-0.017919,0.000000,0.250000,0.000000,0.000000,-0.008727,0.999962,0.000000,-0.000000,-0.190014,0.755146,0.000000,0.344242,0.847702,0.000000,0.000000,-0.025197,-0.018323,1.000000,0.002639,0.313875,0.033000,0.000000,0.000000,0.000000,0.000000,0.000000,0.000000,0.000000,0.061047,-0.000000,0.130792,-0.584270,-1.000000,1.000000,0,0.00,candidate,1784250018,1784245800
cand-ca04fe46-3145,ETH,short,0.033198,0.084319,0.667600,0.432980,0.144985,0.430000,0.524495,0.005355,0.787592,-0.064308,-0.425317,-0.444560,-0.066841,0.333333,0.418233,0.000000,0.000000,1.000000,0.000000,0.000000,0.930014,0.070081,0.196000,-0.021424,0.000000,0.250000,0.005218,0.000000,-0.999048,-0.043619,0.000000,1.571759,0.129533,0.947230,0.000000,0.283921,0.830644,0.000000,0.000000,-0.099702,-0.062227,1.000000,0.769312,0.240900,0.010000,0.000000,0.000000,0.493000,0.000000,0.000000,0.000000,0.000000,0.035939,-0.000000,-0.581784,0.022901,-1.000000,0.867221,0,0.00,candidate,1784251695,1784223900
cand-ca04fe46-3146,ETH,short,-0.062328,0.438194,1.041829,0.701301,0.145994,0.430000,0.315182,0.005350,0.798520,0.057568,0.695895,-0.040513,-0.069469,0.333333,0.418233,0.000000,0.000000,1.000000,0.000000,0.000000,0.827955,-0.025565,0.196000,-0.021430,0.000000,0.250000,-0.030305,0.000000,-1.000000,-0.000000,0.000000,-0.395083,0.227048,1.122590,0.000000,0.238793,0.857448,0.000000,0.000000,-0.115946,-0.078328,1.000000,0.748068,0.227309,0.009000,0.000000,0.000000,0.600000,0.000000,0.000000,0.000000,0.000000,0.117356,-0.000000,-0.882226,-0.029197,-1.000000,1.000000,0,0.00,candidate,1784251695,1784224500
cand-ca04fe46-3147,ETH,short,-0.318210,0.544362,0.682852,0.671191,0.146303,0.430000,0.538696,0.037436,0.764601,0.470023,0.599625,-0.548183,-0.069976,0.333333,0.418451,0.000000,0.000000,1.000000,0.000000,0.000000,1.000000,0.000000,0.472000,-0.021016,0.000000,0.250000,0.000000,0.000000,-0.999657,0.026177,0.000000,-0.000000,0.269515,0.535413,0.000000,0.264794,0.841999,0.000000,0.000000,-0.106584,-0.054226,1.000000,0.736113,0.211201,0.005000,0.000000,0.000000,0.558000,0.000000,0.000000,0.000000,0.000000,0.380369,-0.000000,0.126426,-0.225389,-1.000000,0.867221,0,0.00,candidate,1784251695,1784224800
cand-ca04fe46-3140,ETH,long,-0.243547,-1.043745,-0.825063,-0.623453,0.144795,0.430000,0.987943,0.016029,0.785660,-0.097209,-0.400928,-0.438912,0.056815,-0.333333,0.418233,0.000000,0.000000,1.000000,0.000000,0.000000,-1.000000,-0.000000,0.196000,0.021425,0.000000,0.250000,0.000000,0.000000,-0.992005,-0.126199,0.000000,0.000000,-0.394392,1.000000,0.000000,0.326360,0.598486,0.900156,0.000000,-0.129152,-0.047086,1.000000,0.810358,-0.194983,0.006000,0.000000,0.000000,0.508000,0.000000,0.000000,0.000000,0.000000,0.187846,0.000000,0.746183,-0.134146,1.000000,0.867221,0,0.00,candidate,1784251815,1784222700
cand-7d925887-3197,ETH,long,0.584372,-0.424122,-0.809642,-0.510385,0.145342,0.430000,0.987019,0.085472,0.863174,0.000000,0.134344,-0.234282,0.061760,-0.333333,0.418233,0.000000,0.000000,1.000000,0.000000,0.000000,0.748791,0.150796,0.196000,0.021425,0.000000,0.250000,0.006377,0.000000,-0.995805,-0.091502,0.000000,-0.088632,-0.166894,3.000000,0.000000,0.373879,0.627126,0.928540,0.000000,-0.112062,-0.030132,1.000000,0.793652,-0.232324,0.002000,0.000000,0.000000,0.199000,0.000000,0.000000,0.000000,0.000000,0.690047,1.000000,-0.295494,0.349345,1.000000,0.867221,0,0.00,candidate,1784252103,1784223000
cand-7d925887-3198,ETH,short,0.103000,0.220690,0.377710,0.513208,0.145162,0.430000,0.898603,0.005347,0.777600,-0.033715,-0.423558,-0.761790,-0.061980,0.333333,0.418233,0.000000,0.000000,1.000000,0.000000,0.000000,0.683112,0.104838,0.196000,-0.021424,0.000000,0.250000,0.006377,0.000000,-0.996566,-0.082808,0.000000,1.679116,0.109428,0.886120,0.000000,0.365511,0.782294,0.000000,0.000000,-0.115070,-0.033117,1.000000,0.789485,0.189787,0.008000,0.000000,0.000000,0.943000,0.000000,0.000000,0.000000,0.000000,0.039725,-0.000000,0.167606,0.097973,-1.000000,0.867221,1,0.00,candidate,1784252404,1784223300
cand-7d925887-3199,ETH,long,-0.103000,-0.220690,-0.377710,-0.513208,0.145162,0.430000,1.227609,0.005351,0.825198,0.321688,0.714886,-0.761790,0.062985,-0.333333,0.418233,0.000000,0.000000,1.000000,0.000000,0.000000,0.682470,0.104193,0.196000,0.021424,0.000000,0.250000,0.006377,0.000000,-0.997250,-0.074108,0.000000,2.000000,-0.109428,1.780053,0.000000,0.365511,0.622086,0.923545,0.000000,-0.115070,-0.033117,1.000000,0.784953,-0.240732,0.004000,0.000000,0.000000,0.586000,0.000000,0.000000,0.000000,0.000000,0.259658,0.000000,-0.167606,-0.097973,1.000000,0.867221,0,0.00,candidate,1784252404,1784223300
cand-7d925887-3200,BTC,short,1.115693,0.070380,0.907602,-0.017214,0.108530,0.456667,0.535164,0.001561,0.853526,0.000000,-0.271187,-0.946772,-0.043144,0.333333,0.310333,0.000000,0.000000,1.000000,0.000000,0.000000,0.956696,0.085614,0.196000,-0.021424,0.000000,0.250000,0.005218,0.000000,-0.998135,-0.061049,0.000000,-0.000000,-0.071687,0.890316,0.000000,0.077152,0.967670,0.939160,1.000000,-0.007393,0.000000,1.000000,0.777645,0.370049,0.023000,0.000000,0.000000,0.921000,0.000000,0.000000,0.000000,0.000000,0.279988,-0.000000,-0.061160,0.719184,-1.000000,0.766015,1,0.00,candidate,1784252704,1784223600
cand-7d925887-3244,ETH,long,-0.951597,-1.947207,-0.908076,-1.402099,0.102581,0.206667,1.391977,0.005398,0.823463,0.000000,0.260711,4.551484,0.067860,-0.333333,0.420050,0.000000,0.000000,1.000000,0.000000,0.000000,0.964980,0.719520,0.040000,0.018871,0.000000,0.270000,-0.013679,0.000000,0.173648,0.984808,0.000000,1.914656,-0.136920,1.687176,0.000000,0.217514,0.501790,0.924729,0.000000,-0.157555,-0.115394,1.000000,0.916530,-0.458638,0.002000,0.000000,0.000000,0.115000,0.000000,0.000000,0.000000,0.000000,0.573879,0.000000,0.520431,-0.170293,1.000000,1.000000,0,0.00,candidate,1784252704,1784248500
cand-7d925887-3204,ETH,long,0.318210,-0.544362,-0.682852,-0.671191,0.146303,0.430000,0.599904,0.005342,0.795231,-0.061547,-0.589670,-0.548183,0.070412,-0.333333,0.418451,0.000000,0.000000,1.000000,0.000000,0.000000,1.000000,0.000000,0.472000,0.021016,0.000000,0.250000,0.000000,0.000000,-0.999229,0.039260,0.000000,1.138600,-0.269515,0.911323,0.000000,0.264794,0.561307,0.863310,0.000000,-0.106584,-0.054226,1.000000,0.730905,-0.218990,0.007000,0.000000,0.000000,0.330000,0.000000,0.000000,0.000000,0.000000,0.175920,0.000000,-0.126426,0.225389,1.000000,0.867221,0,0.00,candidate,1784253908,1784224800
cand-7d925887-3205,ETH,long,1.278615,0.022224,-0.138235,-0.829332,0.147143,0.430000,1.196790,0.005342,0.802932,0.000000,-0.346855,-0.664265,0.070631,-0.333333,0.418451,0.000000,0.000000,1.000000,0.000000,0.000000,0.995920,0.002711,0.472000,0.021016,0.000000,0.250000,0.000000,0.000000,-0.999048,0.043619,0.000000,0.596886,-0.079461,1.050318,0.000000,0.369994,0.624786,0.926221,0.000000,-0.068791,-0.016664,1.000000,0.728821,-0.451160,0.002000,0.000000,0.000000,0.327000,0.000000,0.000000,0.000000,0.000000,0.127099,0.000000,0.002472,0.776549,1.000000,0.867221,0,0.00,candidate,1784254208,1784225100
cand-7d925887-3206,ETH,long,0.315465,0.542203,0.523952,-0.729830,0.147230,0.430000,1.081666,0.005334,0.811576,0.000000,-0.091893,-0.493469,0.072652,-0.333333,0.418451,0.000000,0.000000,1.000000,0.000000,0.000000,0.993181,0.001396,0.472000,0.021016,0.000000,0.250000,-0.000372,0.000000,-0.997250,0.074108,0.000000,-0.004864,0.067340,1.277859,0.000000,0.395995,0.640439,0.941734,0.000000,-0.059472,-0.007381,1.000000,0.713173,-0.287965,0.004000,0.000000,0.000000,0.943000,0.000000,0.000000,0.000000,0.000000,0.061679,0.000000,-0.342449,0.379310,1.000000,0.867221,0,0.00,candidate,1784254508,1784225400
cand-7d925887-3207,BTC,short,-0.234189,-0.250369,-0.127849,0.870531,0.109804,0.463333,0.551375,0.001558,0.798496,0.000000,0.131155,-0.897538,-0.056160,0.333333,0.311274,0.000000,0.000000,1.000000,0.000000,0.000000,0.993181,0.001396,0.472000,-0.021016,0.000000,0.250000,-0.000372,0.000000,-0.997250,0.074108,0.000000,-0.000000,-0.195539,0.346155,0.000000,0.231916,0.890090,0.980755,1.000000,0.006075,0.000000,1.000000,0.713173,0.349210,0.056000,0.000000,0.000000,0.120000,0.000000,0.000000,0.000000,0.000000,0.685739,-0.000000,0.232247,-0.270936,-1.000000,0.766015,1,0.00,candidate,1784254508,1784225400
cand-7d925887-3208,ETH,long,0.988437,0.958784,0.619280,-0.708170,0.147308,0.430000,0.561889,0.005329,0.813945,0.000000,-0.010097,-0.231234,0.074413,-0.333333,0.418451,0.000000,0.000000,1.000000,0.000000,0.000000,0.946744,-0.012300,0.472000,0.020992,0.000000,0.250000,0.011243,0.000000,-0.994522,0.104528,0.000000,0.340478,0.152429,1.304642,0.000000,0.477585,0.689461,0.000000,0.000000,-0.030286,0.000000,1.000000,0.698242,-0.303662,0.012000,0.000000,0.000000,0.460000,0.000000,0.000000,0.000000,0.000000,0.135689,0.000000,0.024615,0.840000,1.000000,0.734286,0,0.00,candidate,1784254816,1784225700
cand-7d925887-3209,ETH,long,0.423389,1.381357,0.582543,-0.353903,0.147233,0.430000,0.457804,0.005329,0.826889,0.000000,-0.006723,-0.280034,0.074413,-0.333333,0.418451,0.000000,0.000000,1.000000,0.000000,0.000000,0.799359,-0.094288,0.472000,0.020992,0.000000,0.250000,0.011243,0.000000,-0.994056,0.108867,0.000000,-0.104085,0.324723,1.564704,0.000000,0.512552,0.710427,0.000000,0.000000,-0.017803,0.000000,1.000000,0.697200,-0.253065,0.010000,0.000000,0.000000,0.464000,0.000000,0.000000,0.000000,0.000000,0.258271,0.000000,-0.267412,0.338109,1.000000,0.734286,0,0.00,candidate,1784255117,1784226000
cand-7d925887-3210,BTC,short,-1.020049,-1.204950,-0.431392,0.613486,0.110019,0.463333,0.646323,0.001557,0.865884,0.000000,-0.116061,-0.490095,-0.059121,0.333333,0.311274,0.000000,0.000000,1.000000,0.000000,0.000000,0.805111,-0.088552,0.472000,-0.020992,0.000000,0.250000,0.011243,0.000000,-0.993068,0.117537,0.000000,0.094948,-0.498182,1.037039,0.000000,0.350833,0.834013,0.000000,0.000000,0.039823,0.000000,1.000000,0.691992,0.269322,0.010000,0.000000,0.000000,0.891000,0.000000,0.000000,0.000000,0.000000,0.180292,-0.000000,0.042066,-0.604184,-1.000000,0.766015,1,0.00,candidate,1784255117,1784226000
cand-7d925887-3211,ETH,long,-0.936731,0.972449,0.380669,-0.615007,0.147370,0.430000,0.796460,0.005333,0.813495,0.000000,-0.119651,-0.691767,0.075592,-0.333333,0.418451,0.000000,0.000000,1.000000,0.000000,0.000000,0.934974,0.017169,0.472000,0.020992,0.000000,0.250000,0.011243,0.000000,-0.990268,0.139173,0.000000,-0.327830,0.212873,1.258802,0.000000,0.435146,0.663980,0.000000,0.000000,-0.045456,0.000000,1.000000,0.682616,-0.239939,0.016000,0.000000,0.000000,0.982000,0.000000,0.000000,0.000000,0.000000,0.289268,-1.000000,0.000792,-0.711538,1.000000,0.734286,0,0.00,candidate,1784255416,1784226300
cand-7d925887-3212,BTC,short,1.284815,-0.787317,0.037072,1.088761,0.110381,0.466667,0.554704,0.001559,0.911769,0.000000,-0.035987,-1.133558,-0.060554,0.333333,0.311274,0.000000,0.000000,1.000000,0.000000,0.000000,0.934983,0.017178,0.472000,-0.020992,0.000000,0.250000,0.011243,0.000000,-0.989651,0.143493,0.000000,-0.091619,-0.351036,1.817309,0.000000,0.250986,0.881084,0.000000,0.000000,0.011495,0.000000,1.000000,0.680533,0.336935,0.032000,0.000000,0.000000,0.065000,0.000000,0.000000,0.000000,0.000000,0.740262,-0.000000,0.002509,0.898322,-1.000000,0.766015,1,0.00,candidate,1784255416,1784226300
07563923-f82a-4aa3-81eb-091f016bb23b,ETH,long,0.235741,-0.125218,-0.320512,0.349989,0.142311,0.423333,1.034488,0.042643,0.723829,0.653324,1.043849,-0.940032,0.048927,-0.333333,0.415262,0.000000,0.000000,1.000000,0.000000,0.000000,1.000000,0.000000,0.084000,0.022623,0.000000,0.250000,0.000000,0.000000,-0.967046,-0.254602,0.000000,0.382455,-0.104981,0.561151,0.000000,0.343987,0.723138,0.000000,0.000000,-0.111550,0.000000,1.000000,0.872280,-0.061296,0.003000,0.000000,0.000000,0.698000,0.000000,0.000000,0.000000,0.000000,0.327380,0.000000,-0.597767,0.210000,1.000000,0.735223,0,-0.39,live,1784256022,1784221304
cand-7d925887-3230,ETH,long,0.975075,0.347854,0.760788,0.668517,0.125538,0.326667,0.494776,0.037237,0.856245,-0.024769,-0.182492,1.011762,0.100000,-0.333333,0.415355,0.000000,0.000000,1.000000,0.000000,0.000000,1.000000,0.000000,0.252000,0.017952,0.000000,0.250000,0.000000,0.000000,-0.465615,0.884988,0.000000,0.000000,0.054238,1.639769,1.000000,0.926196,0.983866,0.000000,0.000000,-0.093830,0.000000,1.000000,0.230622,-0.223373,0.016000,0.000000,0.000000,0.869000,0.000000,0.000000,0.000000,0.000000,0.004123,0.000000,-0.056011,0.763333,1.000000,0.897686,0,0.00,candidate,1784256306,1784239200
cand-09ccad75-3269,ETH,long,-0.347541,0.000000,-0.047034,0.015159,0.147430,0.430000,0.272749,0.005336,0.811457,-0.526817,-0.625553,-0.845086,0.087749,-0.333333,0.417116,0.000000,0.000000,1.000000,0.000000,0.000000,1.000000,0.000000,0.776000,0.022112,0.000000,0.250000,0.000000,0.000000,-0.945519,0.325568,0.000000,0.000000,0.114073,0.850595,1.000000,0.382546,0.632344,0.000000,0.000000,-0.064291,0.000000,1.000000,0.590551,-0.125375,0.011000,0.000000,0.000000,0.819000,0.000000,0.000000,0.000000,0.000000,0.136177,0.000000,-0.273573,-0.417391,1.000000,0.733965,0,0.00,candidate,1784258118,1784229000
cand-09ccad75-3270,BTC,long,-0.277089,0.416406,0.131090,-0.263654,0.111838,0.473333,1.032634,0.001559,0.869203,0.008961,0.227991,-1.279207,0.077049,-0.333333,0.309683,0.000000,0.000000,1.000000,0.000000,0.000000,1.000000,0.000000,0.776000,0.022112,0.000000,0.250000,0.000000,0.000000,-0.941176,0.337917,0.000000,0.000000,0.000000,1.046556,0.000000,0.267646,0.653097,0.895285,0.000000,0.016227,0.000000,1.000000,0.585012,-0.243473,0.019000,0.000000,0.000000,0.065000,0.000000,0.000000,0.000000,0.000000,0.125161,0.000000,-0.272330,-0.256145,1.000000,0.733965,0,0.00,candidate,1784258118,1784229000
cand-1981a445-3326,ETH,long,0.166370,-0.213988,-0.283744,-0.250745,0.147591,0.430000,0.287496,0.032038,0.802259,0.000000,-0.063469,-0.652005,0.088266,-0.333333,0.417116,0.000000,0.000000,1.000000,0.000000,0.000000,0.937901,-0.031172,0.776000,0.022112,0.000000,0.250000,0.000000,0.000000,-0.939693,0.342020,0.000000,0.014747,-0.016198,1.000000,1.000000,0.396294,0.640619,0.000000,0.000000,-0.059365,0.000000,1.000000,0.582818,-0.226886,0.009000,0.000000,0.000000,0.192000,0.000000,0.000000,0.000000,0.000000,0.070336,0.000000,-0.214170,0.146032,1.000000,0.733965,0,0.00,candidate,1784259299,1784229300
cand-1981a445-3327,BTC,long,-0.087582,-0.059023,-0.040531,-0.600798,0.112039,0.476667,1.027174,0.001558,0.854219,0.000000,0.067912,-0.837899,0.077804,-0.333333,0.309683,0.000000,0.000000,1.000000,0.000000,0.000000,0.951255,-0.028705,0.776000,0.022112,0.000000,0.250000,0.000000,0.000000,-0.935135,0.354291,0.000000,-0.005460,-0.077362,0.798711,0.000000,0.260741,0.649792,0.892004,0.000000,0.014266,0.000000,1.000000,0.576303,-0.105244,0.021000,0.000000,0.000000,0.244000,0.000000,0.000000,0.000000,0.000000,0.649319,0.000000,-0.094054,-0.061284,1.000000,0.733965,0,0.00,candidate,1784259299,1784229300
cand-1981a445-3328,ETH,long,-0.596082,-0.598403,-0.577153,-0.485506,0.147807,0.430000,0.313815,0.005342,0.849446,0.000000,-0.107938,-0.589887,0.089697,-0.333333,0.417116,0.000000,0.000000,1.000000,0.000000,0.000000,0.398154,-0.396597,0.776000,0.022112,0.000000,0.250000,-0.008221,0.000000,-0.932008,0.362438,0.000000,-0.117512,-0.138305,2.123336,0.000000,0.346981,0.610921,0.000000,0.000000,-0.077046,0.000000,1.000000,0.571906,-0.072117,0.007000,0.000000,0.000000,0.508000,0.000000,0.000000,0.000000,0.000000,0.366459,-1.000000,-0.028970,-0.649606,1.000000,0.733965,0,0.00,candidate,1784259299,1784229600
cand-1981a445-3329,BTC,long,-0.532344,-0.503686,-0.483183,-0.967045,0.112099,0.476667,0.054153,0.001559,0.866966,0.000000,0.084398,-1.247864,0.078303,-0.333333,0.309683,0.000000,0.000000,1.000000,0.000000,0.000000,0.398154,-0.396597,0.776000,0.022112,0.000000,0.250000,-0.008221,0.000000,-0.932008,0.362438,0.000000,-0.973021,-0.216652,1.000000,0.000000,0.218764,0.629685,0.872042,0.000000,0.002336,0.000000,1.000000,0.571906,-0.168260,0.020000,0.000000,0.000000,0.000000,0.000000,0.000000,0.000000,0.000000,0.099057,0.000000,-0.107128,-0.560584,1.000000,0.733965,0,0.00,candidate,1784259299,1784229600
cand-1981a445-3330,ETH,long,0.673992,-0.194063,-0.112281,-0.851098,0.148142,0.430000,0.770715,0.005339,0.808596,0.000000,0.101774,-0.552744,0.092021,-0.333333,0.417116,0.000000,0.000000,1.000000,0.000000,0.000000,0.807245,-0.082092,0.776000,0.022033,0.000000,0.250000,-0.008221,0.000000,-0.920505,0.390731,0.000000,0.456900,0.033477,1.124566,0.000000,0.448884,0.705591,0.000000,0.000000,-0.057010,0.000000,1.000000,0.557794,-0.221525,0.008000,0.000000,0.000000,0.256000,0.013000,0.000000,0.000000,0.000000,0.100263,0.566667,0.042326,0.448441,1.000000,0.733965,0,0.00,candidate,1784259299,1784229900
cand-1981a445-3331,BTC,long,-0.070327,-0.051104,0.424259,-1.137440,0.110708,0.466667,0.992479,0.001558,0.870911,0.000000,0.033528,-1.131937,0.080448,-0.333333,0.309554,0.000000,0.000000,1.000000,0.000000,0.000000,-1.000000,0.000000,0.704000,0.022015,0.000000,0.250000,0.000000,0.000000,-0.904455,0.426569,0.000000,0.000000,0.004269,1.000000,0.000000,0.306363,0.700080,0.901013,0.000000,0.019650,0.000000,1.000000,0.537686,-0.125315,0.023000,0.000000,0.000000,0.380000,0.000000,0.000000,0.000000,0.000000,0.144144,0.000000,0.001516,-0.082645,1.000000,0.733965,0,0.00,candidate,1784259616,1784230500
cand-1981a445-3332,ETH,long,0.065868,0.011951,0.164854,-0.653807,0.145817,0.430000,0.614811,0.005341,0.798453,0.000000,0.238679,-0.560633,0.094684,-0.333333,0.416789,0.000000,0.000000,1.000000,0.000000,0.000000,-1.000000,-0.000000,0.704000,0.022015,0.000000,0.250000,0.000000,0.000000,-0.898794,0.438371,0.000000,0.000000,-0.013858,1.086925,0.000000,0.520105,0.772877,0.000000,0.000000,-0.053157,0.000000,1.000000,0.532472,-0.266995,0.016000,0.000000,0.000000,0.242000,0.000000,0.000000,0.000000,0.000000,0.130118,0.000000,-0.201760,0.069853,1.000000,0.733965,0,0.00,candidate,1784259616,1784230500
cand-66117786-3381,BTC,long,-0.622575,-0.190928,0.162751,-1.071649,0.110593,0.466667,1.120483,0.001559,0.846679,0.000000,0.060361,-1.171381,0.080533,-0.333333,0.309554,0.000000,0.000000,1.000000,0.000000,0.000000,0.986298,0.010240,0.704000,0.022015,0.000000,0.250000,0.000000,0.000000,-0.896873,0.442289,0.000000,1.092450,-0.031503,0.842711,0.000000,0.253301,0.676915,0.877986,0.000000,0.005888,0.000000,1.000000,0.529347,-0.202352,0.024000,0.000000,0.000000,0.039000,0.000000,0.000000,0.000000,0.000000,0.088073,0.000000,0.010922,-0.835227,1.000000,0.733875,0,0.00,candidate,1784260349,1784230800
cand-07c4badf-3577,BTC,short,0.894262,0.355092,0.437173,0.600459,0.108262,0.456667,0.960993,0.001560,0.859003,0.000000,-0.099424,0.037167,-0.087584,0.333333,0.309717,0.000000,0.000000,1.000000,0.000000,0.000000,0.984107,0.013380,0.572000,-0.022175,0.000000,0.250000,-0.002969,0.000000,-0.766044,0.642788,0.000000,-0.000000,0.056078,0.909843,0.000000,0.271444,0.922011,0.000000,0.000000,-0.149316,-0.019924,1.000000,0.416029,0.003432,0.089000,0.000000,0.000000,0.000000,0.000000,0.000000,0.000000,0.000000,0.235680,-0.000000,-0.000886,0.835580,-1.000000,0.765923,1,0.00,candidate,1784275745,1784234100
cand-07c4badf-3578,BTC,short,-0.098679,0.463283,0.081616,0.604491,0.105878,0.453333,0.318861,0.001560,0.943681,-0.042556,-0.049722,-0.772168,-0.087425,0.333333,0.310705,0.000000,0.000000,1.000000,0.000000,0.000000,1.000000,-0.000000,0.568000,-0.022816,0.000000,0.250000,0.000000,0.000000,-0.737277,0.675590,0.000000,-0.000000,0.070464,2.587274,0.000000,0.305465,0.912263,0.000000,0.000000,-0.143409,-0.014066,1.000000,0.394618,0.137267,0.033000,0.000000,0.000000,0.000000,0.000000,0.000000,0.000000,0.000000,0.658101,-0.000000,-0.402111,-0.282158,-1.000000,0.765662,1,0.00,candidate,1784275745,1784234700
cand-07c4badf-3579,BTC,short,0.610967,0.421079,0.644429,0.773288,0.104929,0.450000,0.795384,0.001560,0.862254,0.000000,-0.045601,-0.437782,-0.085982,0.333333,0.310705,0.000000,0.000000,1.000000,0.000000,0.000000,0.900976,0.050475,0.568000,-0.022816,0.000000,0.250000,-0.005754,0.000000,-0.713250,0.700909,0.000000,0.624377,0.013353,0.810789,0.000000,0.231089,0.933583,0.000000,0.000000,-0.156327,-0.040451,1.000000,0.378930,0.188527,0.044000,0.000000,0.000000,0.064000,0.000000,0.000000,0.000000,0.000000,0.061955,1.000000,-0.063639,0.747731,-1.000000,0.867060,1,0.00,candidate,1784275745,1784235000
cand-07c4badf-3580,ETH,long,0.926683,0.789778,0.406008,0.408703,0.133430,0.363333,0.640624,0.031981,0.792989,0.049455,0.093332,-0.996679,0.100000,-0.333333,0.415921,0.000000,0.000000,1.000000,0.000000,0.000000,0.000000,0.000000,0.428000,0.022778,0.000000,0.250000,0.000000,0.000000,-0.632705,0.774393,0.000000,0.000000,0.080428,1.000000,1.000000,0.885487,0.966799,0.000000,0.000000,-0.121871,0.000000,1.000000,0.326435,-0.303729,0.049000,0.000000,0.000000,0.492000,0.000000,0.000000,0.000000,0.000000,0.573999,1.000000,0.015391,0.875940,1.000000,0.765662,0,0.00,candidate,1784275745,1784236500
cand-07c4badf-3581,ETH,long,-0.384188,0.716621,0.477773,0.266105,0.133127,0.363333,0.050757,0.005330,0.889365,0.000000,0.036695,-0.857388,0.100000,-0.333333,0.415921,0.000000,0.000000,1.000000,0.000000,0.000000,1.000000,0.000000,0.428000,0.022778,0.000000,0.250000,0.000000,0.000000,-0.622515,0.782608,0.000000,0.023356,0.072060,3.000000,1.000000,0.826699,0.949729,0.000000,0.000000,-0.132165,0.000000,1.000000,0.320185,-0.431582,0.009000,0.000000,0.000000,0.641000,0.000000,0.000000,0.000000,0.000000,0.493992,0.000000,0.092575,-0.688406,1.000000,0.765662,0,0.00,candidate,1784275745,1784236800
cand-07c4badf-3582,ETH,long,0.140245,0.950176,0.482845,0.324917,0.132981,0.363333,1.127112,0.101247,0.777754,-0.344881,-0.347540,-0.523165,0.100000,-0.333333,0.416155,0.000000,0.000000,1.000000,0.000000,0.000000,0.000000,0.000000,0.448000,0.020317,0.000000,0.250000,0.000000,0.000000,-0.605294,0.796002,0.000000,0.000000,0.082974,0.634233,1.000000,0.848132,0.955955,0.000000,0.000000,-0.128410,0.000000,1.000000,0.309086,-0.274358,0.006000,0.000000,0.000000,0.488000,0.000000,0.000000,0.000000,0.000000,0.041583,0.000000,-0.620887,0.130112,1.000000,0.765662,0,0.00,candidate,1784275745,1784237100
cand-07c4badf-3583,ETH,long,0.495659,0.697175,0.551738,0.307609,0.131100,0.356667,0.578302,0.005326,0.844049,0.000000,-0.044949,-1.040746,0.100000,-0.333333,0.416155,0.000000,0.000000,1.000000,0.000000,0.000000,1.000000,0.000000,0.448000,0.020317,0.000000,0.250000,0.000000,0.000000,-0.584250,0.811574,0.000000,-0.072191,0.060507,1.177002,1.000000,0.922841,0.977637,0.000000,0.000000,-0.115335,0.000000,1.000000,0.296560,-0.473781,0.037000,0.000000,0.000000,0.386000,0.000000,0.000000,0.000000,0.000000,0.110171,0.000000,0.084004,0.493927,1.000000,0.765662,0,0.00,candidate,1784275745,1784237400
cand-07c4badf-3585,ETH,long,1.590236,-0.818413,-1.274823,-0.755212,0.104084,0.216667,0.526608,0.085991,0.784862,0.000000,-0.225287,0.639483,0.070450,-0.333333,0.421543,0.000000,0.000000,1.000000,0.000000,0.000000,1.000000,0.000000,0.328000,0.018076,0.000000,0.250000,0.000000,0.000000,-0.065403,0.997859,0.000000,0.000000,-0.136879,0.884706,0.000000,0.247273,0.666554,0.970199,0.000000,-0.048748,-0.041033,1.000000,0.030554,-0.274020,0.011000,0.000000,0.000000,0.749000,0.000000,0.000000,0.000000,0.000000,0.544971,1.000000,0.049765,0.645702,1.000000,1.000000,0,0.00,candidate,1784275745,1784245200
cand-07c4badf-3586,BTC,long,1.450145,-0.726840,-1.420769,-1.069984,0.076882,0.210000,0.241044,0.001568,0.861895,-0.096879,-0.387591,0.162956,0.056790,-0.333333,0.314687,0.000000,0.000000,1.000000,0.000000,0.000000,1.000000,0.000000,0.328000,0.018076,0.000000,0.250000,0.000000,0.000000,-0.065403,0.997859,0.000000,0.000000,-0.208656,0.863790,0.000000,0.170052,0.765182,0.867233,1.000000,-0.119753,-0.013586,1.000000,0.030554,-0.161866,0.016000,0.000000,0.000000,0.585000,0.000000,0.000000,0.000000,0.000000,0.543050,1.000000,0.021382,0.739356,1.000000,1.000000,0,0.00,candidate,1784275745,1784245200
cand-07c4badf-3587,ETH,long,0.170309,0.042137,-1.208481,-0.650954,0.104033,0.216667,0.894191,0.085899,0.804071,-0.017367,-0.353168,0.297448,0.070174,-0.333333,0.421543,0.000000,0.000000,1.000000,0.000000,0.000000,0.999740,-0.000112,0.328000,0.018076,0.000000,0.250000,0.000000,0.000000,-0.043619,0.999048,0.000000,0.563100,-0.076286,1.203617,0.000000,0.260606,0.672518,0.976110,0.000000,-0.051482,-0.030130,1.000000,0.020132,-0.386397,0.019000,0.000000,0.000000,0.280000,0.000000,0.000000,0.000000,0.000000,0.277547,0.000000,0.416920,0.092437,1.000000,1.000000,0,0.00,candidate,1784275745,1784245500
cand-07c4badf-3589,BTC,short,1.017667,-0.078773,0.828618,1.319075,0.076368,0.210000,0.031531,0.001568,0.904886,0.000000,-0.117105,0.274109,-0.053197,0.333333,0.313638,0.000000,0.000000,1.000000,0.000000,0.000000,1.000000,-0.000000,0.356000,-0.017919,0.000000,0.250000,0.000000,0.000000,0.004363,0.999990,0.000000,-0.000000,-0.189034,1.548567,0.000000,0.148555,0.958357,0.000000,0.000000,-0.122978,0.000000,1.000000,0.996389,0.131149,0.016000,0.000000,0.000000,0.586000,0.000000,0.000000,0.000000,0.000000,0.063467,0.806818,0.007216,0.781447,-1.000000,1.000000,1,0.00,candidate,1784275745,1784246100
cand-07c4badf-3593,ETH,short,0.409529,0.793544,0.014002,0.964522,0.099740,0.186667,0.394061,0.005386,0.751647,-0.146027,-0.626685,0.345999,-0.068598,0.333333,0.420050,0.000000,0.000000,1.000000,0.000000,0.000000,0.688136,0.835701,0.040000,-0.018902,0.000000,0.270000,0.009060,0.000000,0.134851,0.990866,0.000000,-0.382421,0.032452,0.613503,0.000000,0.161616,0.928325,0.000000,0.000000,-0.080513,-0.074354,1.000000,0.934604,0.306901,0.007000,0.000000,0.000000,0.835000,0.015000,0.000000,0.000000,0.000000,0.083753,-0.000000,-0.326462,0.305221,-1.000000,1.000000,1,0.00,candidate,1784275745,1784247900
cand-07c4badf-3595,ETH,long,-0.409529,-0.793544,-0.014002,-0.964522,0.099740,0.186667,1.208758,0.064683,0.798742,0.000000,0.196912,0.345999,0.067444,-0.333333,0.420050,0.000000,0.000000,1.000000,0.000000,0.000000,0.688776,0.862320,0.040000,0.018902,0.000000,0.270000,0.009060,0.000000,0.143493,0.989651,0.000000,1.602819,-0.032452,1.240416,0.000000,0.161616,0.628186,0.976706,0.000000,-0.080513,-0.074354,1.000000,0.929396,-0.331393,0.003000,0.000000,0.000000,0.479000,0.003000,0.000000,0.000000,0.000000,0.436015,0.000000,0.326462,-0.305221,1.000000,1.000000,0,0.00,candidate,1784275746,1784247900
cand-07c4badf-3597,ETH,short,2.707255,1.943940,0.790628,1.384061,0.102203,0.206667,0.522679,0.005404,0.763900,-0.439274,-1.164300,2.628875,-0.067279,0.333333,0.420050,0.000000,0.000000,1.000000,0.000000,0.000000,0.967690,0.700018,0.040000,-0.018871,0.000000,0.270000,-0.013679,0.000000,0.156434,0.987688,0.000000,1.731437,0.165405,0.720403,0.000000,0.073372,0.963165,0.000000,0.000000,-0.130035,-0.122663,1.000000,0.923822,0.016211,0.006000,0.000000,0.000000,0.852000,0.010000,0.000000,0.000000,0.000000,0.294371,-0.000000,-0.075082,0.691790,-1.000000,1.000000,1,0.00,candidate,1784275746,1784248200
cand-07c4badf-3599,ETH,long,2.266570,-0.912600,-0.701997,-1.081511,0.103909,0.216667,1.402667,0.005386,0.815335,0.000000,-0.491291,0.272885,0.068310,-0.333333,0.420050,0.000000,0.000000,1.000000,0.000000,0.000000,0.983610,0.545893,0.040000,0.018871,0.000000,0.270000,-0.009204,0.000000,0.195090,0.980785,0.000000,0.364310,-0.016938,1.542016,0.000000,0.340960,0.581375,0.944823,0.000000,-0.110136,-0.052049,1.000000,0.906113,-0.433374,0.009000,0.000000,0.000000,0.000000,0.000000,0.000000,0.000000,0.000000,0.117594,1.000000,-0.007968,0.875752,1.000000,0.896821,0,0.00,candidate,1784275746,1784248800
cand-07c4badf-3601,ETH,long,1.985643,-0.432077,-0.177394,-0.826632,0.103995,0.216667,1.422593,0.005375,0.727687,0.000000,-0.236108,0.536758,0.069717,-0.333333,0.420050,0.000000,0.000000,1.000000,0.000000,0.000000,0.977636,0.490144,0.040000,0.018871,0.000000,0.270000,-0.009204,0.000000,0.216440,0.976296,0.000000,0.301088,0.016766,0.415562,0.000000,0.449435,0.651000,0.791478,0.000000,0.020387,0.000000,1.000000,0.894365,-0.341205,0.010000,0.000000,0.000000,0.849000,0.005000,0.000000,0.000000,0.000000,0.635730,0.000000,-0.001157,0.872727,1.000000,0.896760,0,0.00,candidate,1784275746,1784249100
cand-07c4badf-3603,ETH,long,0.987862,0.508936,-0.201385,-0.648373,0.103812,0.213333,1.270157,0.005374,0.793223,0.000000,0.403318,0.539328,0.071556,-0.333333,0.420050,0.000000,0.000000,1.000000,0.000000,0.000000,0.889959,0.431031,0.040000,0.018871,0.000000,0.270000,0.017529,0.000000,0.246153,0.969231,0.000000,-0.064599,0.085897,1.110631,0.000000,0.503390,0.685524,0.825858,0.000000,0.040866,0.000000,1.000000,0.880817,-0.354542,0.005000,0.000000,0.000000,0.477000,0.001000,0.000000,0.000000,0.000000,0.744701,0.000000,0.077037,0.711111,1.000000,0.896769,0,0.00,candidate,1784275746,1784249400
cand-07c4badf-3605,ETH,long,-0.467503,-0.446586,0.041538,-1.124280,0.104553,0.216667,0.513225,0.005368,0.833546,-0.620728,-0.780932,0.094063,0.068983,-0.333333,0.420784,0.000000,0.000000,1.000000,0.000000,0.000000,0.000000,0.000000,0.020000,0.019413,0.000000,0.270000,0.000000,0.000000,0.378649,0.925541,0.000000,0.000000,0.093180,1.775294,0.000000,0.443220,0.647019,0.940006,0.000000,-0.061221,-0.005747,1.000000,0.814207,-0.415853,0.014000,0.000000,0.000000,0.000000,0.000000,0.000000,0.000000,0.000000,0.152866,0.000000,0.532937,-0.258523,1.000000,0.867613,0,0.00,candidate,1784275746,1784251200
cand-07c4badf-3607,ETH,long,-3.381653,-2.106894,0.263931,-1.533284,0.106664,0.226667,1.179300,0.005379,0.739001,0.000000,0.040716,-0.313332,0.068788,-0.333333,0.421220,0.000000,0.000000,1.000000,0.000000,0.000000,1.000000,0.000000,0.032000,0.019357,0.000000,0.270000,0.000000,0.000000,0.418660,0.908143,0.000000,0.000000,-0.176350,0.525471,0.000000,0.319774,0.567743,0.708568,0.000000,-0.029000,-0.021034,1.000000,0.792715,-0.344148,0.014000,0.000000,0.000000,0.606000,0.000000,0.000000,0.000000,0.000000,0.568760,-1.000000,0.003360,-0.899598,1.000000,0.735428,0,0.00,candidate,1784275746,1784251800
cand-07c4badf-3608,ETH,long,1.273272,-1.876856,0.892281,-1.316003,0.107355,0.233333,1.190319,0.005380,0.867681,0.000000,0.080601,0.097608,0.068827,-0.333333,0.421220,0.000000,0.000000,1.000000,0.000000,0.000000,0.988823,-0.003455,0.032000,0.019357,0.000000,0.270000,0.000000,0.000000,0.422618,0.906308,0.000000,0.011020,-0.257378,3.000000,0.000000,0.393750,0.617452,0.754499,0.000000,-0.001640,0.000000,1.000000,0.790632,-0.596818,0.015000,0.000000,0.000000,0.555000,0.000000,0.000000,0.000000,0.000000,0.018878,0.000000,-0.118338,0.524691,1.000000,0.867719,0,0.00,candidate,1784275746,1784252100
cand-07c4badf-3609,ETH,short,2.457730,2.586721,0.454176,1.711391,0.108897,0.236667,0.058251,0.005393,0.825033,-0.049259,-0.620295,0.528132,-0.067858,0.333333,0.421220,0.000000,0.000000,1.000000,0.000000,0.000000,0.987088,-0.000526,0.032000,-0.019357,0.000000,0.270000,-0.009232,0.000000,0.442289,0.896873,0.000000,1.202002,0.424906,1.862139,0.000000,0.252557,0.840208,0.000000,0.000000,-0.055244,-0.047179,1.000000,0.781247,0.086287,0.008000,0.000000,0.000000,0.000000,0.000000,0.000000,0.000000,0.000000,0.021851,-0.000000,0.018094,0.843537,-1.000000,1.000000,1,0.00,candidate,1784275746,1784252400
cand-07c4badf-3611,ETH,short,2.514823,2.517803,2.078232,2.054058,0.110839,0.250000,0.248692,0.157010,0.750555,-0.067978,-0.678026,1.236420,-0.066403,0.333333,0.421220,0.000000,0.000000,1.000000,0.000000,0.000000,0.942997,-0.008621,0.032000,-0.019357,0.000000,0.270000,-0.016809,0.000000,0.480989,0.876727,0.000000,0.295993,0.649996,0.609290,0.000000,0.085511,0.945725,0.000000,0.000000,-0.119035,-0.110443,1.000000,0.760090,0.219225,0.003000,0.000000,0.000000,0.671000,0.000000,0.000000,0.000000,0.000000,0.350019,-0.000000,-0.023845,0.803738,-1.000000,0.896618,1,0.00,candidate,1784275746,1784253000
449aa1a7-d820-4f34-ae80-3e1e96a4060b,ETH,long,-0.243547,-1.043745,-0.825063,-0.623453,0.144795,0.430000,0.334634,0.005343,0.686953,0.000000,-0.278256,-0.438912,0.057025,-0.333333,0.418233,0.000000,0.000000,1.000000,0.000000,0.000000,-1.000000,0.000000,0.196000,0.021425,0.000000,0.250000,0.000000,0.000000,-0.992005,-0.126199,0.000000,-0.653309,-0.394392,0.233706,0.000000,0.326360,0.598486,0.900156,0.000000,-0.129152,-0.047086,1.000000,0.809316,-0.224351,0.006000,0.000000,0.000000,0.508000,0.000000,0.000000,0.000000,0.000000,0.073881,0.000000,0.746183,-0.134146,1.000000,0.867221,0,-0.49,live,1784275747,1784223102
a27a1da9-430b-425f-9a63-31629142cfd3,BTC,long,-0.277089,0.416406,0.131090,-0.263654,0.111838,0.473333,1.032634,0.001559,0.869203,0.008961,0.227991,-1.279207,0.077049,-0.333333,0.309683,0.000000,0.000000,1.000000,0.000000,0.000000,1.000000,0.000000,0.776000,0.022112,0.000000,0.250000,0.000000,0.000000,-0.941176,0.337917,0.000000,0.000000,0.000000,1.046556,0.000000,0.267646,0.653097,0.895285,0.000000,0.016227,0.000000,1.000000,0.585012,-0.243473,0.019000,0.000000,0.000000,0.065000,0.000000,0.000000,0.000000,0.000000,0.125161,0.000000,-0.272330,-0.256145,1.000000,0.733965,0,-0.45,live,1784275747,1784229564
132f2e5b-8ece-4620-b5f7-cdc6dd2b701a,BTC,long,-0.070327,-0.051104,0.424259,-1.137440,0.110708,0.466667,0.028032,0.001558,0.842709,0.000000,0.089904,-1.131937,0.080476,-0.333333,0.309554,0.000000,0.000000,1.000000,0.000000,0.000000,-1.000000,0.000000,0.704000,0.022015,0.000000,0.250000,0.000000,0.000000,-0.902585,0.430511,0.000000,-0.964446,0.004269,0.660452,0.000000,0.306363,0.700080,0.901013,0.000000,0.019650,0.000000,1.000000,0.536645,-0.264484,0.036000,0.000000,0.000000,0.310000,0.000000,0.000000,0.000000,0.000000,0.106669,0.000000,0.001516,-0.082645,1.000000,0.733965,0,-0.46,live,1784275747,1784230955
cand-1d306b08-3631,BTC,short,-0.105818,0.178812,0.069027,1.153044,0.074093,0.203333,0.600429,0.001571,0.937403,-0.581653,-0.895051,0.428608,-0.053794,0.333333,0.314318,0.000000,0.000000,1.000000,0.000000,0.000000,0.688416,0.846656,0.040000,-0.018902,0.000000,0.270000,0.009060,0.000000,0.139173,0.990268,0.000000,-0.000000,0.193872,2.596505,0.000000,0.117741,0.969163,0.000000,0.000000,0.000402,0.000000,1.000000,0.932521,0.441680,0.013000,0.000000,0.000000,0.416000,0.000000,0.000000,0.000000,0.000000,0.106054,-0.000000,-0.687296,-0.133508,-1.000000,1.000000,1,0.00,candidate,1784283529,1784247900
cand-1d306b08-3633,BTC,long,0.105818,-0.178812,-0.069027,-1.153044,0.074093,0.203333,1.039154,0.001571,0.896270,0.000000,0.210801,0.428608,0.053184,-0.333333,0.314318,0.000000,0.000000,1.000000,0.000000,0.000000,0.688881,0.867349,0.040000,0.018902,0.000000,0.270000,0.009060,0.000000,0.147809,0.989016,0.000000,1.053180,-0.193872,1.339904,0.000000,0.117741,0.768928,0.849863,1.000000,0.000402,0.000000,1.000000,0.928354,-0.376260,0.074000,0.000000,0.000000,0.363000,0.000000,0.000000,0.000000,0.000000,0.158169,0.000000,0.687296,0.133508,1.000000,1.000000,0,0.00,candidate,1784283529,1784247900
cand-1d306b08-3637,BTC,long,2.353575,-0.091420,-0.309950,-1.097071,0.075639,0.206667,1.079474,0.001569,0.853516,-0.073743,-0.533262,0.331233,0.050240,-0.333333,0.314318,0.000000,0.000000,1.000000,0.000000,0.000000,0.983610,0.545893,0.040000,0.018871,0.000000,0.270000,-0.009204,0.000000,0.195090,0.980785,0.000000,0.040320,-0.232279,0.735742,0.000000,0.280337,0.759083,0.840042,1.000000,-0.131208,0.000000,1.000000,0.906113,-0.378146,0.021000,0.000000,0.000000,0.836000,0.000000,0.000000,0.000000,0.000000,0.265040,1.000000,0.022861,0.848802,1.000000,1.000000,0,0.00,candidate,1784283529,1784248800
cand-1d306b08-3639,BTC,long,1.428017,0.092236,0.057296,-0.932414,0.074209,0.203333,0.113094,0.001568,0.891317,0.000000,-0.126525,0.833549,0.048849,-0.333333,0.314318,0.000000,0.000000,1.000000,0.000000,0.000000,0.977744,0.495704,0.040000,0.018871,0.000000,0.270000,-0.009204,0.000000,0.220697,0.975342,0.000000,-0.966380,-0.110065,1.331400,0.000000,0.385913,0.794644,0.875517,1.000000,0.019804,0.000000,1.000000,0.892282,-0.361693,0.028000,0.000000,0.000000,0.603000,0.000000,0.000000,0.000000,0.000000,0.495404,0.000000,-0.017482,0.867779,1.000000,1.000000,0,0.00,candidate,1784283529,1784249100
cand-1d306b08-3641,BTC,short,-0.019174,-0.476835,0.126058,0.812291,0.073541,0.203333,0.701604,0.001567,0.875409,0.000000,0.300230,0.370048,-0.046417,0.333333,0.314318,0.000000,0.000000,1.000000,0.000000,0.000000,0.890139,0.441068,0.040000,-0.018871,0.000000,0.270000,0.017529,0.000000,0.254602,0.967046,0.000000,0.814698,-0.129416,1.014140,0.000000,0.387318,0.870479,0.952056,1.000000,0.022624,0.000000,1.000000,0.876589,0.264482,0.011000,0.000000,0.000000,0.170000,0.037000,0.000000,0.000000,0.000000,0.318474,-0.000000,-0.883698,-0.014728,-1.000000,1.000000,1,0.00,candidate,1784283529,1784249400
cand-1d306b08-3643,BTC,long,0.521354,0.523455,0.711344,-0.780058,0.072672,0.196667,1.363309,0.001565,0.827170,0.000000,-0.108193,0.441306,0.038349,-0.333333,0.312917,0.000000,0.000000,1.000000,0.000000,0.000000,0.000000,0.000000,0.020000,0.019413,0.000000,0.270000,0.000000,0.000000,0.378649,0.925541,0.000000,0.000000,-0.114371,0.507693,1.000000,0.480244,0.826353,0.985312,1.000000,0.033940,0.000000,1.000000,0.813165,-0.283773,0.012000,0.000000,0.000000,0.000000,0.000000,0.000000,0.000000,0.000000,0.223347,0.000000,0.411667,0.236328,1.000000,0.764351,0,0.00,candidate,1784283529,1784251200
cand-1d306b08-3647,ETH,long,-0.356235,-1.699241,-1.103403,-1.673649,0.109007,0.236667,1.083184,0.005407,0.773582,0.000000,0.122743,0.604492,0.066584,-0.333333,0.421220,0.000000,0.000000,1.000000,0.000000,0.000000,0.871395,-0.063141,0.032000,0.019357,0.000000,0.270000,-0.016809,0.000000,0.473320,0.880891,0.000000,1.141435,-0.408441,0.847235,0.000000,0.232102,0.513963,0.963138,0.000000,-0.063034,-0.054926,1.000000,0.763216,-0.248644,0.006000,0.000000,0.000000,0.802000,0.000000,0.000000,0.000000,0.000000,0.500607,0.000000,0.470598,-0.141454,1.000000,1.000000,0,0.00,candidate,1784283529,1784252700
cand-1d306b08-3649,BTC,short,2.611637,3.402740,2.061174,1.997493,0.077984,0.213333,0.029833,0.001576,0.897276,0.000000,-0.394637,4.116245,-0.035047,0.333333,0.313351,0.000000,0.000000,1.000000,0.000000,0.000000,0.942997,-0.008621,0.032000,-0.019357,0.000000,0.270000,-0.016809,0.000000,0.480989,0.876727,0.000000,-0.000000,0.683579,1.354559,0.000000,0.024304,0.990232,0.000000,0.000000,-0.090126,-0.039232,1.000000,0.760090,0.006541,0.020000,0.000000,0.000000,0.891000,0.000000,0.000000,0.000000,0.000000,0.221128,-0.000000,-0.015773,0.874409,-1.000000,1.000000,1,0.00,candidate,1784283529,1784253000
cand-1d306b08-3650,ETH,long,0.879447,-2.609761,-2.036013,-1.904501,0.111278,0.250000,1.075919,0.059473,0.779036,0.000000,0.032113,0.202029,0.066259,-0.333333,0.421220,0.000000,0.000000,1.000000,0.000000,0.000000,0.952354,-0.000643,0.032000,0.019357,0.000000,0.270000,-0.016809,0.000000,0.500000,0.866025,0.000000,1.324611,-0.682726,0.934041,0.000000,0.136932,0.452737,0.902725,0.000000,-0.099356,-0.090969,1.000000,0.749441,-0.259453,0.008000,0.000000,0.000000,0.661000,0.010000,0.000000,0.000000,0.000000,0.133886,0.000000,0.101965,0.384289,1.000000,0.896618,0,0.00,candidate,1784283529,1784253300
cand-1d306b08-3651,BTC,short,-0.706998,2.015951,2.075083,1.821207,0.078369,0.213333,0.424556,0.001574,0.888878,0.000000,0.108278,0.016179,-0.031069,0.333333,0.313351,0.000000,0.000000,1.000000,0.000000,0.000000,0.925765,-0.020677,0.032000,-0.019415,0.000000,0.270000,-0.018351,0.000000,0.526214,0.850352,0.000000,0.394723,0.204310,1.227276,0.000000,0.138128,0.945500,0.000000,0.000000,-0.064085,-0.046895,1.000000,0.735268,0.405975,0.019000,0.000000,0.000000,0.610000,0.012000,0.000000,0.000000,0.000000,0.737103,-0.000000,-0.306084,-0.350947,-1.000000,0.896620,1,0.00,candidate,1784283529,1784253600
cand-1d306b08-3652,ETH,long,1.307767,-0.745355,-1.947063,-1.862957,0.111905,0.253333,0.836127,0.032393,0.806405,0.000000,0.033217,-0.087938,0.063552,-0.333333,0.421220,0.000000,0.000000,1.000000,0.000000,0.000000,0.925512,-0.020929,0.032000,0.019415,0.000000,0.270000,-0.018351,0.000000,0.526214,0.850352,0.000000,-0.628704,-0.386990,1.251960,0.000000,0.215698,0.507500,0.951613,0.000000,-0.069963,-0.061812,1.000000,0.734226,-0.337317,0.005000,0.000000,0.000000,0.147000,0.007000,0.000000,0.000000,0.000000,0.237331,0.000000,0.199241,0.516129,1.000000,0.896620,0,0.00,candidate,1784283529,1784253600
cand-1d306b08-3653,ETH,long,3.303760,-0.255165,-1.840757,-1.698131,0.119966,0.296667,0.252345,0.097216,0.797534,0.000000,-0.155377,2.018235,0.062506,-0.333333,0.421220,0.000000,0.000000,1.000000,0.000000,0.000000,0.987564,0.026784,0.032000,0.019415,0.000000,0.270000,-0.006477,0.000000,0.555570,0.831470,0.000000,-0.489274,-0.169242,1.095983,0.000000,0.277244,0.526379,0.951073,1.000000,-0.070423,-0.061687,1.000000,0.717553,-0.356333,0.011000,0.000000,0.000000,0.305000,0.010000,0.000000,0.000000,0.000000,0.083089,0.000000,0.071227,0.708897,1.000000,1.000000,0,0.00,candidate,1784283529,1784254200
cand-1d306b08-3654,BTC,long,3.097800,-0.841070,-2.087868,-1.620681,0.082149,0.240000,0.879539,0.001573,0.797867,0.000000,-0.132202,0.546956,0.029312,-0.333333,0.313351,0.000000,0.000000,1.000000,0.000000,0.000000,0.987564,0.026784,0.032000,0.019415,0.000000,0.270000,-0.006477,0.000000,0.555570,0.831470,0.000000,1.304094,-0.074981,0.318575,0.000000,0.256920,0.690377,0.916985,1.000000,-0.064247,-0.033600,1.000000,0.717553,-0.230825,0.024000,0.000000,0.000000,0.355000,0.002000,0.000000,0.000000,0.000000,0.280068,0.638626,0.028081,0.721553,1.000000,0.897190,0,0.00,candidate,1784283529,1784254200
e9e11dd7-b7db-4143-b727-1762ea8b6ff7,BTC,short,2.611637,3.402740,2.061174,1.997493,0.077984,0.213333,0.029833,0.001576,0.897276,0.000000,-0.394637,4.116245,-0.035047,0.333333,0.313351,0.000000,0.000000,1.000000,0.000000,0.000000,0.942997,-0.008621,0.032000,-0.019357,0.000000,0.270000,-0.016809,0.000000,0.480989,0.876727,0.000000,-0.000000,0.683579,1.354559,0.000000,0.024304,0.990232,0.000000,0.000000,-0.090126,-0.039232,1.000000,0.760090,0.006541,0.020000,0.000000,0.000000,0.891000,0.000000,0.000000,0.000000,0.000000,0.221128,-0.000000,-0.015773,0.874409,-1.000000,1.000000,1,0.11,live,1784283531,1784253315
09b0aac5-6763-4c4b-bd3b-7ad3836a81cc,BTC,long,0.113906,-0.610415,-0.367942,-1.643322,0.092238,0.316667,1.104729,0.001592,0.861397,0.012310,0.040486,-0.346668,0.025004,-0.333333,0.324605,0.000000,0.000000,1.000000,0.000000,0.000000,-1.000000,0.000000,0.092000,0.022144,0.000000,0.270000,0.000000,0.000000,0.841039,-0.540974,0.000000,0.719737,0.030629,0.858507,0.000000,0.190657,0.614835,0.845435,1.000000,-0.010044,0.000000,1.000000,0.975771,-0.364357,0.015000,0.000000,0.000000,0.468000,0.000000,0.000000,0.000000,0.000000,0.073498,0.000000,-0.324524,0.127202,1.000000,0.867820,0,-0.00,live,1784283536,1784275911
9489481c-0e3f-4588-b058-c0bdd4364e99,ETH,long,-0.123823,0.091339,-0.170597,-1.175971,0.136898,0.380000,1.048203,0.005473,0.832503,0.058224,0.362280,-0.798641,0.061063,-0.333333,0.431176,0.000000,0.000000,1.000000,0.000000,0.000000,-1.000000,0.000000,0.092000,0.022144,0.000000,0.270000,0.000000,0.000000,0.838671,-0.544639,0.000000,0.000000,-0.137915,1.807482,0.000000,0.277728,0.561970,0.768316,1.000000,-0.003343,0.000000,1.000000,0.974661,-0.341971,0.006000,0.000000,0.000000,0.339000,0.000000,0.000000,0.000000,0.000000,0.045661,0.000000,0.074873,-0.219178,1.000000,0.867820,1,0.03,live,1784283536,1784275951
cand-1d306b08-3655,ETH,long,-0.271781,-0.234810,-1.265273,-1.667061,0.119153,0.293333,0.574443,0.005406,0.763394,0.000000,0.372448,0.263137,0.062021,-0.333333,0.421220,0.000000,0.000000,1.000000,0.000000,0.000000,0.987237,0.026606,0.032000,0.019391,0.000000,0.270000,-0.006477,0.000000,0.577145,0.816642,0.000000,-0.620140,-0.039316,0.677349,0.000000,0.270193,0.538282,0.940261,1.000000,-0.076923,-0.068143,1.000000,0.704772,0.016218,0.009000,0.000000,0.000000,0.968000,0.008000,0.000000,0.000000,0.000000,0.513032,0.000000,-0.222068,-0.164384,1.000000,1.000000,0,0.00,candidate,1784283626,1784254500
cand-1d306b08-3656,ETH,long,-1.175969,0.238448,-1.483635,-1.625514,0.119433,0.293333,1.060538,0.016224,0.809189,0.000000,0.115419,-0.533149,0.061411,-0.333333,0.421220,0.000000,0.000000,1.000000,0.000000,0.000000,0.989687,0.027833,0.032000,0.019391,0.000000,0.270000,0.018659,0.000000,0.591310,0.806445,0.000000,-0.166167,0.076227,1.346315,0.000000,0.206401,0.521956,0.893328,1.000000,-0.105141,-0.096118,1.000000,0.697474,-0.391932,0.011000,0.000000,0.000000,0.676000,0.003000,0.000000,0.000000,0.000000,0.172932,0.000000,0.090004,-0.567982,1.000000,0.869321,0,0.00,candidate,1784283913,1784254800
cand-1d306b08-3657,ETH,long,0.045305,-0.077670,-1.775996,-1.531506,0.119315,0.293333,0.783875,0.005408,0.774746,0.000000,0.127482,-0.228254,0.060352,-0.333333,0.421220,0.000000,0.000000,1.000000,0.000000,0.000000,0.976114,0.015347,0.032000,0.019391,0.000000,0.270000,0.018659,0.000000,0.615661,0.788011,0.000000,-0.276663,-0.009762,0.836445,0.000000,0.209393,0.523784,0.895135,1.000000,-0.104054,-0.061074,1.000000,0.682891,-0.283833,0.005000,0.000000,0.000000,0.701000,0.004000,0.000000,0.000000,0.000000,0.142681,0.000000,-0.083644,0.021368,1.000000,0.869724,0,0.00,candidate,1784284233,1784255100
cand-1d306b08-3658,ETH,long,-1.165578,-1.052241,-1.236641,-1.752312,0.119732,0.293333,0.411049,0.005415,0.771162,0.000000,0.199410,-0.493513,0.059263,-0.333333,0.424216,0.000000,0.000000,1.000000,0.000000,0.000000,0.968094,0.008624,0.064000,0.018787,0.000000,0.270000,-0.014078,0.000000,0.632705,0.774393,0.000000,-0.202227,-0.124078,0.814148,0.000000,0.134224,0.485589,0.848437,1.000000,-0.132130,-0.088881,1.000000,0.672865,-0.373491,0.009000,0.000000,0.000000,0.000000,0.006000,0.000000,0.000000,0.000000,0.189093,-1.000000,-0.095345,-0.563319,1.000000,0.869724,0,0.00,candidate,1784284534,1784255400
cand-f18599a1-3674,ETH,long,0.221114,-1.349339,-1.134387,-1.629385,0.120078,0.296667,0.262478,0.027108,0.784540,0.000000,0.255486,0.455001,0.058830,-0.333333,0.424216,0.000000,0.000000,1.000000,0.000000,0.000000,0.954325,-0.005332,0.064000,0.018787,0.000000,0.270000,-0.014296,0.000000,0.669131,0.743145,0.000000,-0.794165,-0.236034,0.992963,0.000000,0.117706,0.519439,0.818322,1.000000,-0.145421,-0.101124,1.000000,0.648896,-0.403739,0.008000,0.000000,0.000000,0.100000,0.004000,0.000000,0.000000,0.000000,0.073400,0.000000,0.133218,0.084922,1.000000,0.898195,0,0.00,candidate,1784285234,1784256000
cand-6cbb5a75-3691,ETH,long,1.116634,0.464915,-0.401038,-1.033429,0.122072,0.310000,1.050224,0.005404,0.780219,-0.543844,-1.133041,-0.043906,0.063963,-0.333333,0.425292,0.000000,0.000000,1.000000,0.000000,0.000000,1.000000,0.000000,0.084000,0.018885,0.000000,0.270000,0.000000,0.000000,0.722364,0.691513,0.000000,0.000000,0.104091,0.750576,0.000000,0.276868,0.633872,0.894954,1.000000,0.005480,0.000000,1.000000,0.614110,-0.375430,0.013000,0.000000,0.000000,0.867000,0.000000,0.000000,0.000000,0.000000,0.168598,0.000000,-0.044558,0.521739,1.000000,0.898195,0,0.00,candidate,1784286330,1784257200
cand-eb8bc4c8-3763,ETH,long,0.183809,-0.663894,1.105392,-0.775564,0.123363,0.323333,0.095927,0.005401,0.807490,-0.097907,-0.201152,-0.734401,0.063371,-0.333333,0.423992,0.000000,0.000000,1.000000,0.000000,0.000000,1.000000,0.000000,0.032000,0.019682,0.000000,0.270000,0.000000,0.000000,0.854912,0.518773,0.000000,0.000000,-0.168096,1.197011,1.000000,0.364413,0.678624,0.952225,1.000000,0.032032,0.000000,1.000000,0.510330,-0.280748,0.018000,0.000000,0.000000,0.133000,0.000000,0.000000,0.000000,0.000000,0.289647,0.000000,0.073668,0.126506,1.000000,0.734235,0,0.00,candidate,1784289333,1784260200
cand-eb8bc4c8-3765,BTC,short,0.295185,1.424122,1.614919,1.133408,0.083401,0.246667,0.240855,0.001579,0.891090,-0.177952,-0.221794,-0.691013,-0.045989,0.333333,0.319178,0.000000,0.000000,1.000000,0.000000,0.000000,0.000000,0.000000,0.064000,-0.019179,0.000000,0.270000,0.000000,0.000000,0.930418,0.366501,0.000000,-0.000000,0.293645,1.110545,0.000000,0.115545,0.953229,0.000000,0.000000,-0.053069,0.000000,1.000000,0.427948,0.344117,0.024000,0.000000,0.000000,0.534000,0.000000,0.000000,0.000000,0.000000,0.454849,-0.000000,-0.190939,0.254486,-1.000000,0.767151,0,0.00,candidate,1784289333,1784262300
cand-3cb61651-3786,BTC,long,0.991163,-1.285831,-1.490674,-1.076534,0.083455,0.250000,0.525596,0.001579,0.891436,0.045934,0.070443,0.565757,0.044921,-0.333333,0.318646,0.000000,0.000000,1.000000,0.000000,0.000000,1.000000,0.000000,0.040000,0.019120,0.000000,0.270000,0.000000,0.000000,0.917060,0.398749,0.000000,0.000000,-0.207508,1.411975,0.000000,0.135820,0.650280,0.976042,1.000000,-0.048133,0.000000,1.000000,0.444415,-0.170161,0.021000,0.000000,0.000000,0.253000,0.000000,0.000000,0.000000,0.000000,0.406577,0.000000,0.214544,0.535787,1.000000,0.898306,0,0.00,candidate,1784291113,1784262000
d5c9f1a3-68e9-46ea-8242-177d0e292d4b,ETH,short,0.453302,1.157113,-0.213495,-0.509615,0.110527,0.243333,0.530735,0.005450,0.824608,-0.052719,-0.196209,0.269520,-0.017151,0.333333,0.428808,0.000000,0.000000,1.000000,0.000000,0.000000,1.000000,-0.000000,0.092000,-0.019580,0.000000,0.270000,0.000000,0.000000,-0.061049,-0.998135,0.000000,-0.035180,0.029884,1.199070,-1.000000,0.706281,0.716198,0.814430,1.000000,0.016553,0.000000,1.000000,0.470172,0.190729,0.011000,0.000000,0.000000,0.000000,0.000000,0.000000,0.000000,0.000000,0.259867,-0.000000,-0.045583,0.557576,-1.000000,0.894810,1,0.00,live,1784292550,1784290486
c1c38819-375c-4cca-90a5-d3c7590bf601,ETH,long,1.116634,0.464915,-0.401038,-1.033429,0.122072,0.310000,1.041423,0.070190,0.811881,-0.339195,-1.045043,-0.043906,0.064324,-0.333333,0.425292,0.000000,0.000000,1.000000,0.000000,0.000000,1.000000,0.000000,0.084000,0.018885,0.000000,0.270000,0.000000,0.000000,0.725374,0.688355,0.000000,-0.008800,0.104091,1.179049,0.000000,0.276868,0.633872,0.894954,1.000000,0.005480,0.000000,1.000000,0.612027,-0.375106,0.011000,0.000000,0.000000,0.230000,0.000000,0.000000,0.000000,0.000000,0.192918,0.000000,-0.044558,0.521739,1.000000,0.898195,0,-0.44,live,1784293614,1784257594
cand-d0fe6c6a-3844,BTC,long,0.113906,-0.610415,-0.367942,-1.643322,0.092238,0.316667,0.384992,0.001592,0.886462,0.037432,0.061866,-0.346668,0.025210,-0.333333,0.324605,0.000000,0.000000,1.000000,0.000000,0.000000,-1.000000,0.000000,0.092000,0.022144,0.000000,0.270000,0.000000,0.000000,0.841039,-0.540974,0.000000,0.000000,0.030629,1.095362,0.000000,0.190657,0.614835,0.845435,1.000000,-0.010044,0.000000,1.000000,0.976862,-0.196378,0.025000,0.000000,0.000000,0.468000,0.000000,0.000000,0.000000,0.000000,0.595222,0.000000,-0.324524,0.127202,1.000000,0.867820,0,0.00,candidate,1784293824,1784275500
e544cc2a-cc60-4b7a-a918-e9069fe9c18e,ETH,long,-0.269956,0.942789,1.028281,0.523124,0.122974,0.316667,0.450288,0.005446,0.872547,0.365011,0.456270,0.386388,0.046825,-0.333333,0.428245,0.000000,0.000000,1.000000,0.000000,0.000000,1.000000,0.000000,0.228000,0.031097,0.000000,0.270000,0.000000,0.000000,0.422618,-0.906308,0.000000,-0.086865,0.194934,3.000000,1.000000,0.879132,0.957544,0.861200,1.000000,0.095089,0.000000,1.000000,0.707643,-0.557866,0.023000,0.000000,0.000000,0.000000,0.000000,0.000000,0.000000,0.000000,0.396722,0.000000,-0.482142,-0.251012,1.000000,1.000000,0,-0.42,live,1784295471,1784283632
cand-8fd29179-3890,ETH,long,-0.327362,1.457290,0.439106,0.836427,0.111158,0.246667,0.044011,0.043469,0.861899,0.000000,-0.027842,0.026314,0.026017,-0.333333,0.427694,0.000000,0.000000,1.000000,0.000000,0.000000,-1.000000,0.000000,0.132000,0.019660,0.000000,0.270000,0.000000,0.000000,0.061049,-0.998135,0.000000,0.000000,0.341982,1.062077,1.000000,0.957486,0.983341,0.928476,1.000000,0.137511,0.041743,1.000000,0.529047,-0.401923,0.003000,0.000000,0.000000,0.768000,0.000000,0.000000,0.000000,0.000000,0.415252,0.000000,0.453266,-0.246377,1.000000,0.894893,0,0.00,candidate,1784295613,1784288400
cand-8fd29179-3892,ETH,long,-0.727617,1.000569,0.378228,0.816289,0.111284,0.246667,1.054221,0.092449,0.807751,0.127667,0.217681,0.449816,0.023198,-0.333333,0.427638,0.000000,0.000000,1.000000,0.000000,0.000000,0.000000,0.000000,0.104000,0.019580,0.000000,0.270000,0.000000,0.000000,0.030539,-0.999534,0.000000,0.000000,0.268844,0.959915,1.000000,0.868956,0.947446,0.901417,1.000000,0.121422,0.025521,1.000000,0.512798,-0.255529,0.003000,0.000000,0.000000,0.536000,0.000000,0.000000,0.000000,0.000000,0.035163,0.000000,-0.234763,-0.512027,1.000000,0.894893,0,0.00,candidate,1784295613,1784288700
cand-6c9a3b3e-3961,ETH,short,0.453302,1.157113,-0.213495,-0.509615,0.110527,0.243333,0.630573,0.005449,0.798120,0.000000,-0.001758,0.269520,-0.017667,0.333333,0.428808,0.000000,0.000000,1.000000,0.000000,0.000000,1.000000,0.000000,0.092000,-0.019580,0.000000,0.270000,0.000000,0.000000,-0.047978,-0.998848,0.000000,0.688668,0.029884,0.815485,-1.000000,0.706281,0.716198,0.814430,1.000000,0.016553,0.000000,1.000000,0.476848,0.310485,0.013000,0.000000,0.000000,0.000000,0.000000,0.000000,0.000000,0.000000,0.326038,-0.000000,-0.045583,0.557576,-1.000000,0.894810,1,0.00,candidate,1784296521,1784289900
cand-6c9a3b3e-3964,ETH,short,0.651268,1.084471,0.054137,-0.745151,0.110474,0.243333,0.483700,0.005453,0.821379,0.000000,0.100485,0.118563,-0.016790,0.333333,0.428808,0.000000,0.000000,1.000000,0.000000,0.000000,0.985420,0.015784,0.092000,-0.019544,0.000000,0.270000,-0.009904,0.000000,-0.095846,-0.995396,0.000000,-0.047035,0.105836,1.103308,-1.000000,0.625395,0.748455,0.846783,1.000000,0.060953,0.000000,1.000000,0.453236,0.362465,0.037000,0.000000,0.000000,0.000000,0.000000,0.000000,0.000000,0.000000,0.327216,-0.000000,0.223432,0.507692,-1.000000,0.866406,1,0.00,candidate,1784296521,1784290500
cand-cff1d037-3983,BTC,short,1.051052,-0.141271,-0.213215,-0.619895,0.082001,0.236667,0.970362,0.001585,0.864110,-0.279939,-0.580931,0.977693,0.001802,0.333333,0.320713,0.000000,0.000000,1.000000,0.000000,0.000000,1.000000,0.000000,0.132000,-0.024113,0.000000,0.270000,0.000000,0.000000,0.237686,-0.971342,0.000000,-0.000000,0.108399,0.779788,-1.000000,0.836227,0.740482,0.841103,1.000000,0.061486,0.000000,1.000000,0.613815,0.187497,0.054000,0.000000,0.000000,0.130000,0.000000,0.000000,0.000000,0.000000,0.241575,-0.000000,0.187898,0.566528,-1.000000,0.894893,0,0.00,candidate,1784297341,1784286000
cand-cff1d037-3996,BTC,short,0.810635,0.532103,-0.579501,-1.318808,0.081201,0.230000,0.572734,0.001583,0.869246,-0.102935,-0.402875,0.204541,0.010313,0.333333,0.320018,0.000000,0.000000,1.000000,0.000000,0.000000,0.985084,0.015452,0.092000,-0.019580,0.000000,0.270000,-0.009904,0.000000,-0.087156,-0.996195,0.000000,1.164822,0.293462,0.921043,-1.000000,0.789848,0.695407,0.962460,1.000000,0.089031,0.020321,1.000000,0.458009,0.207041,0.049000,0.000000,0.000000,0.079000,0.000000,0.000000,0.000000,0.000000,0.074799,-0.000000,0.276314,0.474344,-1.000000,0.894810,0,0.00,candidate,1784297341,1784290500
cand-cff1d037-3999,BTC,short,2.062486,1.565759,1.643999,-0.290688,0.079634,0.216667,1.015744,0.001591,0.894524,-0.192875,-0.772709,1.816864,0.010292,0.333333,0.321446,0.000000,0.000000,1.000000,0.000000,0.000000,0.986818,0.003314,0.080000,-0.018920,0.000000,0.270000,0.000000,0.000000,-0.284015,-0.958820,0.000000,-0.000000,0.402815,1.526123,0.000000,0.267119,0.929166,0.908228,1.000000,0.024772,0.000000,1.000000,0.360499,0.051241,0.011000,0.000000,0.000000,0.920000,0.000000,0.000000,0.000000,0.000000,0.245667,-0.000000,0.000090,0.895419,-1.000000,0.894658,0,0.00,candidate,1784297341,1784293200
6fe56210-412a-49ce-858a-ae5cecb429d1,BTC,long,-0.204881,0.918056,1.175555,0.803623,0.086685,0.276667,1.011770,0.001587,0.862676,0.000000,-0.052143,-0.428175,0.004206,-0.333333,0.322013,0.000000,0.000000,1.000000,0.000000,0.000000,1.000000,0.000000,0.228000,0.031097,0.000000,0.270000,0.000000,0.000000,0.406737,-0.913545,0.000000,0.034842,0.283990,0.829920,1.000000,0.904950,0.974626,0.891844,1.000000,0.050672,0.000000,1.000000,0.699891,-0.425972,0.022000,0.000000,0.000000,0.818000,0.000000,0.000000,0.000000,0.000000,0.345143,0.000000,-0.344344,-0.246120,1.000000,0.762959,1,0.02,live,1784297347,1784283856
cand-eea574b5-4009,BTC,long,-0.204881,0.918056,1.175555,0.803623,0.086685,0.276667,0.976928,0.001586,0.891486,0.000000,0.020391,-0.428175,0.004738,-0.333333,0.322013,0.000000,0.000000,1.000000,0.000000,0.000000,1.000000,0.000000,0.228000,0.031097,0.000000,0.270000,0.000000,0.000000,0.422618,-0.906308,0.000000,0.000000,0.283990,1.032193,1.000000,0.904950,0.974626,0.891844,1.000000,0.050672,0.000000,1.000000,0.706538,-0.095018,0.085000,0.000000,0.000000,0.631000,0.000000,0.000000,0.000000,0.000000,0.485155,0.000000,-0.344344,-0.246120,1.000000,0.762959,0,0.00,candidate,1784298907,1784283300
cand-eea574b5-4010,BTC,long,-0.534279,0.426537,0.592597,0.625001,0.084317,0.266667,0.600059,0.001587,0.921714,0.000000,-0.084111,-0.172648,0.003623,-0.333333,0.322013,0.000000,0.000000,1.000000,0.000000,0.000000,0.993909,0.002317,0.228000,0.031097,0.000000,0.270000,0.000000,0.000000,0.394744,-0.918791,0.000000,-0.411711,0.062653,2.028404,1.000000,0.848713,0.959595,0.876776,1.000000,0.041683,0.000000,1.000000,0.692190,-0.655011,0.071000,0.000000,0.000000,0.721000,0.000000,0.000000,0.000000,0.000000,0.088129,0.000000,-0.155477,-0.462418,1.000000,0.762842,0,0.00,candidate,1784298907,1784283600
cand-eea574b5-4011,BTC,long,0.628828,0.770560,0.769960,0.425799,0.083744,0.253333,0.680230,0.001587,0.838104,0.000000,0.025592,-0.899814,0.002570,-0.333333,0.322013,0.000000,0.000000,1.000000,0.000000,0.000000,0.967972,0.007708,0.228000,0.031097,0.000000,0.270000,0.000000,0.000000,0.374607,-0.927184,0.000000,-0.270816,0.141100,0.610108,1.000000,0.914455,0.977165,0.894389,1.000000,0.052190,0.000000,1.000000,0.683250,-0.275287,0.040000,0.000000,0.000000,0.726000,0.000000,0.000000,0.000000,0.000000,0.178824,0.586572,-0.167566,0.409877,1.000000,0.762725,0,0.00,candidate,1784298907,1784283900
cand-eea574b5-4012,BTC,long,0.218886,0.157751,0.891727,0.446965,0.083305,0.243333,1.269266,0.001586,0.898468,-0.070846,-0.242346,-1.232246,0.001982,-0.333333,0.322013,0.000000,0.000000,1.000000,0.000000,0.000000,0.887675,-0.030898,0.228000,0.024051,0.000000,0.270000,0.000000,0.000000,0.362438,-0.932008,0.000000,1.052130,-0.023407,1.508827,1.000000,0.937228,0.983247,0.900486,1.000000,0.055827,0.000000,1.000000,0.676117,-0.447855,0.017000,0.000000,0.000000,0.532000,0.000000,0.000000,0.000000,0.000000,0.090041,0.000000,0.377744,0.382060,1.000000,0.762608,0,0.00,candidate,1784298907,1784284200
cand-eea574b5-4018,BTC,long,-0.187786,-0.799511,0.209993,0.686168,0.079368,0.213333,1.107794,0.001586,0.880971,-0.000032,0.000750,-0.684490,-0.004267,-0.333333,0.321847,0.000000,0.000000,1.000000,0.000000,0.000000,1.000000,0.000000,0.248000,0.024806,0.000000,0.270000,0.000000,0.000000,0.152123,-0.988362,0.000000,0.000000,-0.173771,1.000000,1.000000,0.791624,0.935305,0.971009,1.000000,0.053202,0.000000,1.000000,0.571188,-0.376835,0.039000,0.000000,0.000000,0.566000,0.000000,0.000000,0.000000,0.000000,0.147983,0.000000,0.039682,-0.287926,1.000000,0.762654,0,0.00,candidate,1784298907,1784287200
cand-f3f795e4-4110,ETH,long,-0.231235,-2.790819,-2.843289,-1.202386,0.119191,0.290000,0.335061,0.005513,0.803850,0.000000,-0.551670,3.080082,0.017841,-0.333333,0.430619,0.000000,0.000000,1.000000,0.000000,0.000000,0.902875,0.026588,0.080000,0.019503,0.000000,0.270000,0.010880,0.000000,-0.321439,-0.946930,0.000000,0.551522,-0.467289,1.141190,0.000000,0.194381,0.478288,0.885606,1.000000,-0.224620,-0.098266,1.000000,0.342013,-0.416070,0.013000,0.000000,0.000000,0.000000,0.006000,0.000000,0.000000,0.000000,0.072900,0.000000,0.649673,-0.060714,1.000000,1.000000,0,0.00,candidate,1784301587,1784293800
cand-018fd45f-4162,ETH,long,-0.123823,0.091339,-0.170597,-1.175971,0.136898,0.380000,1.048203,0.005473,0.832503,0.058224,0.362280,-0.798641,0.061063,-0.333333,0.431176,0.000000,0.000000,1.000000,0.000000,0.000000,-1.000000,0.000000,0.092000,0.022144,0.000000,0.270000,0.000000,0.000000,0.838671,-0.544639,0.000000,0.000000,-0.137915,1.807482,0.000000,0.277728,0.561970,0.768316,1.000000,-0.003343,0.000000,1.000000,0.974661,-0.341971,0.006000,0.000000,0.000000,0.339000,0.000000,0.000000,0.000000,0.000000,0.045661,0.000000,0.074873,-0.219178,1.000000,0.867820,0,0.00,candidate,1784304612,1784275500
3eab8875-7386-4ec6-9dd3-b6ffd51870b5,BTC,long,0.522273,0.626687,0.633223,0.818313,0.083096,0.240000,0.551522,0.001584,0.876053,-0.011519,-0.012858,-0.231248,0.000683,-0.333333,0.321144,0.000000,0.000000,1.000000,0.000000,0.000000,0.000000,0.000000,0.244000,0.024015,0.000000,0.270000,0.000000,0.000000,0.309017,-0.951057,0.000000,-0.586265,-0.001088,0.774569,1.000000,0.983333,0.995091,0.940405,1.000000,0.079641,0.000000,1.000000,0.648480,-0.321791,0.020000,0.000000,0.000000,0.665000,0.000000,0.000000,0.000000,0.000000,0.274649,0.000000,0.012462,0.578059,1.000000,0.867584,1,0.08,live,1784307544,1784285336
f6e9e1cb-2580-4974-98f9-0c1ed4e6c870,ETH,short,5.354376,2.753801,2.857284,0.994275,0.118409,0.280000,0.216461,0.121578,0.730648,0.000000,-0.203618,5.000000,-0.016965,0.333333,0.430619,0.000000,0.000000,1.000000,0.000000,0.000000,0.917434,0.034430,0.080000,-0.019503,0.000000,0.270000,0.010880,0.000000,-0.309017,-0.951057,0.000000,-0.000000,0.441385,0.417605,0.000000,0.085274,0.952234,0.000000,0.000000,-0.230069,-0.095783,1.000000,0.348005,0.334227,0.003000,0.000000,0.000000,0.831000,0.000000,0.000000,0.000000,0.000000,0.369332,-0.000000,-0.033507,0.812676,-1.000000,1.000000,0,-0.44,live,1784308181,1784293995
78db91f8-d3a2-4564-b8ea-7f2e41e4d47c,BTC,short,2.062486,1.565759,1.643999,-0.290688,0.079634,0.216667,0.219636,0.001593,0.878234,-0.351446,-1.032450,1.816864,0.010210,0.333333,0.321446,0.000000,0.000000,1.000000,0.000000,0.000000,0.986878,0.003374,0.080000,-0.018920,0.000000,0.270000,0.000000,0.000000,-0.288196,-0.957571,0.000000,-0.796107,0.402815,1.168031,0.000000,0.267119,0.929166,0.908228,1.000000,0.024772,0.000000,1.000000,0.359346,0.155902,0.016000,0.000000,0.000000,0.616000,0.000000,0.000000,0.000000,0.000000,0.432430,-0.000000,0.000090,0.895419,-1.000000,0.894658,0,-0.65,live,1784308191,1784293680
cand-fd8c85f9-4281,ETH,short,-0.212781,0.924980,1.449530,1.177771,0.139957,0.403333,0.311378,0.005512,0.834895,0.024270,0.195320,-0.367734,-0.033318,0.333333,0.435351,0.000000,0.000000,1.000000,0.000000,0.000000,1.000000,0.000000,0.456000,-0.018937,0.000000,0.270000,0.000000,0.000000,-0.771625,-0.636078,0.000000,-0.000000,0.314327,1.653395,0.000000,0.280601,0.793958,0.000000,0.000000,-0.160911,0.000000,1.000000,0.078489,0.512322,0.005000,0.000000,0.000000,0.000000,0.000000,0.000000,0.000000,0.000000,0.410806,-0.000000,0.090447,-0.177994,-1.000000,0.760581,0,0.00,candidate,1784308211,1784301300
cand-5b1ee6da-4315,ETH,short,5.354376,2.753801,2.857284,0.994275,0.118409,0.280000,0.216461,0.121578,0.730648,0.000000,-0.203618,5.000000,-0.016965,0.333333,0.430619,0.000000,0.000000,1.000000,0.000000,0.000000,0.917434,0.034430,0.080000,-0.019503,0.000000,0.270000,0.010880,0.000000,-0.309017,-0.951057,0.000000,-0.000000,0.441385,0.417605,0.000000,0.085274,0.952234,0.000000,0.000000,-0.230069,-0.095783,1.000000,0.348005,0.334227,0.003000,0.000000,0.000000,0.831000,0.000000,0.000000,0.000000,0.000000,0.369332,-0.000000,-0.033507,0.812676,-1.000000,1.000000,0,0.00,candidate,1784309558,1784293500
cand-5b1ee6da-4318,ETH,short,-1.135295,-0.101163,1.647819,1.183980,0.126689,0.326667,0.358134,0.005509,0.802643,0.000000,-0.087763,0.349050,-0.027426,0.333333,0.434747,0.000000,0.000000,1.000000,0.000000,0.000000,1.000000,-0.000000,0.224000,-0.018556,0.000000,0.270000,0.000000,0.000000,-0.480989,-0.876727,0.000000,-0.000000,0.046170,2.433602,0.000000,0.340926,0.749994,0.000000,0.000000,-0.134155,-0.069746,1.000000,0.258801,0.352447,0.006000,0.000000,0.000000,0.000000,0.000000,0.000000,0.000000,0.000000,0.284078,-0.000000,0.055158,-0.399694,-1.000000,1.000000,0,0.00,candidate,1784309559,1784296200
cand-5b1ee6da-4323,ETH,short,0.843666,0.160781,0.659243,0.901261,0.136745,0.376667,0.541114,0.005507,0.781757,0.748863,0.920434,-0.288376,-0.030413,0.333333,0.435556,0.000000,0.000000,1.000000,0.000000,0.000000,0.000000,0.000000,0.472000,-0.019694,0.000000,0.270000,0.000000,0.000000,-0.731354,-0.681998,0.000000,-0.000000,0.095353,1.012704,0.000000,0.422528,0.690710,0.000000,0.000000,-0.098075,0.000000,1.000000,0.107760,0.399099,0.001000,0.000000,0.000000,0.000000,0.000000,0.000000,0.000000,0.000000,0.146635,0.704698,-0.304138,0.410156,-1.000000,0.734714,0,0.00,candidate,1784309559,1784300400
cand-5b1ee6da-4326,ETH,long,-0.685328,1.532134,0.190371,-0.978841,0.144812,0.426667,1.207522,0.005489,0.856200,0.014230,0.046805,-0.615201,0.035179,-0.333333,0.432728,0.000000,0.000000,1.000000,0.000000,0.000000,1.000000,0.000000,0.368000,0.016397,0.000000,0.270000,0.000000,0.000000,-0.831470,-0.555570,0.000000,0.000000,0.462888,2.971584,0.000000,0.514393,0.645252,0.731653,1.000000,-0.057612,0.000000,1.000000,0.029847,0.000000,0.005000,0.000000,0.000000,0.180000,0.000000,0.000000,0.000000,0.000000,0.815727,0.000000,0.098299,-0.434783,1.000000,0.734889,1,0.00,candidate,1784309559,1784302800
cand-ad98f7b9-4433,ETH,long,0.830840,0.559062,0.720287,0.693931,0.126465,0.330000,0.537153,0.010889,0.805647,0.198049,0.246486,0.428326,0.046919,-0.333333,0.428245,0.000000,0.000000,1.000000,0.000000,0.000000,0.000000,0.000000,0.228000,0.031097,0.000000,0.270000,0.000000,0.000000,0.426569,-0.904455,0.000000,0.000000,0.054718,1.337635,1.000000,0.937766,0.978779,0.935430,1.000000,0.101696,0.000000,1.000000,0.708750,-0.394552,0.005000,0.000000,0.000000,0.140000,0.000000,0.000000,0.000000,0.000000,0.058361,0.699275,0.333319,0.420479,1.000000,1.000000,0,0.00,candidate,1784317057,1784283000
cand-ad98f7b9-4434,ETH,long,-0.269956,0.942789,1.028281,0.523124,0.122974,0.316667,0.450288,0.005446,0.872547,0.365011,0.456270,0.386388,0.046825,-0.333333,0.428245,0.000000,0.000000,1.000000,0.000000,0.000000,1.000000,0.000000,0.228000,0.031097,0.000000,0.270000,0.000000,0.000000,0.422618,-0.906308,0.000000,-0.086865,0.194934,3.000000,1.000000,0.879132,0.957544,0.861200,1.000000,0.095089,0.000000,1.000000,0.707643,-0.557866,0.023000,0.000000,0.000000,0.000000,0.000000,0.000000,0.000000,0.000000,0.396722,0.000000,-0.482142,-0.251012,1.000000,1.000000,0,0.00,candidate,1784317057,1784283300
cand-ad98f7b9-4439,ETH,long,-0.028040,-0.082031,0.900140,0.222803,0.116492,0.263333,1.044810,0.005445,0.802008,0.000000,-0.017213,-1.111477,0.041924,-0.333333,0.428245,0.000000,0.000000,1.000000,0.000000,0.000000,0.884318,-0.034243,0.228000,0.024051,0.000000,0.270000,0.000000,0.000000,0.350207,-0.936672,0.000000,-0.004405,0.032190,1.044440,1.000000,0.860021,0.950821,0.854458,1.000000,0.091080,0.000000,1.000000,0.670586,-0.345606,0.025000,0.000000,0.000000,0.000000,0.000000,0.000000,0.000000,0.000000,0.057469,0.000000,0.495983,-0.035211,1.000000,0.867405,0,0.00,candidate,1784317057,1784284200
cand-ad98f7b9-4440,BTC,long,0.913649,0.568932,0.854061,0.581273,0.083263,0.243333,1.246485,0.001585,0.878373,0.000000,-0.119345,0.072334,0.002059,-0.333333,0.322013,0.000000,0.000000,1.000000,0.000000,0.000000,0.974565,0.017567,0.228000,0.024051,0.000000,0.270000,0.009745,0.000000,0.342020,-0.939693,0.000000,0.616434,0.124115,1.103840,1.000000,0.971849,0.992026,0.925910,1.000000,0.070994,0.000000,1.000000,0.666103,-0.267203,0.041000,0.000000,0.000000,0.613000,0.000000,0.000000,0.000000,0.000000,0.141872,0.000000,-0.057263,0.759113,1.000000,0.867405,1,0.00,candidate,1784317057,1784284500
cand-ad98f7b9-4441,BTC,long,0.522273,0.626687,0.633223,0.818313,0.083096,0.240000,1.137787,0.001584,0.885596,-0.000371,0.000385,-0.231248,0.000683,-0.333333,0.321144,0.000000,0.000000,1.000000,0.000000,0.000000,0.000000,0.000000,0.244000,0.024015,0.000000,0.270000,0.000000,0.000000,0.309017,-0.951057,0.000000,0.000000,-0.001088,0.807957,1.000000,0.983333,0.995091,0.940405,1.000000,0.079641,0.000000,1.000000,0.649568,-0.271926,0.008000,0.000000,0.000000,0.653000,0.000000,0.000000,0.000000,0.000000,0.142008,0.000000,0.012462,0.578059,1.000000,0.867584,1,0.00,candidate,1784317057,1784284800
cand-ad98f7b9-4442,BTC,long,0.250301,1.058239,1.057527,0.841203,0.082236,0.240000,1.229972,0.001584,0.857835,0.000000,-0.005848,-0.709009,-0.000019,-0.333333,0.321144,0.000000,0.000000,1.000000,0.000000,0.000000,0.567508,0.142922,0.244000,0.024015,0.000000,0.270000,0.000000,0.000000,0.275637,-0.961262,0.000000,0.439491,0.068601,0.727685,1.000000,1.000000,1.000000,0.948018,1.000000,0.084182,0.004545,1.000000,0.633146,-0.318391,0.046000,0.000000,0.000000,0.602000,0.000000,0.000000,0.000000,0.000000,0.470702,0.000000,0.357795,0.401840,1.000000,0.867584,1,0.00,candidate,1784317057,1784285400
cand-ad98f7b9-4445,BTC,long,0.273639,0.179081,0.230638,0.694461,0.078757,0.213333,0.954341,0.001585,0.968272,-0.496320,-0.577414,0.058735,-0.004118,-0.333333,0.321774,0.000000,0.000000,1.000000,0.000000,0.000000,1.000000,0.000000,0.140000,0.020712,0.000000,0.270000,0.000000,0.000000,0.108867,-0.994056,0.000000,0.000000,0.096965,2.257140,1.000000,0.873340,0.960705,0.921516,1.000000,0.068373,0.003163,1.000000,0.551361,-0.550891,0.028000,0.000000,0.000000,0.134000,0.000000,0.000000,0.000000,0.000000,0.264612,0.000000,0.336471,0.266667,1.000000,0.894893,1,0.00,candidate,1784317057,1784287800
cand-ad98f7b9-4450,ETH,long,-0.515729,0.539947,0.330672,0.778837,0.110720,0.246667,0.990419,0.027197,0.764826,-0.072877,-0.261735,-0.754457,0.020885,-0.333333,0.427638,0.000000,0.000000,1.000000,0.000000,0.000000,0.693639,0.116002,0.104000,0.019580,0.000000,0.270000,0.000000,0.000000,-0.004363,-0.999990,0.000000,-0.034496,0.260993,0.584871,1.000000,0.820154,0.927832,0.881775,1.000000,0.149852,0.014153,1.000000,0.497337,-0.334417,0.007000,0.000000,0.000000,0.365000,0.000000,0.000000,0.000000,0.000000,0.003578,0.000000,-0.054841,-0.640244,1.000000,0.762363,0,0.00,candidate,1784317057,1784289300
cand-ad98f7b9-4452,ETH,long,-0.786080,0.022073,0.268306,0.551691,0.110770,0.246667,1.062784,0.005449,0.832272,0.000000,0.043090,-0.327680,0.017861,-0.333333,0.428808,0.000000,0.000000,1.000000,0.000000,0.000000,0.000000,0.000000,0.092000,0.019580,0.000000,0.270000,0.000000,0.000000,-0.039260,-0.999229,0.000000,0.000000,0.216836,1.421338,1.000000,0.747854,0.898732,0.852635,1.000000,0.024800,0.001416,1.000000,0.480130,0.016347,0.013000,0.000000,0.000000,0.000000,0.000000,0.000000,0.000000,0.000000,0.393384,0.000000,-0.129468,-0.544521,1.000000,0.762363,0,0.00,candidate,1784317057,1784289600
cand-ad98f7b9-4453,ETH,long,-0.453302,-1.157113,0.213495,0.509615,0.110527,0.243333,0.058096,0.005449,0.818701,0.030463,0.085332,0.269520,0.017861,-0.333333,0.428808,0.000000,0.000000,1.000000,0.000000,0.000000,1.000000,0.000000,0.092000,0.019580,0.000000,0.270000,0.000000,0.000000,-0.043619,-0.999048,0.000000,-1.004689,-0.029884,1.110419,1.000000,0.706281,0.881976,0.967770,1.000000,0.016553,0.000000,1.000000,0.479026,-0.318680,0.009000,0.000000,0.000000,0.000000,0.000000,0.000000,0.000000,0.000000,0.062442,0.000000,0.045583,-0.557576,1.000000,0.894810,0,0.00,candidate,1784317057,1784289900
cand-ad98f7b9-4469,BTC,short,-0.951918,1.218143,1.454300,0.256788,0.105344,0.446667,0.290744,0.001588,0.835020,0.000000,0.026756,-0.624380,-0.044336,0.333333,0.322735,0.000000,0.000000,1.000000,0.000000,0.000000,1.000000,0.000000,0.456000,-0.018937,0.000000,0.270000,0.000000,0.000000,-0.768842,-0.639439,0.000000,-0.000000,0.317106,0.659476,0.000000,0.451721,0.763699,0.000000,0.000000,0.056775,0.000000,1.000000,0.080678,0.025253,0.009000,0.000000,0.000000,0.580000,0.000000,0.000000,0.000000,0.000000,0.023982,-0.000000,0.096328,-0.553995,-1.000000,0.734889,0,0.00,candidate,1784317057,1784301300
cand-ad98f7b9-4447,BTC,long,0.307197,1.728161,0.681765,1.045907,0.080787,0.226667,-0.010494,0.001581,0.856806,-0.419159,-0.504208,0.326471,-0.006245,-0.333333,0.319967,0.000000,0.000000,1.000000,0.000000,0.000000,-1.000000,0.000000,0.132000,0.019660,0.000000,0.270000,0.000000,0.000000,0.061049,-0.998135,0.000000,0.000000,0.396792,0.356289,1.000000,0.970141,0.989147,0.963094,1.000000,0.119649,0.056168,1.000000,0.529047,-0.162471,0.023000,0.000000,0.000000,0.867000,0.000000,0.000000,0.000000,0.000000,0.322068,0.000000,0.325183,0.429752,1.000000,0.894893,1,0.00,candidate,1784317534,1784288400
cand-ad98f7b9-4449,BTC,long,-1.097700,1.307896,0.665472,1.334427,0.081467,0.230000,1.080926,0.001581,0.846707,0.000000,0.140379,-0.535434,-0.007569,-0.333333,0.319924,0.000000,0.000000,1.000000,0.000000,0.000000,0.694400,0.116758,0.104000,0.019580,0.000000,0.270000,0.000000,0.000000,0.000000,-1.000000,0.000000,0.000000,0.146437,0.522418,1.000000,0.908879,0.964909,0.000000,0.000000,0.123532,0.037125,1.000000,0.498433,-0.349752,0.026000,0.000000,0.000000,0.986000,0.000000,0.000000,0.000000,0.000000,0.517267,0.000000,-0.010974,-0.777778,1.000000,0.762363,1,0.00,candidate,1784318421,1784289300
cand-3fd84b05-4487,BTC,long,-0.277732,1.087563,0.891547,1.224067,0.081396,0.230000,0.395440,0.001581,0.856279,0.000000,-0.025985,-0.361490,-0.009170,-0.333333,0.320018,0.000000,0.000000,1.000000,0.000000,0.000000,0.000000,0.000000,0.092000,0.019580,0.000000,0.270000,0.000000,0.000000,-0.039260,-0.999229,0.000000,0.000000,0.005989,0.964059,1.000000,0.889315,0.957365,0.000000,0.000000,0.122626,0.052612,1.000000,0.481248,-0.166023,0.097000,0.000000,0.000000,0.829000,0.000000,0.000000,0.000000,0.000000,0.594911,0.000000,-0.608114,-0.220183,1.000000,0.762363,1,0.00,candidate,1784318947,1784289600
cand-dd3ab5be-4523,BTC,long,-0.308263,-0.401329,0.934023,1.021059,0.081065,0.226667,0.592087,0.001581,0.890261,-0.136896,-0.346253,0.137576,-0.010326,-0.333333,0.320018,0.000000,0.000000,1.000000,0.000000,0.000000,0.936957,-0.008618,0.092000,0.019580,0.000000,0.270000,-0.009904,0.000000,-0.074108,-0.997250,0.000000,0.196647,-0.302486,1.296803,1.000000,0.846764,0.940946,0.000000,0.000000,0.102133,0.033503,1.000000,0.463486,-0.316471,0.037000,0.000000,0.000000,0.895000,0.000000,0.000000,0.000000,0.000000,0.073975,0.000000,0.207942,-0.341991,1.000000,0.762363,1,0.00,candidate,1784321406,1784290200
cand-dd3ab5be-4526,BTC,long,0.782334,-0.817747,0.855929,1.146834,0.081510,0.230000,1.041291,0.001584,0.870037,0.086897,0.372589,1.241885,-0.011008,-0.333333,0.320018,0.000000,0.000000,1.000000,0.000000,0.000000,0.987996,0.008404,0.092000,0.019544,0.000000,0.270000,0.005897,0.000000,-0.117537,-0.993068,0.000000,1.614026,-0.197002,0.895515,1.000000,0.844986,0.940259,0.000000,0.000000,0.101724,0.033091,1.000000,0.443219,-0.067550,0.070000,0.000000,0.000000,0.000000,0.000000,0.000000,0.000000,0.000000,0.703977,0.000000,0.073703,0.549795,1.000000,0.894658,1,0.00,candidate,1784321406,1784290800
cand-dd3ab5be-4532,BTC,long,2.665750,5.074920,2.369383,0.657060,0.098278,0.393333,1.179003,0.001579,0.823455,-0.850145,-1.114380,1.041671,0.019248,-0.333333,0.319983,0.000000,0.000000,1.000000,0.000000,0.000000,0.997778,-0.000094,0.188000,0.019909,0.000000,0.270000,0.000000,0.000000,-0.537300,-0.843391,0.000000,0.000000,1.333893,0.781416,1.000000,0.934852,0.969894,0.000000,0.000000,0.149456,0.074638,1.000000,0.228112,-0.607440,0.019000,0.000000,0.000000,0.433000,0.000000,0.000000,0.000000,0.000000,0.197314,0.000000,-0.060086,0.717316,1.000000,0.867293,1,0.00,candidate,1784321406,1784297100
cand-e6525cf2-2139,BTC,long,0.199879,-0.679337,-0.148154,0.881851,0.130577,0.603333,0.935776,0.001563,0.906374,-0.095635,-0.258443,-0.453416,0.012243,-0.333333,0.293676,0.000000,0.000000,1.000000,0.000000,0.000000,0.838820,-0.046997,0.052000,0.017574,0.000000,0.270000,-0.010035,0.000000,-0.819152,0.573576,0.000000,0.648513,-0.299290,1.775620,0.000000,0.660274,0.809930,0.954423,0.000000,-0.005704,0.000000,1.000000,0.457391,-0.460124,0.026000,0.000000,0.000000,0.854000,0.010000,0.000000,0.000000,0.000000,0.303056,0.000000,0.321501,0.432990,1.000000,0.739120,0,0.00,candidate,1784348421,1784319300
cand-e6525cf2-2140,ETH,long,0.454704,-0.450050,0.326434,0.459976,0.165036,0.513333,1.163070,0.005436,0.811088,0.000000,0.039761,-0.729941,-0.037724,-0.333333,0.393771,0.000000,0.000000,1.000000,0.000000,0.000000,0.880813,-0.004897,0.052000,0.013149,0.000000,0.270000,-0.028626,0.000000,-0.801254,0.598325,0.000000,1.467600,-0.207227,1.329914,0.000000,0.378882,0.710090,0.000000,0.000000,0.248655,0.019261,0.138792,0.443489,-0.078822,0.036000,0.000000,0.000000,0.797000,0.004000,0.000000,0.000000,0.000000,0.583210,0.000000,0.075148,0.661836,1.000000,0.738861,0,0.00,candidate,1784348731,1784319600
cand-e6525cf2-2141,BTC,long,0.286977,-0.647480,0.113572,1.210891,0.130660,0.603333,0.439856,0.001562,0.893857,0.000000,-0.004699,-0.838976,0.012792,-0.333333,0.293676,0.000000,0.000000,1.000000,0.000000,0.000000,0.880783,-0.004925,0.052000,0.013149,0.000000,0.270000,-0.028626,0.000000,-0.796002,0.605294,0.000000,-0.193467,-0.181934,1.418867,0.000000,0.671864,0.822498,0.966936,0.000000,0.001796,0.000000,1.000000,0.438280,-0.326249,0.036000,0.000000,0.000000,0.896000,0.010000,0.000000,0.000000,0.000000,0.461555,0.000000,0.049977,0.510638,1.000000,0.738861,0,0.00,candidate,1784348731,1784319600
cand-e6525cf2-2142,BTC,long,-0.107746,-0.591353,-0.175160,0.976874,0.130488,0.600000,1.052768,0.001563,0.861661,0.000000,-0.029961,-0.640602,0.012663,-0.333333,0.293676,0.000000,0.000000,1.000000,0.000000,0.000000,0.854696,-0.030815,0.052000,0.013149,0.000000,0.270000,0.017743,0.000000,-0.782608,0.622515,0.000000,0.612912,-0.165112,0.797115,0.000000,0.657699,0.817786,0.962245,0.000000,-0.001015,0.000000,1.000000,0.427797,-0.112442,0.022000,0.000000,0.000000,0.815000,0.013000,0.000000,0.000000,0.000000,0.314552,0.000000,-0.504968,-0.289389,1.000000,0.738916,0,0.00,candidate,1784349011,1784319900
cand-e6525cf2-2143,ETH,long,-0.039894,0.327318,0.545011,-0.086814,0.163135,0.503333,0.204594,0.005425,0.881085,0.000000,0.006774,-0.270012,-0.040348,-0.333333,0.391283,0.000000,0.000000,1.000000,0.000000,0.000000,0.899643,-0.000397,0.072000,0.013116,0.000000,0.270000,0.008163,0.000000,-0.659346,0.751840,0.000000,0.000000,0.074710,3.000000,1.000000,0.668008,0.910510,0.000000,0.000000,0.292897,0.039984,0.172156,0.343397,-0.582795,0.039000,0.000000,0.000000,0.000000,0.000000,0.000000,0.000000,-1.000000,0.455651,0.000000,0.179321,-0.057522,1.000000,0.752420,0,0.00,candidate,1784351707,1784322600
cand-e6525cf2-2144,BTC,long,0.272931,0.156701,0.463277,0.307077,0.127961,0.583333,0.757495,0.001560,0.870169,0.000000,0.052794,-0.921925,0.017315,-0.333333,0.292327,0.000000,0.000000,1.000000,0.000000,0.000000,0.952968,0.042351,0.072000,0.013116,0.000000,0.270000,-0.010887,0.000000,-0.625923,0.779884,0.000000,0.000000,0.005963,1.137878,1.000000,0.583731,0.891244,0.000000,0.000000,0.042822,0.000000,1.000000,0.321521,-0.202080,0.031000,0.000000,0.000000,0.000000,0.000000,0.000000,0.000000,-1.000000,0.162871,0.982456,0.156422,0.384880,1.000000,0.752420,0,0.00,candidate,1784352319,1784323200
cand-e6525cf2-2145,ETH,long,0.414347,0.015764,0.503291,-0.002027,0.154437,0.456667,0.770940,0.005421,0.809910,0.000000,-0.230216,-0.944616,-0.041888,-0.333333,0.391283,0.000000,0.000000,1.000000,0.000000,0.000000,0.953187,0.042572,0.072000,0.019489,0.000000,0.270000,0.002515,0.000000,-0.619094,0.785317,0.000000,-0.161824,0.049116,1.141667,1.000000,0.723675,0.925549,0.000000,0.000000,-0.011324,0.000000,0.180933,0.317066,-0.184265,0.034000,0.000000,0.000000,0.000000,0.027000,0.000000,0.000000,-1.000000,0.017145,1.000000,-0.086198,0.543779,1.000000,0.752420,0,0.00,candidate,1784352319,1784323200
cand-e6525cf2-2146,BTC,short,0.079599,0.337298,-0.353450,-0.095670,0.127453,0.580000,0.566278,0.001561,0.890126,0.000000,-0.005790,-0.749574,-0.016413,0.333333,0.292327,0.000000,0.000000,1.000000,0.000000,0.000000,0.824793,-0.054301,0.072000,-0.019999,0.000000,0.270000,-0.001875,0.000000,-0.559193,0.829038,0.000000,1.387845,0.125356,1.494182,-1.000000,0.419451,0.890271,0.775131,0.000000,0.017092,0.000000,1.000000,0.282402,0.398150,0.010000,0.000000,0.000000,0.523000,0.000000,0.000000,0.000000,-1.000000,0.611938,-0.000000,0.080374,0.215017,-1.000000,0.738833,0,0.00,candidate,1784353227,1784324100
cand-e6525cf2-2147,ETH,short,0.144123,0.380750,0.018723,0.125785,0.150723,0.433333,0.977410,0.005433,0.813601,0.000000,-0.123153,-0.959581,0.045047,0.333333,0.391283,0.000000,0.000000,1.000000,0.000000,0.000000,0.712965,-0.150469,0.072000,-0.019999,0.000000,0.270000,-0.013134,0.000000,-0.551937,0.833886,0.000000,1.748350,0.099210,0.994616,-1.000000,0.494299,0.866572,0.000000,0.000000,-0.048494,0.000000,0.194224,0.277194,-0.103245,0.023000,0.000000,0.000000,0.797000,0.003000,0.000000,0.000000,-1.000000,0.141589,-0.000000,-0.291440,0.222826,-1.000000,0.738833,0,0.00,candidate,1784353507,1784324400
cand-e6525cf2-2148,ETH,short,0.513781,0.367800,0.641969,-0.113100,0.133354,0.360000,0.449166,0.005439,0.886099,0.000000,0.005632,-0.690994,0.042735,0.333333,0.393398,0.000000,0.000000,1.000000,0.000000,0.000000,1.000000,0.000000,0.136000,-0.013987,0.000000,0.270000,0.000000,0.000000,-0.366501,0.930418,0.000000,-0.000000,0.218408,2.805541,0.000000,0.280946,0.926747,0.000000,0.000000,-0.072566,0.000000,0.226988,0.178902,0.309922,0.055000,0.000000,0.000000,0.492000,0.000000,0.000000,0.000000,-1.000000,0.616779,1.000000,-0.042438,0.583333,-1.000000,0.752339,0,0.00,candidate,1784356214,1784327100
cand-e6525cf2-2149,BTC,short,0.729636,0.817559,0.733783,-0.024841,0.109062,0.453333,0.369116,0.001565,0.856826,0.000000,-0.063996,-0.415200,-0.022512,0.333333,0.294549,0.000000,0.000000,1.000000,0.000000,0.000000,1.000000,0.000000,0.136000,-0.013987,0.000000,0.270000,0.000000,0.000000,-0.366501,0.930418,0.000000,-0.000000,0.120142,0.786677,0.000000,0.053189,0.987697,0.841515,0.000000,-0.020642,0.000000,1.000000,0.177813,0.204298,0.041000,0.000000,0.000000,0.981000,0.000000,0.000000,0.000000,-1.000000,0.060714,-0.000000,0.022572,0.797488,-1.000000,0.752339,0,0.00,candidate,1784356214,1784327100
cand-e6525cf2-2150,ETH,short,0.053397,0.251436,0.297424,-0.021346,0.132435,0.356667,0.051559,0.005442,0.788590,-0.367872,-0.515218,-0.651570,0.042407,0.333333,0.393398,0.000000,0.000000,1.000000,0.000000,0.000000,0.971100,-0.014898,0.136000,-0.013987,0.000000,0.270000,0.000000,0.000000,-0.362438,0.932008,0.000000,-0.463230,0.198368,0.649828,0.000000,0.271905,0.929100,0.000000,0.000000,-0.073985,0.000000,0.227709,0.176738,0.092505,0.021000,0.000000,0.000000,0.289000,0.000000,0.000000,0.000000,-1.000000,0.274117,-0.000000,0.785247,0.105691,-1.000000,0.751801,0,0.00,candidate,1784356531,1784327400
cand-e6525cf2-2151,BTC,short,0.071201,0.742014,0.684148,0.264854,0.107688,0.450000,0.304754,0.001565,0.858619,0.299631,0.409010,-0.203614,-0.023361,0.333333,0.294549,0.000000,0.000000,1.000000,0.000000,0.000000,0.957521,-0.031893,0.136000,-0.013987,0.000000,0.270000,-0.013657,0.000000,-0.329691,0.944089,0.000000,-0.064362,0.106063,0.526629,0.000000,0.033135,0.991863,0.859737,0.000000,-0.031639,0.000000,1.000000,0.160377,0.182239,0.035000,0.000000,0.000000,0.712000,0.000000,0.000000,0.000000,-1.000000,0.006515,-0.000000,-0.579084,0.239024,-1.000000,0.751801,0,0.00,candidate,1784356810,1784327700
cand-e6525cf2-2152,ETH,short,0.289819,0.329489,0.481228,0.096787,0.131415,0.353333,0.774554,0.005442,0.795959,0.000000,-0.015706,-0.407322,0.041902,0.333333,0.393398,0.000000,0.000000,1.000000,0.000000,0.000000,0.957521,-0.031893,0.136000,-0.013987,0.000000,0.270000,-0.013657,0.000000,-0.329691,0.944089,0.000000,0.314077,0.195728,0.787127,0.000000,0.223227,0.941771,0.000000,0.000000,-0.081632,0.000000,0.233163,0.160377,0.084343,0.037000,0.000000,0.000000,0.126000,0.000000,0.000000,0.000000,-1.000000,0.047017,-0.000000,-0.172436,0.584746,-1.000000,0.751801,0,0.00,candidate,1784356810,1784327700
cand-e6525cf2-2153,ETH,short,0.129751,0.653818,0.475583,0.295653,0.130031,0.343333,0.309736,0.005444,0.814294,0.000000,-0.093286,-0.773950,0.041778,0.333333,0.393398,0.000000,0.000000,1.000000,0.000000,0.000000,0.909775,-0.075337,0.136000,-0.014056,0.000000,0.270000,-0.013657,0.000000,-0.321439,0.946930,0.000000,0.035836,0.205207,1.055718,0.000000,0.201669,0.947385,0.000000,0.000000,-0.085021,0.000000,0.234702,0.155760,0.149683,0.045000,0.000000,0.000000,0.060000,0.000000,0.000000,0.000000,-1.000000,0.331763,-0.000000,0.373806,0.322917,-1.000000,0.869634,0,0.00,candidate,1784357122,1784328000
cand-e6525cf2-2154,BTC,short,-0.219998,0.785274,0.660869,0.418457,0.106683,0.450000,0.063464,0.001565,0.871005,0.000000,-0.061123,-0.668942,-0.023670,0.333333,0.294549,0.000000,0.000000,1.000000,0.000000,0.000000,0.909775,-0.075337,0.136000,-0.014056,0.000000,0.270000,-0.013657,0.000000,-0.321439,0.946930,0.000000,-0.114843,0.208247,0.634152,0.000000,0.064996,0.984042,0.851947,0.000000,-0.026938,0.000000,1.000000,0.155760,0.248364,0.084000,0.000000,0.000000,0.850000,0.000000,0.000000,0.000000,-1.000000,0.077146,-1.000000,0.164440,-0.594488,-1.000000,0.869634,0,0.00,candidate,1784357122,1784328000
cand-e6525cf2-2155,BTC,short,-0.405318,0.250209,0.616157,0.748626,0.104581,0.440000,0.421159,0.001564,0.827715,0.000000,-0.129772,-0.765150,-0.026236,0.333333,0.294549,0.000000,0.000000,1.000000,0.000000,0.000000,0.933324,-0.057532,0.136000,-0.014056,0.000000,0.270000,0.011818,0.000000,-0.284015,0.958820,0.000000,0.357695,0.077231,0.464023,0.000000,0.124892,0.969922,0.837883,0.000000,-0.018451,0.000000,1.000000,0.137148,0.216970,0.029000,0.000000,0.000000,0.509000,0.000000,0.000000,0.000000,-1.000000,0.197501,-0.000000,-0.003460,-0.941176,-1.000000,0.869582,0,0.00,candidate,1784357408,1784328300
cand-e6525cf2-2156,ETH,short,-0.323509,0.174824,0.300104,0.595909,0.124431,0.323333,0.509491,0.005439,0.887920,0.000000,0.045218,-0.330049,0.038873,0.333333,0.393398,0.000000,0.000000,1.000000,0.000000,0.000000,0.902619,-0.087296,0.136000,-0.014056,0.000000,0.270000,0.011818,0.000000,-0.279829,0.960050,0.000000,0.218983,0.050333,3.000000,0.000000,0.300417,0.921683,0.000000,0.000000,-0.069509,0.000000,0.241989,0.133900,0.280051,0.032000,0.000000,0.000000,0.431000,0.000000,0.000000,0.000000,-1.000000,0.650563,-0.000000,0.185503,-0.561538,-1.000000,0.869519,0,0.00,candidate,1784357719,1784328600
cand-e6525cf2-2157,ETH,short,0.992605,0.272009,0.383248,0.528909,0.123336,0.320000,0.555261,0.005449,0.795704,-0.170324,-0.424199,0.091596,0.038371,0.333333,0.393398,0.000000,0.000000,1.000000,0.000000,0.000000,0.961176,-0.026200,0.136000,-0.014056,0.000000,0.270000,-0.004620,0.000000,-0.224951,0.974370,0.000000,0.045770,0.008137,0.952872,0.000000,0.209241,0.956445,0.000000,0.000000,-0.090488,0.000000,0.251165,0.106371,0.073561,0.030000,0.000000,0.000000,0.575000,0.010000,0.000000,0.000000,-1.000000,0.152930,1.000000,-0.033058,0.818182,-1.000000,1.000000,0,0.00,candidate,1784358316,1784329200
cand-e6525cf2-2158,BTC,short,0.808070,0.032440,0.582153,0.632726,0.102401,0.420000,0.288537,0.001566,0.847977,0.000000,-0.072927,-0.539554,-0.028294,0.333333,0.294549,0.000000,0.000000,1.000000,0.000000,0.000000,0.961176,-0.026200,0.136000,-0.014056,0.000000,0.270000,-0.004620,0.000000,-0.224951,0.974370,0.000000,-0.132621,0.082177,0.705584,0.000000,0.068738,0.988576,0.859892,0.000000,-0.031733,0.000000,1.000000,0.106371,0.023484,0.062000,0.000000,0.000000,0.911000,0.000000,0.000000,0.000000,-1.000000,0.282716,-0.000000,-0.085492,0.707610,-1.000000,0.869793,0,0.00,candidate,1784358316,1784329200
cand-e6525cf2-2159,ETH,short,0.496631,0.349303,0.496285,0.331166,0.122819,0.313333,0.597699,0.005449,0.764749,0.000000,-0.221699,-0.182048,0.038505,0.333333,0.393398,0.000000,0.000000,1.000000,0.000000,0.000000,0.965353,-0.020480,0.136000,-0.014056,0.000000,0.270000,-0.004620,0.000000,-0.220697,0.975342,0.000000,0.581720,0.036937,0.598941,0.000000,0.111595,0.976756,0.000000,0.000000,-0.102746,0.000000,0.251887,0.104205,0.182500,0.025000,0.000000,0.000000,0.688000,0.005000,0.000000,0.000000,-1.000000,0.015763,-0.000000,-0.077399,0.606557,-1.000000,0.869577,0,0.00,candidate,1784358624,1784329500
cand-e6525cf2-2160,BTC,short,0.120182,0.291780,0.789341,0.382250,0.101605,0.410000,0.584342,0.001565,0.836981,0.238952,0.353128,-0.310190,-0.029461,0.333333,0.294549,0.000000,0.000000,1.000000,0.000000,0.000000,0.931077,-0.056517,0.136000,-0.013987,0.000000,0.270000,-0.006702,0.000000,-0.182236,0.983255,0.000000,0.295805,0.082767,0.680455,0.000000,0.056419,0.989771,0.876055,0.000000,-0.041486,0.000000,1.000000,0.086505,0.180148,0.037000,0.000000,0.000000,0.712000,0.000000,0.000000,0.000000,-1.000000,0.026403,-0.000000,-0.255482,0.220339,-1.000000,0.869577,0,0.00,candidate,1784358905,1784329800
cand-e6525cf2-2161,BTC,short,-0.277660,0.351892,0.432173,0.328028,0.100918,0.403333,0.162768,0.001566,0.854922,0.000000,0.078175,-1.258103,-0.029847,0.333333,0.294549,0.000000,0.000000,1.000000,0.000000,0.000000,0.929765,-0.055318,0.136000,-0.013987,0.000000,0.270000,-0.006702,0.000000,-0.173648,0.984808,0.000000,-0.052400,0.050069,0.891465,0.000000,0.107945,0.980435,0.866750,0.000000,-0.035871,0.000000,1.000000,0.083211,0.187124,0.035000,0.000000,0.000000,0.754000,0.000000,0.000000,0.000000,-1.000000,0.225645,-0.000000,0.043857,-0.615917,-1.000000,0.751635,0,0.00,candidate,1784359204,1784330100
cand-e6525cf2-2162,ETH,long,1.299981,1.225244,0.666375,0.233268,0.118610,0.283333,1.188412,0.005426,0.799865,0.000000,-0.076281,2.173553,-0.032655,-0.333333,0.392817,0.000000,0.000000,1.000000,0.000000,0.000000,0.992404,0.019120,0.148000,0.013344,0.000000,0.270000,-0.008415,0.000000,-0.104528,0.994522,0.000000,1.367969,0.132613,1.079195,1.000000,0.782571,0.954430,0.000000,0.000000,-0.024345,0.000000,0.270049,0.049719,-0.268523,0.014000,0.000000,0.000000,0.000000,0.000000,0.000000,0.000000,-1.000000,0.304227,0.000000,-0.003815,0.763441,1.000000,0.868790,0,0.00,candidate,1784360112,1784331000
cand-e6525cf2-2163,BTC,short,0.527447,-0.514796,-0.251230,0.330499,0.094541,0.353333,0.354652,0.001564,0.867403,0.000000,-0.071299,-0.603692,-0.036237,0.333333,0.294580,0.000000,0.000000,1.000000,0.000000,0.000000,0.977331,0.003517,0.148000,-0.013344,0.000000,0.270000,-0.011738,0.000000,-0.078459,0.996917,0.000000,0.191883,-0.348050,0.990034,0.000000,0.298215,0.946005,0.976520,1.000000,-0.017347,0.000000,1.000000,0.035672,0.094316,0.068000,0.000000,0.000000,0.251000,0.000000,0.000000,0.000000,-1.000000,0.013529,-0.000000,-0.004729,0.866485,-1.000000,0.751757,0,0.00,candidate,1784360424,1784331300
cand-e6525cf2-2164,ETH,long,0.164636,0.363887,0.359462,-0.122940,0.112171,0.250000,0.159248,0.005432,0.811931,0.003691,0.222940,-0.689594,-0.029372,-0.333333,0.392817,0.000000,0.000000,1.000000,0.000000,0.000000,0.950317,-0.025156,0.148000,0.013449,0.000000,0.270000,-0.004708,0.000000,-0.017452,0.999848,0.000000,-1.035450,-0.013610,1.001758,1.000000,0.604832,0.917085,0.000000,0.000000,-0.055472,0.000000,0.283873,0.008247,-0.542904,0.029000,0.000000,0.000000,0.656000,0.032000,0.000000,0.000000,-1.000000,0.460122,0.000000,-0.428556,0.195266,1.000000,0.751757,0,0.00,candidate,1784361305,1784332200
cand-e6525cf2-2165,BTC,short,0.147731,0.620254,0.018349,0.336373,0.091096,0.300000,0.681568,0.001565,0.893045,-0.020519,-0.125307,-0.163646,-0.038587,0.333333,0.294580,0.000000,0.000000,1.000000,0.000000,0.000000,0.748603,-0.222697,0.148000,-0.013449,0.000000,0.250000,-0.014373,0.000000,0.026177,0.999657,1.000000,0.403653,0.206365,1.431077,0.000000,0.135291,0.975482,0.861814,0.000000,-0.025082,0.000000,1.000000,0.987229,0.008686,0.050000,0.000000,0.000000,0.575000,0.000000,0.000000,0.000000,-1.000000,0.035786,-0.000000,0.561407,0.250729,-1.000000,1.000000,0,0.00,candidate,1784361934,1784332800
cand-e6525cf2-2166,ETH,short,0.727201,0.756665,-0.387892,-0.066262,0.111341,0.246667,0.372837,0.005437,0.800689,0.000000,-0.197313,0.051315,0.029525,0.333333,0.392817,0.000000,0.000000,1.000000,0.000000,0.000000,0.749409,-0.221986,0.148000,-0.013449,0.000000,0.250000,-0.014373,0.000000,0.026177,0.999657,1.000000,0.532085,0.138403,0.812978,-1.000000,0.454702,0.904503,0.973725,1.000000,-0.063910,0.000000,0.291237,0.986155,0.125043,0.023000,0.000000,0.000000,0.685000,0.028000,0.000000,0.000000,-1.000000,0.040902,-0.000000,0.076562,0.723301,-1.000000,0.751395,0,0.00,candidate,1784361934,1784332800
cand-e6525cf2-2167,BTC,long,0.817024,0.444303,0.460612,-0.035285,0.088222,0.290000,1.341522,0.001564,0.853518,0.000000,0.145444,1.260439,0.041085,-0.333333,0.294580,0.000000,0.000000,1.000000,0.000000,0.000000,0.923554,-0.046837,0.148000,0.013449,0.000000,0.250000,-0.004669,0.000000,0.091502,0.995805,1.000000,2.000000,0.149814,0.812631,0.000000,0.367012,0.885433,0.000000,0.000000,0.000535,0.000000,1.000000,0.955335,-0.134093,0.019000,0.000000,0.000000,0.368000,0.000000,0.000000,0.000000,-1.000000,0.373871,0.000000,-0.082643,0.710974,1.000000,0.751229,0,0.00,candidate,1784362824,1784333700
cand-e6525cf2-2168,ETH,long,0.648651,0.558141,0.951921,0.385646,0.109581,0.243333,1.198063,0.005430,0.816304,0.000748,0.318608,1.013702,-0.027024,-0.333333,0.392817,0.000000,0.000000,1.000000,0.000000,0.000000,0.924298,-0.046298,0.148000,0.013449,0.000000,0.250000,0.010045,0.000000,0.100188,0.994969,1.000000,1.600605,0.096013,0.995143,1.000000,0.813632,0.960947,0.000000,0.000000,-0.000603,0.000000,0.302603,0.952057,-0.276845,0.031000,0.000000,0.000000,0.132000,0.018000,0.000000,0.000000,-1.000000,0.150266,0.000000,-0.120086,0.653465,1.000000,0.882600,0,0.00,candidate,1784362824,1784333700
cand-e6525cf2-2169,ETH,long,-0.729476,0.192587,0.400138,0.182129,0.109345,0.240000,0.128395,0.005429,0.806711,0.000000,0.050194,-0.090207,-0.026108,-0.333333,0.392817,0.000000,0.000000,1.000000,0.000000,0.000000,0.948610,-0.020925,0.148000,0.013449,0.000000,0.250000,0.010045,0.000000,0.108867,0.994056,1.000000,-1.069667,0.043638,0.867474,1.000000,0.686799,0.934317,0.000000,0.000000,-0.045582,0.000000,0.304403,0.946657,-0.146570,0.030000,0.000000,0.000000,0.330000,0.018000,0.000000,0.000000,-1.000000,0.267335,0.000000,0.150139,-0.608333,1.000000,0.752360,0,0.00,candidate,1784363135,1784334000
cand-e6525cf2-2170,ETH,long,-0.146141,0.187276,0.209581,0.163771,0.107727,0.230000,1.170312,0.005434,0.820251,0.007247,0.255626,-1.201093,-0.025778,-0.333333,0.392105,0.000000,0.000000,1.000000,0.000000,0.000000,0.847971,-0.120876,0.000000,0.013275,0.000000,0.250000,0.005899,0.000000,0.139173,0.990268,1.000000,1.041917,0.085711,1.055828,1.000000,0.661777,0.929059,0.000000,0.000000,-0.048738,0.000000,0.309477,0.931436,-0.369355,0.048000,0.000000,0.000000,0.870000,0.010000,0.000000,0.000000,-1.000000,0.188290,0.000000,-0.316097,-0.280374,1.000000,0.752426,0,0.00,candidate,1784363414,1784334300
cand-e6525cf2-2171,BTC,short,-0.104439,0.193030,0.065978,0.743922,0.079435,0.213333,0.379880,0.001566,0.854657,0.000000,-0.001133,-0.582946,-0.044754,0.333333,0.295189,0.000000,0.000000,1.000000,0.000000,0.000000,1.000000,-0.000000,0.004000,-0.013275,0.000000,0.250000,0.000000,0.000000,0.288196,0.957571,1.000000,-0.000000,-0.003804,0.993932,0.000000,0.101900,0.981530,0.867842,0.000000,-0.036200,0.000000,1.000000,0.859453,0.365734,0.045000,0.000000,0.000000,0.953000,0.000000,0.000000,0.000000,-1.000000,0.603979,-0.000000,-0.698751,-0.164087,-1.000000,0.752363,0,0.00,candidate,1784365514,1784336400
cand-e6525cf2-2172,ETH,long,0.059851,0.015549,0.076972,-0.327110,0.099888,0.183333,0.765927,0.005436,0.781916,-0.147846,-0.302165,-0.220777,-0.024433,-0.333333,0.392903,0.000000,0.000000,1.000000,0.000000,0.000000,1.000000,0.000000,0.004000,0.013275,0.000000,0.250000,0.000000,0.000000,0.296542,0.955020,1.000000,0.000000,-0.037559,0.655718,0.000000,0.496980,0.894383,0.000000,0.000000,-0.066407,0.000000,0.334918,0.855112,-0.122295,0.022000,0.000000,0.000000,0.848000,0.000000,0.000000,0.000000,-1.000000,0.035953,0.000000,0.802752,0.096000,1.000000,0.738901,0,0.00,candidate,1784365514,1784336400
cand-e6525cf2-2173,ETH,long,0.139059,-0.041283,-0.034665,-0.169599,0.086000,0.126667,0.315244,0.005437,0.783283,0.000000,0.111925,0.116858,-0.019744,-0.333333,0.392913,0.000000,0.000000,1.000000,0.000000,0.000000,0.899690,0.168944,0.012000,0.013282,0.000000,0.250000,0.000930,0.000000,0.426569,0.904455,1.000000,0.000000,0.047727,0.795920,0.000000,0.542942,0.916111,0.991394,1.000000,0.000088,0.000000,0.356856,0.789298,-0.138628,0.036000,0.000000,0.000000,0.775000,0.000000,0.000000,0.000000,-1.000000,0.043371,0.000000,0.463668,0.167939,1.000000,0.750416,0,0.00,candidate,1784367623,1784338500
cand-e6525cf2-2174,ETH,long,0.516340,0.541488,-0.060707,-0.026675,0.085210,0.123333,1.162864,0.005432,0.809268,0.011954,0.240339,-0.041288,-0.016540,-0.333333,0.392913,0.000000,0.000000,1.000000,0.000000,0.000000,0.775136,0.148966,0.012000,0.018353,0.000000,0.250000,-0.001000,0.000000,0.469472,0.882948,1.000000,0.071808,0.041150,1.167021,1.000000,0.710760,0.946962,0.000000,0.000000,0.018552,0.000000,0.364542,0.766241,-0.532087,0.064000,0.000000,0.000000,0.699000,0.054000,0.000000,0.000000,-1.000000,0.214792,0.000000,-0.181077,0.574468,1.000000,0.739402,0,0.00,candidate,1784368220,1784339100
cand-e6525cf2-2175,ETH,long,0.326791,0.361083,0.412684,0.082322,0.084739,0.120000,1.077058,0.005431,0.795343,0.000000,0.067969,-0.602747,-0.015609,-0.333333,0.392913,0.000000,0.000000,1.000000,0.000000,0.000000,0.736566,0.116579,0.012000,0.018353,0.000000,0.250000,-0.002677,0.000000,0.488621,0.872496,1.000000,-0.085806,-0.004534,0.956451,1.000000,0.761106,0.956206,0.000000,0.000000,0.024085,0.000000,0.368526,0.754287,-0.260624,0.060000,0.000000,0.000000,0.544000,0.030000,0.000000,0.000000,-1.000000,0.120594,0.000000,-0.192856,0.435897,1.000000,0.739379,0,0.00,candidate,1784368529,1784339400
cand-e6525cf2-2176,ETH,long,-0.122684,-0.134429,0.348762,0.107219,0.084084,0.110000,1.055880,0.005431,0.795568,0.066660,0.216113,-0.575323,-0.014439,-0.333333,0.392913,0.000000,0.000000,1.000000,0.000000,0.000000,0.698735,0.108029,0.012000,0.013261,0.000000,0.250000,-0.002677,0.000000,0.511293,0.859406,1.000000,0.310201,-0.059261,0.994157,1.000000,0.742349,0.952762,0.000000,0.000000,0.022024,0.000000,0.372594,0.742084,-0.152047,0.021000,0.000000,0.000000,0.566000,0.028000,0.000000,0.000000,-1.000000,0.650495,0.000000,0.245694,-0.234568,1.000000,0.739357,0,0.00,candidate,1784368808,1784339700
cand-e6525cf2-2177,ETH,long,-0.039620,0.588038,0.324210,0.184048,0.082227,0.100000,1.076953,0.005434,0.786078,0.000000,0.082295,1.606160,-0.013438,-0.333333,0.392913,0.000000,0.000000,1.000000,0.000000,0.000000,0.698845,0.122825,0.012000,0.013261,0.000000,0.250000,0.001462,0.000000,0.529919,0.848048,1.000000,0.256778,0.045530,0.824749,1.000000,0.736426,0.951675,0.000000,0.000000,0.021373,0.000000,0.375842,0.732340,-0.222729,0.011000,0.000000,0.000000,0.859000,0.027000,0.000000,0.000000,-1.000000,0.024045,0.000000,-0.136412,-0.045113,1.000000,0.868984,0,0.00,candidate,1784369124,1784340000
cand-e6525cf2-2178,BTC,long,0.211852,0.270829,0.361231,-0.377529,0.062010,0.120000,0.757209,0.001564,0.862544,0.000000,-0.143402,0.571361,0.060224,-0.333333,0.294570,0.000000,0.000000,1.000000,0.000000,0.000000,0.721143,0.172485,0.012000,0.018330,0.000000,0.250000,-0.008345,0.000000,0.562805,0.826590,1.000000,0.000000,0.116740,1.066948,1.000000,0.473898,0.945892,0.000000,0.000000,-0.013635,0.000000,1.000000,0.714242,-0.261406,0.022000,0.000000,0.000000,0.429000,0.000000,0.000000,0.000000,-1.000000,0.303727,0.000000,0.435337,0.213198,1.000000,0.868984,0,0.00,candidate,1784369712,1784340600
cand-e6525cf2-2179,BTC,long,0.478799,0.400308,0.475522,-0.079322,0.061721,0.120000,1.035469,0.001564,0.957152,0.000000,0.033371,4.107419,0.061872,-0.333333,0.294570,0.000000,0.000000,1.000000,0.000000,0.000000,-0.198072,-0.712438,0.012000,0.018330,0.000000,0.250000,-0.008345,0.000000,0.573576,0.819152,1.000000,0.278260,0.043435,3.000000,1.000000,0.765146,0.982021,0.000000,0.000000,0.018657,0.000000,1.000000,0.706640,-0.436071,0.057000,0.000000,0.000000,0.391000,0.000000,0.000000,0.000000,-1.000000,0.276346,0.000000,-0.157460,0.600000,1.000000,0.869023,0,0.00,candidate,1784370013,1784340900
cand-e6525cf2-2180,ETH,short,0.358982,-0.217196,-0.553203,-0.276601,0.081642,0.100000,0.371913,0.005424,0.780572,0.000000,0.056461,0.867053,0.011421,0.333333,0.391943,0.000000,0.000000,1.000000,0.000000,0.000000,-0.198150,-0.710132,0.012000,-0.018330,0.000000,0.250000,-0.008345,0.000000,0.577145,0.816642,1.000000,0.987571,-0.060520,0.744938,-1.000000,0.789733,0.855248,0.895778,1.000000,0.027229,0.000000,0.385121,0.704503,0.260285,0.023000,0.000000,0.000000,0.700000,0.023000,0.000000,0.000000,-1.000000,0.346390,0.870968,0.361422,0.240000,-1.000000,1.000000,0,0.00,candidate,1784370013,1784340900
cand-e6525cf2-2181,BTC,long,0.143085,0.112661,0.058271,-0.070058,0.061183,0.120000,0.451201,0.001564,0.846624,0.000000,-0.058138,0.728160,0.064273,-0.333333,0.294570,0.000000,0.000000,1.000000,0.000000,0.000000,0.193599,-0.244559,0.012000,0.018330,0.000000,0.250000,-0.008345,0.000000,0.594823,0.803857,1.000000,-0.732120,0.122622,0.876174,1.000000,0.803268,0.984941,0.000000,0.000000,0.020407,0.000000,1.000000,0.694849,-0.245960,0.027000,0.000000,0.000000,0.567000,0.000000,0.000000,0.000000,-1.000000,0.044994,0.000000,-0.179942,0.171254,1.000000,0.739335,0,0.00,candidate,1784370323,1784341200
cand-e6525cf2-2182,BTC,long,-0.031327,0.365655,-0.027129,0.115707,0.059881,0.110000,0.789524,0.001564,0.834997,0.000000,-0.003210,-1.276991,0.064496,-0.333333,0.294570,0.000000,0.000000,1.000000,0.000000,0.000000,0.243286,-0.188623,0.012000,0.018330,0.000000,0.250000,0.007488,0.000000,0.608761,0.793353,1.000000,0.338324,0.074901,0.766297,1.000000,0.799452,0.984732,0.000000,0.000000,0.020032,0.000000,1.000000,0.687287,-0.160079,0.010000,0.000000,0.000000,0.577000,0.000000,0.000000,0.000000,-1.000000,0.517587,0.000000,-0.639763,-0.184615,1.000000,0.739324,0,0.00,candidate,1784370633,1784341500
cand-e6525cf2-2183,ETH,short,0.723154,-0.381013,-0.169826,-0.463117,0.080255,0.100000,1.152702,0.005426,0.792995,0.000000,-0.087294,0.098169,0.009312,0.333333,0.391943,0.000000,0.000000,1.000000,0.000000,0.000000,0.243114,-0.187907,0.012000,-0.018330,0.000000,0.250000,0.007488,0.000000,0.608761,0.793353,1.000000,0.780789,-0.053634,0.867005,-1.000000,0.869141,0.839042,0.879553,1.000000,0.036982,0.000000,0.391219,0.686209,0.279375,0.028000,0.000000,0.000000,0.432000,0.009000,0.000000,0.000000,-1.000000,0.430138,-0.000000,0.004383,0.914530,-1.000000,1.000000,0,0.00,candidate,1784370633,1784341500
cand-e6525cf2-2184,ETH,long,-0.723154,0.381013,0.169826,0.463117,0.080255,0.100000,1.074483,0.048823,0.747209,0.000000,-0.108451,0.098169,-0.008788,-0.333333,0.391943,0.000000,0.000000,1.000000,0.000000,0.000000,0.242660,-0.185725,0.012000,0.018330,0.000000,0.250000,0.007488,0.000000,0.615661,0.788011,1.000000,2.000000,0.053634,0.439343,1.000000,0.869141,0.975766,0.000000,0.000000,0.036982,0.000000,0.392385,0.682712,-0.233213,0.019000,0.000000,0.000000,0.580000,0.004000,0.000000,0.000000,-1.000000,0.271116,0.000000,-0.004383,-0.914530,1.000000,1.000000,0,0.00,candidate,1784370633,1784341500
cand-e6525cf2-2185,BTC,long,0.303900,0.559016,0.617486,0.276285,0.059150,0.106667,1.145622,0.001563,0.844081,0.000000,-0.014431,0.590823,0.064473,-0.333333,0.294570,0.000000,0.000000,1.000000,0.000000,0.000000,0.544631,0.118877,0.012000,0.018330,0.000000,0.250000,0.007488,0.000000,0.625923,0.779884,1.000000,0.667706,0.130773,0.910825,1.000000,0.878166,0.990726,0.000000,0.000000,0.023623,0.000000,1.000000,0.676293,-0.150677,0.047000,0.000000,0.000000,0.685000,0.000000,0.000000,0.000000,-1.000000,0.618395,1.000000,-0.164103,0.589744,1.000000,0.870172,0,0.00,candidate,1784370919,1784341800
cand-e6525cf2-2186,ETH,short,0.185553,-0.384541,-0.814353,-0.623050,0.078912,0.096667,0.677320,0.059684,0.773019,0.000000,-0.043045,3.313014,0.007922,0.333333,0.391943,0.000000,0.000000,1.000000,0.000000,0.000000,0.521366,0.101120,0.012000,-0.018330,0.000000,0.250000,-0.004947,0.000000,0.642788,0.766044,1.000000,1.705938,-0.069575,0.686155,-1.000000,0.814941,0.826448,0.866944,1.000000,0.042595,0.000000,0.397750,0.666616,0.268505,0.030000,0.000000,0.000000,0.000000,0.000000,0.000000,0.000000,-1.000000,0.277268,-0.000000,0.330846,0.086379,-1.000000,1.000000,0,0.00,candidate,1784371230,1784342100
cand-e6525cf2-2187,BTC,long,1.097609,-0.282553,0.188519,0.346211,0.051722,0.076667,0.433510,0.001565,0.839109,0.092519,0.216575,1.185661,0.061972,-0.333333,0.294570,0.000000,0.000000,1.000000,0.000000,0.000000,0.988358,0.441187,0.012000,0.018115,0.000000,0.250000,0.003094,0.000000,0.746057,0.665882,1.000000,-0.678611,-0.037972,0.716389,1.000000,0.666458,0.972170,0.000000,0.000000,-0.030304,0.000000,1.000000,0.597022,-0.251407,0.049000,0.000000,0.000000,0.462000,0.000000,0.000000,0.000000,-1.000000,0.232656,1.000000,-0.000008,0.997260,1.000000,0.869356,0,0.00,candidate,1784373009,1784343900
cand-e6525cf2-2188,ETH,long,1.644706,-0.208728,0.141320,0.793500,0.074268,0.083333,1.058187,0.005431,0.788285,0.000000,-0.050175,0.147517,-0.014827,-0.333333,0.391943,0.000000,0.000000,1.000000,0.000000,0.000000,0.988372,0.442197,0.012000,0.018115,0.000000,0.250000,0.003094,0.000000,0.748956,0.662620,1.000000,1.155754,-0.035798,0.731842,1.000000,0.755518,0.947915,0.000000,0.000000,0.034294,0.000000,0.421663,0.594878,-0.195492,0.031000,0.000000,0.000000,0.670000,0.015000,0.000000,0.000000,-1.000000,0.184923,1.000000,-0.010000,0.900000,1.000000,0.750166,0,0.00,candidate,1784373009,1784343900
cand-e6525cf2-2189,BTC,long,-0.266318,0.154989,0.039769,0.346636,0.051079,0.076667,1.066235,0.001564,0.872528,-0.109772,-0.265345,-0.686485,0.062147,-0.333333,0.294497,0.000000,0.000000,1.000000,0.000000,0.000000,0.972191,0.419091,0.004000,0.018115,0.000000,0.250000,0.003094,0.000000,0.751840,0.659346,1.000000,-0.007444,0.022258,1.139704,1.000000,0.604459,0.967631,0.000000,0.000000,-0.035848,0.000000,1.000000,0.593085,-0.208833,0.027000,0.000000,0.000000,0.345000,0.000000,0.000000,0.000000,-1.000000,0.347439,0.000000,0.602296,-0.221374,1.000000,0.739554,0,0.00,candidate,1784373321,1784344200
cand-e6525cf2-2190,BTC,long,-0.092639,0.093905,-0.159516,0.265708,0.048952,0.070000,1.037250,0.001564,0.841861,0.000000,0.040394,-0.400448,0.062175,-0.333333,0.294497,0.000000,0.000000,1.000000,0.000000,0.000000,0.793805,0.264732,0.004000,0.018115,0.000000,0.250000,0.001763,0.000000,0.771625,0.636078,1.000000,-0.023489,0.067847,0.695086,1.000000,0.585987,0.966118,0.000000,0.000000,-0.008738,0.000000,1.000000,0.578945,-0.250370,0.043000,0.000000,0.000000,0.262000,0.000000,0.000000,0.000000,-1.000000,0.308390,0.000000,-0.580247,-0.129630,1.000000,0.739543,0,0.00,candidate,1784373614,1784344500
cand-e6525cf2-2191,BTC,long,0.568662,-0.204467,-0.074248,0.069375,0.046215,0.056667,1.076500,0.001565,0.857997,0.000000,-0.003896,0.277263,0.057393,-0.333333,0.294497,0.000000,0.000000,1.000000,0.000000,0.000000,0.622038,0.110679,0.004000,0.013046,0.000000,0.250000,-0.000145,0.000000,0.850352,0.526214,1.000000,0.452159,-0.037989,0.889390,0.000000,0.491720,0.958394,0.000000,0.000000,-0.013369,0.000000,1.000000,0.514472,-0.057339,0.014000,0.000000,0.000000,0.384000,0.000000,0.000000,0.000000,-1.000000,0.730341,0.000000,0.267429,0.480000,1.000000,0.750239,0,0.00,candidate,1784375428,1784346300
cand-e6525cf2-2192,ETH,long,1.978395,0.860895,0.980523,0.480846,0.066614,0.063333,0.144073,0.005424,0.799467,0.000000,0.170098,3.493418,-0.021644,-0.333333,0.392237,0.000000,0.000000,1.000000,0.000000,0.000000,0.986775,0.385285,0.004000,0.013039,0.000000,0.250000,0.014063,0.000000,0.872496,0.488621,1.000000,-0.914115,0.098659,0.906727,1.000000,0.877953,0.983199,0.000000,0.000000,0.029823,0.005882,0.455374,0.493745,-0.181686,0.023000,0.000000,0.000000,0.092000,0.015000,0.000000,0.000000,-1.000000,0.160163,0.000000,-0.025149,0.837931,1.000000,0.750229,0,0.00,candidate,1784376024,1784346900
cand-e6525cf2-2193,BTC,long,1.795807,0.879557,0.598274,0.400721,0.045793,0.053333,0.728886,0.001563,0.874270,0.000000,-0.143227,1.383572,0.057549,-0.333333,0.294497,0.000000,0.000000,1.000000,0.000000,0.000000,0.986897,0.386211,0.004000,0.013039,0.000000,0.250000,0.014063,0.000000,0.874620,0.484810,1.000000,-0.007111,0.140472,0.997012,1.000000,0.852229,0.987915,0.000000,0.000000,0.004333,0.000000,1.000000,0.490522,-0.148666,0.042000,0.000000,0.000000,0.578000,0.000000,0.000000,0.000000,-1.000000,0.115348,0.000000,-0.042078,0.794872,1.000000,0.869385,0,0.00,candidate,1784376024,1784346900
cand-e6525cf2-2194,BTC,long,-0.561384,0.811002,0.495324,0.363403,0.045659,0.053333,0.466867,0.001563,0.860429,0.000000,-0.093185,0.616755,0.057549,-0.333333,0.294497,0.000000,0.000000,1.000000,0.000000,0.000000,0.986075,0.374002,0.004000,0.013039,0.000000,0.250000,0.014063,0.000000,0.876727,0.480989,1.000000,-0.262018,0.114483,0.810101,1.000000,0.747771,0.979366,0.000000,0.000000,-0.000793,0.000000,1.000000,0.489449,-0.131472,0.048000,0.000000,0.000000,0.578000,0.000000,0.000000,0.000000,-1.000000,0.080136,0.000000,0.298733,-0.406948,1.000000,0.739297,0,0.00,candidate,1784376334,1784347200
cand-e6525cf2-2195,ETH,long,-0.774991,0.703300,0.766234,0.545999,0.066454,0.063333,0.955554,0.005423,0.774708,0.000000,-0.077489,0.754055,-0.022820,-0.333333,0.392237,0.000000,0.000000,1.000000,0.000000,0.000000,0.985972,0.375233,0.004000,0.013039,0.000000,0.250000,0.014063,0.000000,0.880891,0.473320,1.000000,0.811481,0.090704,0.625436,1.000000,0.753281,0.966018,0.000000,0.000000,0.019535,0.000000,0.458603,0.484058,-0.268358,0.017000,0.000000,0.000000,0.357000,0.013000,0.000000,0.000000,-1.000000,0.150694,0.000000,0.071844,-0.630872,1.000000,0.880811,0,0.00,candidate,1784376334,1784347200
cand-e6525cf2-2196,ETH,long,-0.538946,0.241065,-0.002470,-0.081494,0.063415,0.056667,0.867247,0.005428,0.761961,0.045295,0.184785,-0.724628,-0.026370,-0.333333,0.391745,0.000000,0.000000,1.000000,0.000000,0.000000,0.000000,0.000000,0.012000,0.013026,0.000000,0.250000,0.000000,0.000000,0.906308,0.422618,1.000000,0.000000,0.058169,0.924255,1.000000,0.604987,0.945560,0.000000,0.000000,0.007284,0.000000,0.467714,0.456723,-0.135682,0.019000,0.000000,0.000000,0.168000,0.000000,0.000000,0.000000,0.000000,0.378396,0.000000,0.261951,-0.488189,1.000000,0.750746,0,0.00,candidate,1784377224,1784348100
cand-e6525cf2-2197,BTC,long,0.003614,0.548945,0.233705,-0.052153,0.043260,0.043333,0.367130,0.001564,0.856777,0.000000,0.009085,0.234804,0.059988,-0.333333,0.294311,0.000000,0.000000,1.000000,0.000000,0.000000,0.000000,0.000000,0.012000,0.013026,0.000000,0.250000,0.000000,0.000000,0.908143,0.418660,1.000000,0.000000,0.037446,1.000000,1.000000,0.728662,0.977802,0.000000,0.000000,-0.001731,0.000000,1.000000,0.455583,-0.135114,0.040000,0.000000,0.000000,0.347000,0.000000,0.000000,0.000000,0.000000,0.520072,0.000000,0.991753,0.004132,1.000000,0.880849,0,0.00,candidate,1784377224,1784348100
cand-e6525cf2-2198,BTC,short,1.444251,0.100260,0.017724,0.096429,0.043309,0.043333,0.400278,0.001564,0.901532,0.000000,-0.025706,0.074207,-0.060365,0.333333,0.294311,0.000000,0.000000,1.000000,0.000000,0.000000,0.902486,0.054451,0.012000,-0.013026,0.000000,0.250000,0.001433,0.000000,0.918791,0.394744,1.000000,0.450310,0.035282,1.715087,-1.000000,0.473885,0.961208,0.000000,0.000000,-0.014246,0.000000,1.000000,0.442653,0.236182,0.026000,0.000000,0.000000,0.343000,0.000000,0.000000,0.000000,0.000000,0.278687,-0.000000,-0.000006,0.997500,-1.000000,0.750131,0,0.00,candidate,1784377509,1784348400
cand-e6525cf2-2199,ETH,long,-0.394524,-0.661505,0.076767,0.294854,0.063280,0.056667,1.134500,0.005429,0.769452,0.000000,0.016712,-0.208905,-0.029513,-0.333333,0.391745,0.000000,0.000000,1.000000,0.000000,0.000000,0.924771,0.025540,0.012000,0.013026,0.000000,0.250000,0.004991,0.000000,0.941176,0.337917,1.000000,0.267253,-0.072092,0.738036,1.000000,0.513123,0.932874,0.000000,0.000000,-0.000312,0.000000,0.481830,0.414377,-0.184536,0.058000,0.000000,0.000000,0.233000,0.000000,0.000000,0.000000,0.000000,0.495312,0.000000,0.441206,-0.335766,1.000000,0.738908,0,0.00,candidate,1784378411,1784349300
cand-e6525cf2-2200,ETH,long,0.342954,-0.325407,0.133658,0.290974,0.063302,0.056667,1.093061,0.005428,0.806681,0.000000,0.061733,-0.109492,-0.029933,-0.333333,0.391745,0.000000,0.000000,1.000000,0.000000,0.000000,0.862091,-0.022871,0.012000,0.013026,0.000000,0.250000,0.000580,0.000000,0.949699,0.313164,1.000000,0.798375,-0.071152,1.186382,1.000000,0.565617,0.940124,0.000000,0.000000,0.004029,0.000000,0.486265,0.401070,-0.360844,0.057000,0.000000,0.000000,0.189000,0.000000,0.000000,0.000000,0.000000,0.283568,0.000000,-0.187967,0.377358,1.000000,0.738908,0,0.00,candidate,1784378721,1784349600
cand-e6525cf2-2201,ETH,long,0.189476,-0.028126,0.151676,0.144238,0.063007,0.056667,0.954254,0.005428,0.807575,0.000000,0.011898,-1.242454,-0.029533,-0.333333,0.391745,0.000000,0.000000,1.000000,0.000000,0.000000,0.863662,-0.021320,0.012000,0.013026,0.000000,0.250000,0.000580,0.000000,0.956305,0.292372,1.000000,-0.117816,-0.065677,1.098725,1.000000,0.594488,0.944110,0.000000,0.000000,0.006416,0.000000,0.489477,0.391433,-0.412336,0.017000,0.000000,0.000000,0.135000,0.052000,0.000000,0.000000,-1.000000,0.178159,0.000000,-0.069103,0.318841,1.000000,0.738908,0,0.00,candidate,1784379028,1784349900
cand-e6525cf2-2202,ETH,long,0.590544,0.567409,0.238182,0.488035,0.062470,0.056667,1.145628,0.005426,0.812481,0.000000,-0.078851,-0.809242,-0.028976,-0.333333,0.391745,0.000000,0.000000,1.000000,0.000000,0.000000,0.928674,0.037389,0.012000,0.013026,0.000000,0.250000,0.000580,0.000000,0.960050,0.279829,1.000000,0.716943,0.017987,1.140300,1.000000,0.683727,0.956426,0.000000,0.000000,0.013791,0.000000,0.491642,0.384940,-0.271208,0.016000,0.000000,0.000000,0.042000,0.038000,0.000000,0.000000,-1.000000,0.167361,0.000000,-0.204649,0.547619,1.000000,0.738908,0,0.00,candidate,1784379315,1784350200
cand-e6525cf2-2223,BTC,long,0.271684,-0.229447,-0.013521,-0.346689,0.033394,0.013333,1.094453,0.001564,0.867127,0.000000,-0.053189,1.115542,0.051680,-0.333333,0.294631,0.000000,0.000000,1.000000,0.000000,0.000000,0.970323,0.169662,0.012000,0.016923,0.000000,0.250000,-0.006822,0.000000,0.984808,-0.173648,1.000000,1.115138,-0.060191,1.027083,1.000000,0.313035,0.962355,0.993769,1.000000,0.000496,0.000000,1.000000,0.165438,-0.208500,0.036000,0.000000,0.000000,0.776000,0.000000,0.000000,0.000000,-1.000000,0.242278,0.000000,0.394601,0.365385,1.000000,0.750007,0,0.00,candidate,1784380525,1784356500
cand-e6525cf2-2259,BTC,long,-0.814307,-1.221004,-0.381538,0.310995,0.026503,0.003333,0.828377,0.001564,0.857892,0.000000,-0.000968,-0.186665,0.054684,-0.333333,0.294449,0.000000,0.000000,1.000000,0.000000,0.000000,0.698125,-0.005315,0.012000,0.021171,0.000000,0.250000,0.005620,0.000000,0.642788,-0.766044,1.000000,0.079684,-0.204875,0.969574,0.000000,0.373089,0.967937,0.000000,0.000000,-0.013086,-0.000751,1.000000,0.833304,0.017597,0.075000,0.000000,0.000000,0.654000,0.000000,0.000000,0.000000,-1.000000,0.700896,0.000000,0.066568,-0.736559,1.000000,0.738702,0,0.00,candidate,1784380525,1784366100
cand-e6525cf2-2263,BTC,long,1.084449,-0.532102,-1.012433,-0.147694,0.025676,0.003333,1.101476,0.001565,0.865128,0.000000,0.003259,0.818625,0.056206,-0.333333,0.294449,0.000000,0.000000,1.000000,0.000000,0.000000,0.829870,0.115346,0.012000,0.021171,0.000000,0.250000,0.005537,0.000000,0.591310,-0.806445,1.000000,0.027172,-0.108419,1.004508,0.000000,0.266361,0.966685,0.000000,0.000000,-0.013727,0.000000,1.000000,0.801802,-0.371574,0.054000,0.000000,0.000000,0.950000,0.000000,0.000000,0.000000,-1.000000,0.247804,0.000000,0.000000,0.988827,1.000000,1.000000,0,0.00,candidate,1784380525,1784367000
cand-e6525cf2-2203,ETH,long,0.366545,-0.115087,-0.103078,0.443946,0.057749,0.033333,0.728834,0.059655,0.788971,-0.253449,-0.505575,-0.789077,-0.029499,-0.333333,0.392200,0.000000,0.000000,1.000000,0.000000,0.000000,0.884962,-0.006353,0.008000,0.013033,0.000000,0.250000,0.004178,0.000000,0.986286,0.165048,1.000000,0.090103,-0.042400,0.815096,1.000000,0.553947,0.938674,0.000000,0.000000,0.003161,0.000000,0.510684,0.327814,-0.200619,0.007000,0.000000,0.000000,0.266000,0.015000,0.000000,0.000000,-1.000000,0.150605,0.000000,-0.024793,0.454545,1.000000,0.738898,0,0.00,candidate,1784380823,1784351700
cand-e6525cf2-2204,BTC,short,-0.025825,0.476087,0.858099,-0.006213,0.036359,0.013333,0.469988,0.001565,0.852352,0.053052,0.131007,-0.362745,-0.063373,0.333333,0.294993,0.000000,0.000000,1.000000,0.000000,0.000000,0.884238,-0.007074,0.008000,-0.013033,0.000000,0.250000,0.004178,0.000000,0.986996,0.160743,1.000000,0.069710,0.016280,0.454058,0.000000,0.102811,0.993323,0.000000,0.000000,-0.009769,0.000000,1.000000,0.325637,0.138362,0.041000,0.000000,0.000000,0.695000,0.000000,0.000000,0.000000,-1.000000,0.314635,-0.000000,0.920033,-0.040816,-1.000000,0.750617,0,0.00,candidate,1784380823,1784351700
cand-e6525cf2-2205,BTC,long,1.743536,0.005219,0.145178,-0.127921,0.036698,0.013333,0.311957,0.001565,0.909287,0.000000,-0.058999,-0.009984,0.063206,-0.333333,0.294993,0.000000,0.000000,1.000000,0.000000,0.000000,0.988762,0.057881,0.008000,0.013033,0.000000,0.250000,0.004178,0.000000,0.988362,0.152123,1.000000,0.936723,0.052058,1.041158,0.000000,0.431325,0.963091,0.000000,0.000000,0.003030,0.000000,1.000000,0.321380,-0.483281,0.048000,0.000000,0.000000,0.694000,0.000000,0.000000,0.000000,-1.000000,0.405933,0.000000,0.000000,0.995134,1.000000,0.750085,0,0.00,candidate,1784381108,1784352000
cand-e6525cf2-2206,ETH,long,1.798526,0.363242,0.685233,0.535547,0.058509,0.043333,0.153236,0.059644,0.784121,0.000000,0.051808,0.595176,-0.029863,-0.333333,0.392200,0.000000,0.000000,1.000000,0.000000,0.000000,0.988694,0.057826,0.008000,0.013033,0.000000,0.250000,-0.003363,0.000000,0.990866,0.134851,1.000000,-0.575598,0.000469,0.761792,1.000000,0.804318,0.973797,0.000000,0.000000,0.024193,0.000244,0.515698,0.312773,-0.238521,0.019000,0.000000,0.000000,0.407000,0.010000,0.000000,0.000000,-1.000000,0.259447,0.000000,-0.029040,0.780000,1.000000,0.869270,0,0.00,candidate,1784381108,1784352000
cand-e6525cf2-2262,BTC,long,-1.308583,-1.397744,-1.194079,-0.250122,0.026537,0.003333,1.113298,0.001565,0.877218,0.000000,0.014724,0.334407,0.055179,-0.333333,0.294449,0.000000,0.000000,1.000000,0.000000,0.000000,0.657156,-0.045454,0.012000,0.021171,0.000000,0.250000,0.005537,0.000000,0.601815,-0.798636,1.000000,0.802153,-0.209800,1.219981,0.000000,0.061998,0.957393,0.000000,0.000000,-0.019300,-0.005502,1.000000,0.806407,-0.310667,0.030000,0.000000,0.000000,0.949000,0.000000,0.000000,0.000000,-1.000000,0.051041,-1.000000,0.025310,-0.840909,1.000000,1.000000,0,0.00,candidate,1784381108,1784366700
cand-e6525cf2-2207,ETH,long,0.550598,0.609742,0.684630,0.781005,0.058079,0.040000,0.187737,0.005420,0.799628,0.000000,0.007641,2.229639,-0.029809,-0.333333,0.392200,0.000000,0.000000,1.000000,0.000000,0.000000,0.953661,0.029130,0.008000,0.012802,0.000000,0.250000,-0.003363,0.000000,0.994969,0.100188,1.000000,0.034501,0.028307,0.956389,1.000000,0.904184,0.987175,0.000000,0.000000,0.032203,0.008268,0.521163,0.296377,-0.276364,0.061000,0.000000,0.000000,0.595000,0.034000,0.000000,0.000000,-1.000000,0.437006,0.000000,-0.155188,0.606061,1.000000,1.000000,0,0.00,candidate,1784381726,1784352600
cand-e6525cf2-2208,ETH,short,-0.195902,-0.952695,-0.865142,-0.779441,0.058088,0.040000,0.794958,0.005420,0.804613,0.000000,-0.139577,1.976626,0.029595,0.333333,0.392200,0.000000,0.000000,1.000000,0.000000,0.000000,0.499856,-0.362195,0.008000,-0.012802,0.000000,0.250000,-0.000047,0.000000,0.996195,0.087156,1.000000,1.529443,-0.017364,1.024167,-1.000000,0.717113,0.888739,0.963876,1.000000,0.032477,0.017015,0.522972,0.290948,0.222181,0.023000,0.000000,0.000000,0.000000,0.031000,0.000000,0.000000,-1.000000,0.145214,-0.000000,0.840840,-0.079245,-1.000000,0.880852,0,0.00,candidate,1784382011,1784352900
cand-e6525cf2-2209,BTC,short,0.861751,-0.195301,-0.109482,-0.074027,0.036296,0.013333,0.283006,0.001564,0.939313,0.000000,-0.003833,0.248851,-0.063072,0.333333,0.294993,0.000000,0.000000,1.000000,0.000000,0.000000,0.490151,-0.371876,0.008000,-0.012802,0.000000,0.250000,-0.000047,0.000000,0.996917,0.078459,1.000000,1.286675,-0.135556,1.444937,0.000000,0.295554,0.982325,0.000000,0.000000,-0.000098,0.000000,1.000000,0.285534,-0.112940,0.175000,0.000000,0.000000,0.613000,0.000000,0.000000,0.000000,-1.000000,0.026830,1.000000,0.333769,0.420168,-1.000000,0.750075,0,0.00,candidate,1784382011,1784352900
cand-e6525cf2-2210,ETH,short,-1.143970,-1.421476,-0.922447,-0.666634,0.056834,0.026667,0.351726,0.005417,0.830165,0.000000,-0.163786,3.067824,0.029761,0.333333,0.392200,0.000000,0.000000,1.000000,0.000000,0.000000,-0.096960,-0.830809,0.008000,-0.012219,0.000000,0.250000,-0.004936,0.000000,0.999048,0.043619,1.000000,-0.377814,-0.061013,1.464860,-1.000000,0.712247,0.891854,0.950170,1.000000,0.042315,0.019491,0.529894,0.270184,0.373640,0.053000,0.000000,0.000000,0.032000,0.027000,0.000000,0.000000,-1.000000,0.588005,-1.000000,0.391533,-0.311688,-1.000000,0.880890,0,0.00,candidate,1784382631,1784353500
cand-e6525cf2-2211,BTC,short,0.122825,-0.698650,-0.150708,-0.086753,0.035652,0.013333,0.544006,0.001564,0.907700,0.000000,-0.088081,0.074830,-0.062500,0.333333,0.294993,0.000000,0.000000,1.000000,0.000000,0.000000,-0.096144,-0.829958,0.008000,-0.012219,0.000000,0.250000,-0.004936,0.000000,0.999657,0.026177,1.000000,0.261000,-0.197892,0.970215,0.000000,0.366173,0.978104,0.000000,0.000000,0.000712,0.000000,1.000000,0.261572,0.292241,0.019000,0.000000,0.000000,0.788000,0.000000,0.000000,0.000000,-1.000000,0.522139,-0.000000,0.651431,0.062780,-1.000000,0.750065,0,0.00,candidate,1784382631,1784353500
cand-e6525cf2-2212,BTC,short,0.593763,0.276515,0.191717,0.211367,0.035563,0.013333,0.750544,0.001564,0.858954,0.000000,-0.056980,-0.643564,-0.062500,0.333333,0.294993,0.000000,0.000000,1.000000,0.000000,0.000000,-0.037137,-0.757181,0.008000,-0.012219,0.000000,0.250000,-0.004936,0.000000,0.999657,0.026177,1.000000,0.206538,-0.197892,0.466995,0.000000,0.248474,0.985139,0.000000,0.000000,0.000039,0.000000,1.000000,0.260480,0.112396,0.022000,0.000000,0.000000,0.787000,0.000000,0.000000,0.000000,-1.000000,0.074964,-0.000000,-0.098113,0.431310,-1.000000,0.738685,0,0.00,candidate,1784382916,1784353800
cand-e6525cf2-2213,ETH,long,-1.131390,0.201927,0.406491,0.431405,0.056987,0.026667,0.590284,0.005424,0.816943,0.000000,0.273003,2.844551,-0.030392,-0.333333,0.392200,0.000000,0.000000,1.000000,0.000000,0.000000,-0.055767,-0.724121,0.008000,0.012219,0.000000,0.250000,-0.004936,0.000000,0.999848,0.017452,1.000000,0.942010,-0.024087,1.161389,1.000000,0.570749,0.934782,0.000000,0.000000,0.029443,0.006587,0.534204,0.257253,-0.254848,0.020000,0.000000,0.000000,0.000000,0.040000,0.000000,0.000000,-1.000000,0.375893,0.000000,-0.029314,-0.528889,1.000000,0.880890,0,0.00,candidate,1784382916,1784353800
cand-e6525cf2-2214,BTC,short,-0.285764,0.245851,0.123090,0.013325,0.035580,0.013333,0.428819,0.001564,0.832046,0.000000,0.001969,-0.183008,-0.061263,0.333333,0.294993,0.000000,0.000000,1.000000,0.000000,0.000000,-0.089430,-0.749542,0.008000,-0.010242,0.000000,0.250000,0.005124,0.000000,0.999848,-0.017452,1.000000,-0.321726,-0.012467,0.315459,0.000000,0.305144,0.981752,0.000000,0.000000,0.002072,0.000000,1.000000,0.239777,0.183325,0.037000,0.000000,0.000000,0.784000,0.000000,0.000000,0.000000,-1.000000,0.192341,-0.000000,-0.467782,-0.311321,-1.000000,0.738685,0,0.00,candidate,1784383226,1784354100
cand-e6525cf2-2215,BTC,short,0.075156,0.371744,0.031905,-0.014039,0.035381,0.013333,0.276343,0.001564,0.842855,0.000000,0.001147,-0.082880,-0.060885,0.333333,0.294993,0.000000,0.000000,1.000000,0.000000,0.000000,-0.059242,-0.719414,0.008000,-0.010242,0.000000,0.250000,0.005124,0.000000,0.999762,-0.021815,1.000000,-0.152475,0.029810,0.370984,0.000000,0.290323,0.982638,0.000000,0.000000,0.001541,0.000000,1.000000,0.238680,0.183325,0.046000,0.000000,0.000000,0.786000,0.000000,0.000000,0.000000,-1.000000,0.133894,-0.000000,-0.323379,0.096591,-1.000000,0.738685,0,0.00,candidate,1784383504,1784354400
cand-e6525cf2-2216,ETH,long,-0.076788,-0.329092,0.460177,0.306369,0.056477,0.023333,0.175661,0.005423,0.785409,0.012795,0.131098,-0.667568,-0.031558,-0.333333,0.392200,0.000000,0.000000,1.000000,0.000000,0.000000,-0.110456,-0.755654,0.008000,0.010242,0.000000,0.250000,0.009249,0.000000,0.998848,-0.047978,1.000000,-0.335494,0.017204,0.659748,1.000000,0.521998,0.927358,0.000000,0.000000,0.025004,0.002142,0.544355,0.226801,-0.222275,0.058000,0.000000,0.000000,0.000000,0.031000,0.000000,0.000000,-1.000000,0.265712,0.000000,0.511170,-0.087912,1.000000,0.750401,0,0.00,candidate,1784383823,1784354700
cand-e6525cf2-2217,ETH,long,-0.896053,-0.523095,0.420267,0.134967,0.056278,0.023333,1.050378,0.005418,0.777240,-0.627658,-0.911428,0.484793,-0.032248,-0.333333,0.391728,0.000000,0.000000,1.000000,0.000000,0.000000,0.549949,-0.102676,0.012000,0.016340,0.000000,0.250000,0.009249,0.000000,0.996566,-0.082808,1.000000,0.874716,-0.014858,0.599895,1.000000,0.395604,0.910508,0.000000,0.000000,0.014929,0.000000,0.549990,0.209897,-0.292462,0.008000,0.000000,0.000000,0.000000,0.023000,0.000000,0.000000,-1.000000,0.166702,0.000000,0.115890,-0.659574,1.000000,0.880890,0,0.00,candidate,1784384132,1784355000
cand-e6525cf2-2218,ETH,long,2.548426,0.058191,1.043428,0.575320,0.056996,0.026667,0.967027,0.005418,0.833768,0.000000,-0.093133,1.286261,-0.031918,-0.333333,0.391728,0.000000,0.000000,1.000000,0.000000,0.000000,0.963054,0.213085,0.012000,0.016340,0.000000,0.250000,0.003010,0.000000,0.995805,-0.091502,1.000000,-0.165451,0.046908,1.364007,1.000000,0.722833,0.959020,0.000000,0.000000,0.043936,0.008046,0.551789,0.204499,-0.295167,0.047000,0.000000,0.000000,0.000000,0.030000,0.000000,0.000000,-1.000000,0.199097,0.000000,0.010195,0.881188,1.000000,0.880890,0,0.00,candidate,1784384431,1784355300
cand-e6525cf2-2219,BTC,long,1.647153,0.549657,0.894204,0.032383,0.034840,0.013333,1.078004,0.001563,0.865133,0.000000,-0.153403,0.444701,0.057138,-0.333333,0.294631,0.000000,0.000000,1.000000,0.000000,0.000000,0.963054,0.213085,0.012000,0.016340,0.000000,0.250000,0.003010,0.000000,0.995805,-0.091502,1.000000,1.540956,0.008124,1.093925,1.000000,0.627724,0.977750,0.000000,0.000000,0.013751,0.000000,1.000000,0.204499,-0.104267,0.048000,0.000000,0.000000,0.621000,0.000000,0.000000,0.000000,-1.000000,0.379377,1.000000,0.000007,0.997283,1.000000,0.750065,0,0.00,candidate,1784384431,1784355300
cand-e6525cf2-2220,ETH,short,0.971543,-0.124479,-0.231084,-0.165076,0.056876,0.026667,0.154827,0.005420,0.843896,0.000000,-0.127188,-0.142038,0.032680,0.333333,0.391728,0.000000,0.000000,1.000000,0.000000,0.000000,0.966812,0.211698,0.012000,-0.016340,0.000000,0.250000,0.003010,0.000000,0.994056,-0.108867,1.000000,1.121854,-0.050983,1.630431,-1.000000,0.598291,0.911492,0.993407,1.000000,0.032906,0.000000,0.554310,0.196934,0.010840,0.062000,0.000000,0.000000,0.000000,0.027000,0.000000,0.000000,-1.000000,0.097151,-0.000000,0.131406,0.637500,-1.000000,0.880890,0,0.00,candidate,1784384717,1784355600
cand-e6525cf2-2246,ETH,short,1.256968,-0.883570,-0.378478,-0.466402,0.050845,0.016667,0.732018,0.005418,0.818150,0.000000,-0.014466,-0.056594,0.027889,0.333333,0.391540,0.000000,0.000000,1.000000,0.000000,0.000000,0.837048,0.103012,0.012000,-0.021438,0.000000,0.250000,-0.002219,0.000000,0.748956,-0.662620,1.000000,-0.053751,0.000156,1.119290,-1.000000,0.601078,0.919454,0.000000,0.000000,0.021405,0.000479,0.652094,0.903585,0.121892,0.055000,0.000000,0.000000,0.000000,0.024000,0.000000,0.000000,-1.000000,0.282506,-0.000000,-0.028040,0.772727,-1.000000,0.880446,0,0.00,candidate,1784385026,1784364000
cand-e6525cf2-2221,BTC,short,1.606560,0.116878,0.357182,0.371759,0.033876,0.013333,0.588521,0.001565,0.822389,0.000000,0.036945,-0.107680,-0.051754,0.333333,0.294631,0.000000,0.000000,1.000000,0.000000,0.000000,0.982916,0.181482,0.012000,-0.016923,0.000000,0.250000,-0.006822,0.000000,0.986286,-0.165048,1.000000,0.897020,0.105219,0.536074,-1.000000,0.236269,0.985869,0.000000,0.000000,-0.001319,0.000000,1.000000,0.169755,0.132809,0.021000,0.000000,0.000000,0.795000,0.000000,0.000000,0.000000,-1.000000,0.296672,1.000000,-0.003516,0.940701,-1.000000,0.738655,0,0.00,candidate,1784385305,1784356200
cand-e6525cf2-2222,ETH,long,0.715164,-0.431890,-0.536378,-0.037151,0.056897,0.026667,0.178090,0.005426,0.838969,0.000000,-0.122135,1.169184,-0.034370,-0.333333,0.391728,0.000000,0.000000,1.000000,0.000000,0.000000,0.970323,0.169662,0.012000,0.016923,0.000000,0.250000,-0.006822,0.000000,0.984808,-0.173648,1.000000,0.312503,-0.018769,1.482304,1.000000,0.373626,0.907245,0.988699,1.000000,0.012978,0.000000,0.564809,0.165438,-0.328150,0.021000,0.000000,0.000000,0.070000,0.035000,0.000000,0.000000,-1.000000,0.310095,0.000000,0.207680,0.441860,1.000000,0.750007,0,0.00,candidate,1784385624,1784356500
cand-e6525cf2-2224,ETH,short,0.327502,-0.302888,0.325262,-0.375697,0.056307,0.023333,0.423934,0.016281,0.815476,-0.627422,-0.836887,-0.410509,0.032468,0.333333,0.391728,0.000000,0.000000,1.000000,0.000000,0.000000,0.780233,-0.015014,0.012000,-0.016923,0.000000,0.250000,-0.002632,0.000000,0.960050,-0.279829,1.000000,1.535510,-0.045512,0.972708,0.000000,0.375306,0.944492,0.871446,1.000000,0.013194,0.000000,0.581882,0.114219,0.284835,0.021000,0.000000,0.000000,0.000000,0.019000,0.000000,0.000000,-1.000000,0.277584,-0.000000,0.590150,0.231788,-1.000000,0.738567,0,0.00,candidate,1784387124,1784358000
cand-e6525cf2-2225,BTC,short,0.072171,-0.571731,-0.318125,-0.216728,0.032498,0.013333,0.455380,0.001564,0.873300,0.000000,0.128069,0.452286,-0.052012,0.333333,0.294631,0.000000,0.000000,1.000000,0.000000,0.000000,0.780233,-0.015014,0.012000,-0.016923,0.000000,0.250000,-0.002632,0.000000,0.960050,-0.279829,1.000000,0.607576,-0.041775,0.784544,-1.000000,0.534729,0.970708,0.991348,1.000000,0.007782,0.000000,1.000000,0.114219,-0.026975,0.088000,0.000000,0.000000,0.484000,0.000000,0.000000,0.000000,-1.000000,0.368203,-0.000000,0.872730,0.061404,-1.000000,0.750282,0,0.00,candidate,1784387124,1784358000
cand-e6525cf2-2226,ETH,long,-0.221402,-0.082528,-0.366699,0.030571,0.056352,0.023333,1.076503,0.005427,0.802197,0.000000,0.098240,-0.140224,-0.034086,-0.333333,0.391728,0.000000,0.000000,1.000000,0.000000,0.000000,-0.143338,-0.907055,0.012000,0.016923,0.000000,0.250000,0.011350,0.000000,0.951057,-0.309017,1.000000,1.790992,0.062392,0.826383,0.000000,0.347188,0.903437,0.000000,0.000000,0.010701,0.000000,0.586888,0.099202,-0.179062,0.036000,0.000000,0.000000,0.240000,0.033000,0.000000,0.000000,-1.000000,0.110046,0.000000,0.730051,-0.145570,1.000000,0.750335,0,0.00,candidate,1784387411,1784358300
cand-e6525cf2-2227,BTC,long,0.333158,0.558140,0.097589,0.206529,0.031905,0.013333,1.066930,0.001563,0.841382,0.000000,-0.000886,0.446673,0.052221,-0.333333,0.294225,0.000000,0.000000,1.000000,0.000000,0.000000,0.048134,-0.690070,0.012000,0.015753,0.000000,0.250000,0.011350,0.000000,0.941176,-0.337917,1.000000,1.653179,-0.087898,0.512339,1.000000,0.750714,0.986349,0.000000,0.000000,0.014876,0.001321,1.000000,0.083404,-0.114899,0.065000,0.000000,0.000000,0.606000,0.000000,0.000000,0.000000,-1.000000,0.451336,1.000000,0.115468,0.660194,1.000000,0.880796,0,0.00,candidate,1784388019,1784358900
cand-e6525cf2-2228,BTC,long,0.647731,0.718745,0.441116,0.415508,0.031609,0.013333,0.955511,0.001563,0.870619,0.000000,-0.019631,0.239738,0.052096,-0.333333,0.294225,0.000000,0.000000,1.000000,0.000000,0.000000,0.548576,-0.180241,0.012000,0.015753,0.000000,0.250000,0.006965,0.000000,0.932008,-0.362438,1.000000,-0.111418,0.005423,0.938163,1.000000,0.875357,0.993176,0.000000,0.000000,0.018967,0.005416,1.000000,0.071573,-0.201286,0.025000,0.000000,0.000000,0.748000,0.000000,0.000000,0.000000,-1.000000,0.065503,0.000000,0.049087,0.778443,1.000000,0.880796,0,0.00,candidate,1784388305,1784359200
cand-e6525cf2-2229,BTC,long,-0.119350,0.647806,0.397745,0.439502,0.031425,0.010000,0.132433,0.001563,0.861579,0.000000,-0.001040,-0.068221,0.051690,-0.333333,0.294225,0.000000,0.000000,1.000000,0.000000,0.000000,0.468166,-0.256654,0.012000,0.015753,0.000000,0.250000,0.006965,0.000000,0.923880,-0.382683,1.000000,-0.726582,0.030365,0.839555,1.000000,0.852521,0.991926,0.000000,0.000000,0.017713,0.006469,1.000000,0.061839,-0.090573,0.018000,0.000000,0.000000,0.748000,0.000000,0.000000,0.000000,-1.000000,0.530156,0.000000,0.255198,-0.347826,1.000000,0.749708,0,0.00,candidate,1784388614,1784359500
cand-e6525cf2-2230,BTC,long,-0.116484,0.190236,0.718135,0.485648,0.030861,0.010000,1.151203,0.001563,0.849365,0.000000,0.052271,-0.672815,0.050066,-0.333333,0.294225,0.000000,0.000000,1.000000,0.000000,0.000000,0.415129,-0.307840,0.012000,0.016162,0.000000,0.250000,-0.002440,0.000000,0.902585,-0.430511,1.000000,0.412131,0.059656,0.765957,1.000000,0.780209,0.987965,0.000000,0.000000,0.015339,0.004093,1.000000,0.036648,-0.108490,0.071000,0.000000,0.000000,0.607000,0.000000,0.000000,0.000000,-1.000000,0.211690,0.000000,-0.001736,-0.958333,1.000000,0.868969,0,0.00,candidate,1784389209,1784360100
cand-e6525cf2-2231,BTC,long,0.695605,0.490739,0.729596,0.572430,0.030555,0.010000,0.160480,0.001563,0.862994,0.000000,-0.027521,4.110168,0.049652,-0.333333,0.294225,0.000000,0.000000,1.000000,0.000000,0.000000,0.245202,-0.467046,0.012000,0.017876,0.000000,0.250000,-0.002755,0.000000,0.889017,-0.457874,1.000000,-0.270122,0.123144,0.992590,1.000000,0.909610,0.995052,0.000000,0.000000,0.019587,0.008345,1.000000,0.021250,-0.252532,0.081000,0.000000,0.000000,0.747000,0.000000,0.000000,0.000000,-1.000000,0.272852,1.000000,0.195915,0.557377,1.000000,1.000000,0,0.00,candidate,1784389518,1784360400
cand-e6525cf2-2232,ETH,short,1.336095,0.008460,0.245204,-0.134626,0.052363,0.016667,0.353521,0.005426,0.797405,-0.079829,-0.164928,-0.013982,0.030297,0.333333,0.392131,0.000000,0.000000,1.000000,0.000000,0.000000,0.769706,0.048308,0.012000,-0.017876,0.000000,0.250000,-0.002755,0.000000,0.887011,-0.461749,1.000000,1.170497,-0.006721,0.887252,0.000000,0.249315,0.967086,0.000000,0.000000,0.008061,0.000000,0.613227,0.020186,0.103091,0.041000,0.000000,0.000000,0.472000,0.021000,0.000000,0.000000,-1.000000,0.317927,-0.000000,0.000060,0.992248,-1.000000,0.750311,0,0.00,candidate,1784389829,1784360700
cand-e6525cf2-2233,BTC,long,-0.217912,-0.275340,0.338564,0.300405,0.030125,0.010000,1.083043,0.001563,0.883972,0.000000,-0.000817,-0.755724,0.049979,-0.333333,0.294225,0.000000,0.000000,1.000000,0.000000,0.000000,0.777552,0.057230,0.012000,0.017876,0.000000,0.250000,0.002517,0.000000,0.874620,-0.484810,1.000000,0.922563,-0.092223,1.225525,1.000000,0.745862,0.986401,0.000000,0.000000,0.014402,0.003155,1.000000,0.007222,0.043534,0.010000,0.000000,0.000000,0.747000,0.000000,0.000000,0.000000,-1.000000,0.737890,0.000000,-0.531488,-0.270968,1.000000,0.868922,0,0.00,candidate,1784390114,1784361000
cand-e6525cf2-2234,BTC,long,0.198542,-0.145033,0.378638,-0.065603,0.029915,0.010000,0.955511,0.001563,0.830436,0.000000,-0.000519,0.161767,0.051322,-0.333333,0.294225,0.000000,0.000000,1.000000,0.000000,0.000000,0.784445,0.067710,0.012000,0.017876,0.000000,0.250000,0.002517,0.000000,0.866025,-0.500000,1.000000,-0.070383,-0.063453,0.597644,1.000000,0.815416,0.990518,0.000000,0.000000,0.015589,0.002298,1.000000,0.999670,-0.181911,0.036000,0.000000,0.000000,0.756000,0.000000,0.000000,0.000000,-1.000000,0.420038,0.000000,-0.530765,0.264286,1.000000,0.868922,0,0.00,candidate,1784390422,1784361300
cand-e6525cf2-2235,ETH,short,1.654518,1.067794,0.558176,0.361119,0.052485,0.016667,0.513128,0.021723,0.775407,0.000000,-0.086005,1.413025,0.030030,0.333333,0.392131,0.000000,0.000000,1.000000,0.000000,0.000000,0.939259,0.185450,0.012000,-0.021167,0.000000,0.250000,0.003151,0.000000,0.854912,-0.518773,1.000000,0.021757,0.047524,0.578927,0.000000,0.059299,0.992036,0.000000,0.000000,-0.008222,0.000000,0.623755,0.988601,0.249752,0.036000,0.000000,0.000000,0.986000,0.024000,0.000000,0.000000,-1.000000,0.515186,-0.000000,-0.046497,0.779412,-1.000000,0.750193,0,0.00,candidate,1784390730,1784361600
cand-e6525cf2-2236,BTC,long,-1.500512,-0.644370,-0.034480,-0.158885,0.030110,0.010000,1.054734,0.001564,0.884708,0.000000,0.030959,2.066199,0.052086,-0.333333,0.294225,0.000000,0.000000,1.000000,0.000000,0.000000,0.939572,0.185764,0.012000,0.021167,0.000000,0.250000,0.003151,0.000000,0.852640,-0.522499,1.000000,0.099223,-0.137278,1.238044,1.000000,0.522312,0.975450,0.000000,0.000000,0.006558,0.000000,1.000000,0.986430,0.025026,0.097000,0.000000,0.000000,0.618000,0.000000,0.000000,0.000000,-1.000000,0.685934,-1.000000,0.065163,-0.463259,1.000000,0.880666,0,0.00,candidate,1784390730,1784361600
cand-e6525cf2-2237,BTC,long,0.287769,-0.828492,-0.231054,-0.114772,0.029886,0.010000,0.297175,0.001564,0.874414,0.000000,0.007669,1.666903,0.052507,-0.333333,0.294464,0.000000,0.000000,1.000000,0.000000,0.000000,0.691933,-0.027930,0.012000,0.021167,0.000000,0.250000,-0.007575,0.000000,0.826590,-0.562805,1.000000,-0.018242,-0.043382,1.092119,1.000000,0.551724,0.976963,0.000000,0.000000,0.001328,0.000000,1.000000,0.963314,-0.202198,0.041000,0.000000,0.000000,0.647000,0.000000,0.000000,0.000000,-1.000000,0.273787,1.000000,0.169667,0.271845,1.000000,0.869528,0,0.00,candidate,1784391325,1784362200
cand-e6525cf2-2238,BTC,long,0.268773,-0.458174,-0.258583,-0.077579,0.029668,0.010000,1.125709,0.001564,0.848388,0.000000,-0.001486,-0.350752,0.052820,-0.333333,0.294464,0.000000,0.000000,1.000000,0.000000,0.000000,0.734347,0.013773,0.012000,0.015758,0.000000,0.250000,-0.007575,0.000000,0.816642,-0.577145,1.000000,1.048386,0.064540,0.722686,1.000000,0.603448,0.979623,0.000000,0.000000,0.002922,0.000000,1.000000,0.954473,-0.216029,0.065000,0.000000,0.000000,0.630000,0.000000,0.000000,0.000000,-1.000000,0.408970,0.000000,0.304400,0.448276,1.000000,0.738823,0,0.00,candidate,1784391615,1784362500
cand-e6525cf2-2239,ETH,long,1.396254,1.027197,0.366130,0.352390,0.050852,0.016667,0.404123,0.005419,0.764998,0.000000,0.004746,0.940620,-0.027196,-0.333333,0.391540,0.000000,0.000000,1.000000,0.000000,0.000000,0.926704,0.181403,0.012000,0.015758,0.000000,0.250000,-0.011876,0.000000,0.793353,-0.608761,1.000000,1.034949,0.010471,0.539523,1.000000,0.592992,0.945458,0.000000,0.000000,0.020756,0.000000,0.640895,0.937182,-0.216726,0.021000,0.000000,0.000000,0.000000,0.033000,0.000000,0.000000,-1.000000,0.364635,1.000000,-0.040489,0.798780,1.000000,0.750002,0,0.00,candidate,1784392210,1784363100
cand-e6525cf2-2240,BTC,long,1.515277,0.150145,-0.001585,0.225846,0.028472,0.010000,0.043770,0.001563,0.907395,-0.073746,-0.198159,2.974527,0.053602,-0.333333,0.294464,0.000000,0.000000,1.000000,0.000000,0.000000,0.927241,0.181940,0.012000,0.015758,0.000000,0.250000,-0.011876,0.000000,0.790690,-0.612217,1.000000,-1.081939,0.127949,1.716666,1.000000,0.883367,0.994009,0.000000,0.000000,0.011548,0.004392,1.000000,0.935041,-0.537462,0.093000,0.000000,0.000000,0.603000,0.000000,0.000000,0.000000,-1.000000,0.661536,0.000000,-0.004109,0.932432,1.000000,0.869556,0,0.00,candidate,1784392210,1784363100
cand-e6525cf2-2241,BTC,long,0.290021,0.929251,0.167451,0.388151,0.028019,0.010000,1.119398,0.001563,0.858447,0.000000,0.066925,0.034898,0.053924,-0.333333,0.294464,0.000000,0.000000,1.000000,0.000000,0.000000,0.621166,-0.087465,0.012000,0.021438,0.000000,0.250000,-0.004952,0.000000,0.774393,-0.632705,1.000000,1.075628,0.326337,0.859074,1.000000,0.936105,0.996718,0.000000,0.000000,0.013172,0.003973,1.000000,0.921894,-0.146081,0.024000,0.000000,0.000000,0.615000,0.000000,0.000000,0.000000,-1.000000,0.590584,0.000000,-0.249911,0.490566,1.000000,0.738804,0,0.00,candidate,1784392521,1784363400
cand-e6525cf2-2242,ETH,long,2.178117,2.601367,1.065657,0.759090,0.051214,0.016667,0.898015,0.005416,0.719147,0.000000,0.069385,3.808257,-0.027452,-0.333333,0.391540,0.000000,0.000000,1.000000,0.000000,0.000000,0.625637,-0.082997,0.012000,0.021438,0.000000,0.250000,-0.004952,0.000000,0.768842,-0.639439,1.000000,0.421657,0.063778,0.259977,1.000000,0.870620,0.982681,0.000000,0.000000,0.043030,0.022151,0.647431,0.917572,-0.189524,0.039000,0.000000,0.000000,0.166000,0.025000,0.000000,0.000000,-1.000000,0.095240,0.000000,-0.053109,0.765799,1.000000,1.000000,0,0.00,candidate,1784392521,1784363400
cand-e6525cf2-2243,ETH,long,-0.868003,1.730850,0.752382,0.705387,0.051139,0.016667,0.914049,0.005416,0.742039,0.000000,-0.007459,0.421070,-0.027452,-0.333333,0.391540,0.000000,0.000000,1.000000,0.000000,0.000000,0.714180,-0.003552,0.012000,0.021438,0.000000,0.250000,-0.004952,0.000000,0.766044,-0.642788,1.000000,0.016033,0.039398,0.376608,1.000000,0.760108,0.967874,0.000000,0.000000,0.034170,0.013265,0.647785,0.916510,-0.173268,0.032000,0.000000,0.000000,0.166000,0.028000,0.000000,0.000000,-1.000000,0.243156,0.000000,0.065102,-0.585714,1.000000,1.000000,0,0.00,candidate,1784392807,1784363700
cand-e6525cf2-2244,BTC,long,-1.018318,0.575818,-0.088844,0.415329,0.027933,0.010000,1.126751,0.001563,0.852871,0.000000,0.019286,-0.385148,0.054289,-0.333333,0.294464,0.000000,0.000000,1.000000,0.000000,0.000000,0.714180,-0.003552,0.012000,0.021438,0.000000,0.250000,-0.004952,0.000000,0.766044,-0.642788,1.000000,0.802418,0.216813,0.819094,1.000000,0.751521,0.987234,0.000000,0.000000,-0.000694,0.000000,1.000000,0.916510,-0.117167,0.024000,0.000000,0.000000,0.602000,0.000000,0.000000,0.000000,-1.000000,0.769801,-1.000000,0.077160,-0.722222,1.000000,0.738804,0,0.00,candidate,1784392807,1784363700
cand-e6525cf2-2245,ETH,short,0.868003,-1.730850,-0.752382,-0.705387,0.051139,0.016667,0.785770,0.005418,0.760841,0.000000,-0.106904,0.421070,0.027825,0.333333,0.391540,0.000000,0.000000,1.000000,0.000000,0.000000,0.710141,-0.007590,0.012000,-0.021438,0.000000,0.250000,-0.004952,0.000000,0.757565,-0.652760,1.000000,1.764592,-0.039398,0.507888,-1.000000,0.760108,0.898208,0.988178,1.000000,0.034170,0.013265,0.649929,0.910077,0.151675,0.079000,0.000000,0.000000,0.000000,0.025000,0.000000,0.000000,-1.000000,0.066071,-0.000000,-0.065102,0.585714,-1.000000,1.000000,0,0.00,candidate,1784392807,1784363700
cand-e6525cf2-2247,BTC,long,-1.128077,-0.002326,-0.639689,0.248445,0.027440,0.006667,1.170155,0.001564,0.826265,0.000000,0.008762,0.065118,0.054116,-0.333333,0.294464,0.000000,0.000000,1.000000,0.000000,0.000000,0.836884,0.102849,0.012000,0.021438,0.000000,0.250000,-0.002219,0.000000,0.748956,-0.662620,1.000000,-0.004810,0.110044,0.542041,1.000000,0.550710,0.976911,0.000000,0.000000,-0.006886,0.000000,1.000000,0.902511,-0.195129,0.053000,0.000000,0.000000,0.533000,0.000000,0.000000,0.000000,-1.000000,0.467185,0.000000,-0.000025,-0.995000,1.000000,0.869556,0,0.00,candidate,1784393117,1784364000
cand-e6525cf2-2248,ETH,long,-1.256968,0.883570,0.378478,0.466402,0.050845,0.016667,1.051673,0.005417,0.798573,-0.003420,-0.115276,-0.056594,-0.027891,-0.333333,0.391540,0.000000,0.000000,1.000000,0.000000,0.000000,0.836332,0.102299,0.012000,0.021133,0.000000,0.250000,-0.002219,0.000000,0.743145,-0.669131,1.000000,1.783691,-0.000156,0.862299,1.000000,0.601078,0.946543,0.000000,0.000000,0.021405,0.000479,0.653886,0.898206,-0.224742,0.048000,0.000000,0.000000,0.010000,0.021000,0.000000,0.000000,-1.000000,0.245752,0.000000,0.028040,-0.772727,1.000000,0.880446,0,0.00,candidate,1784393117,1784364000
cand-e6525cf2-2249,BTC,long,1.903629,0.656495,0.114804,0.493041,0.027509,0.006667,1.190410,0.001564,0.828815,0.000000,-0.003713,-0.415765,0.055114,-0.333333,0.294464,0.000000,0.000000,1.000000,0.000000,0.000000,0.881574,0.136061,0.012000,0.021133,0.000000,0.250000,-0.002219,0.000000,0.728371,-0.685183,1.000000,0.119169,0.136537,0.571549,1.000000,0.890467,0.994374,0.000000,0.000000,0.003588,0.000521,1.000000,0.889377,-0.132731,0.052000,0.000000,0.000000,0.548000,0.000000,0.000000,0.000000,-1.000000,0.681038,0.841709,-0.000009,0.997024,1.000000,0.738804,0,0.00,candidate,1784393426,1784364300
cand-e6525cf2-2250,ETH,long,1.266413,1.095243,1.140536,0.614893,0.050894,0.016667,0.722765,0.005417,0.832001,0.000000,0.072372,-0.466067,-0.028335,-0.333333,0.391540,0.000000,0.000000,1.000000,0.000000,0.000000,0.881683,0.136169,0.012000,0.021133,0.000000,0.250000,-0.002219,0.000000,0.725374,-0.688355,1.000000,0.042097,0.044237,1.388471,1.000000,0.761456,0.968055,0.000000,0.000000,0.034278,0.013374,0.657547,0.887224,-0.408829,0.050000,0.000000,0.000000,0.025000,0.021000,0.000000,0.000000,-1.000000,0.333976,0.500000,-0.000069,0.991667,1.000000,0.869248,0,0.00,candidate,1784393426,1784364300
cand-e6525cf2-2251,BTC,long,-1.036441,0.234864,-0.115085,0.233523,0.027447,0.006667,0.783557,0.001564,0.860898,0.000000,-0.001056,-0.808915,0.054636,-0.333333,0.294464,0.000000,0.000000,1.000000,0.000000,0.000000,0.700623,-0.021798,0.012000,0.021133,0.000000,0.250000,-0.002219,0.000000,0.722364,-0.691513,1.000000,-0.391125,0.145744,0.947842,1.000000,0.705882,0.984889,0.000000,0.000000,-0.002101,0.000000,1.000000,0.885050,-0.163212,0.032000,0.000000,0.000000,0.548000,0.000000,0.000000,0.000000,-1.000000,0.677791,0.000000,0.032465,-0.819820,1.000000,0.738804,0,0.00,candidate,1784393712,1784364600
cand-e6525cf2-2252,ETH,long,-0.536258,0.385455,1.004150,0.416784,0.050487,0.016667,0.186482,0.005417,0.802738,0.000000,-0.041001,-0.801116,-0.028267,-0.333333,0.391540,0.000000,0.000000,1.000000,0.000000,0.000000,0.509912,-0.201011,0.012000,0.021133,0.000000,0.250000,0.008029,0.000000,0.707107,-0.707107,1.000000,-0.719958,-0.018912,1.011082,1.000000,0.711590,0.961369,0.000000,0.000000,0.030277,0.009364,0.661873,0.874248,-0.265342,0.020000,0.000000,0.000000,0.097000,0.021000,0.000000,0.000000,-1.000000,0.381727,0.000000,0.260100,-0.490000,1.000000,0.869248,0,0.00,candidate,1784394021,1784364900
cand-e6525cf2-2253,BTC,long,0.308753,-0.282403,-0.089122,0.269922,0.027339,0.006667,1.117079,0.001564,0.869151,0.000000,-0.006132,-0.668919,0.054691,-0.333333,0.294464,0.000000,0.000000,1.000000,0.000000,0.000000,0.509842,-0.201081,0.012000,0.021133,0.000000,0.250000,0.008029,0.000000,0.707107,-0.707107,1.000000,0.333522,0.047668,1.157798,1.000000,0.760649,0.987704,0.000000,0.000000,-0.000413,0.000000,1.000000,0.873171,-0.390036,0.052000,0.000000,0.000000,0.555000,0.000000,0.000000,0.000000,-1.000000,0.222719,0.000000,0.430878,0.337423,1.000000,0.738804,0,0.00,candidate,1784394021,1784364900
cand-e6525cf2-2254,ETH,long,-0.934675,-0.904854,1.250331,0.312414,0.049840,0.013333,1.101594,0.005419,0.790018,0.000000,0.038970,0.253606,-0.028103,-0.333333,0.391540,0.000000,0.000000,1.000000,0.000000,0.000000,0.746947,0.026184,0.012000,0.021171,0.000000,0.250000,0.000611,0.000000,0.688355,-0.725374,1.000000,-0.066110,-0.056585,0.881140,1.000000,0.595687,0.945820,0.000000,0.000000,0.020972,0.000045,0.665906,0.862146,-0.257321,0.044000,0.000000,0.000000,0.000000,0.018000,0.000000,0.000000,-1.000000,0.287952,0.000000,-0.102528,-0.547170,1.000000,1.000000,0,0.00,candidate,1784394333,1784365200
cand-e6525cf2-2255,BTC,long,-1.106189,-0.864854,0.077735,0.191830,0.026710,0.003333,1.024341,0.001564,0.868225,0.195003,0.244017,-0.683676,0.055365,-0.333333,0.294464,0.000000,0.000000,1.000000,0.000000,0.000000,0.746947,0.026184,0.012000,0.021171,0.000000,0.250000,0.000611,0.000000,0.688355,-0.725374,1.000000,-0.092737,-0.110467,1.080232,1.000000,0.568966,0.977850,0.000000,0.000000,-0.006323,0.000000,1.000000,0.862146,-0.283481,0.040000,0.000000,0.000000,0.622000,0.000000,0.000000,0.000000,-1.000000,0.178154,-1.000000,-0.155950,-0.605096,1.000000,0.738702,0,0.00,candidate,1784394333,1784365200
cand-e6525cf2-2256,ETH,long,-0.284510,-0.660947,0.796639,0.382503,0.049516,0.013333,1.144335,0.005419,0.825762,0.000000,0.023184,-0.416565,-0.027894,-0.333333,0.391540,0.000000,0.000000,1.000000,0.000000,0.000000,0.725063,0.008829,0.012000,0.021171,0.000000,0.250000,0.000611,0.000000,0.672367,-0.740218,1.000000,0.042741,-0.053786,1.428204,1.000000,0.560647,0.941116,0.000000,0.000000,0.018157,0.000000,0.669479,0.851428,-0.327723,0.046000,0.000000,0.000000,0.000000,0.018000,0.000000,0.000000,-1.000000,0.240462,0.000000,-0.566219,-0.247525,1.000000,0.749592,0,0.00,candidate,1784394619,1784365500
cand-e6525cf2-2257,BTC,long,-0.967123,-0.828057,-0.156625,0.164323,0.026517,0.003333,1.129849,0.001564,0.816680,0.000000,0.039608,-0.576899,0.055123,-0.333333,0.294464,0.000000,0.000000,1.000000,0.000000,0.000000,0.725063,0.008829,0.012000,0.021171,0.000000,0.250000,0.000611,0.000000,0.672367,-0.740218,1.000000,-0.026035,-0.080166,0.492682,0.000000,0.402637,0.969294,0.000000,0.000000,-0.011455,0.000000,1.000000,0.851428,-0.252781,0.036000,0.000000,0.000000,0.664000,0.000000,0.000000,0.000000,-1.000000,0.295628,0.000000,0.000036,-0.993976,1.000000,0.738702,0,0.00,candidate,1784394619,1784365500
cand-e6525cf2-2258,BTC,long,0.660335,-0.081828,-0.059563,0.433291,0.026524,0.003333,0.318416,0.001564,0.857387,0.000000,-0.009114,1.528807,0.054873,-0.333333,0.294464,0.000000,0.000000,1.000000,0.000000,0.000000,0.539438,-0.166779,0.012000,0.021171,0.000000,0.250000,0.000611,0.000000,0.659346,-0.751840,1.000000,-0.778824,-0.022758,0.952058,0.000000,0.516227,0.975137,0.000000,0.000000,0.000233,0.000000,1.000000,0.842838,-0.197117,0.064000,0.000000,0.000000,0.650000,0.000000,0.000000,0.000000,-1.000000,0.153003,0.000000,-0.065833,0.743421,1.000000,0.869546,1,0.00,candidate,1784394930,1784365800
cand-e6525cf2-2260,ETH,long,0.096781,-1.675242,-0.350667,-0.206355,0.050452,0.016667,0.906284,0.005427,0.745046,0.000000,-0.011531,2.034576,-0.028053,-0.333333,0.391214,0.000000,0.000000,1.000000,0.000000,0.000000,0.707240,0.003686,0.012000,0.021171,0.000000,0.250000,0.005537,0.000000,0.619094,-0.785317,1.000000,-0.239170,-0.047690,0.371193,0.000000,0.264151,0.901260,0.982458,1.000000,0.003499,0.000000,0.680566,0.818167,-0.070545,0.030000,0.000000,0.000000,0.501000,0.016000,0.000000,0.000000,-1.000000,0.381989,0.000000,0.778799,0.069767,1.000000,0.749982,0,0.00,candidate,1784395512,1784366400
cand-e6525cf2-2261,BTC,long,0.118260,-0.736075,-0.348154,-0.020483,0.026450,0.003333,0.389651,0.001564,0.849808,0.000000,0.000739,0.515832,0.054274,-0.333333,0.294449,0.000000,0.000000,1.000000,0.000000,0.000000,0.707346,0.003791,0.012000,0.021171,0.000000,0.250000,0.005537,0.000000,0.619094,-0.785317,1.000000,-0.071663,-0.207030,0.810870,0.000000,0.316877,0.968981,0.000000,0.000000,-0.012653,0.000000,1.000000,0.817093,-0.063984,0.063000,0.000000,0.000000,0.932000,0.000000,0.000000,0.000000,-1.000000,0.463230,0.000000,0.837690,0.084746,1.000000,1.000000,1,0.00,candidate,1784395512,1784366400
cand-e6525cf2-2264,BTC,long,0.633881,0.133154,-0.516821,0.119921,0.025413,0.000000,0.451557,0.001564,0.875511,0.000000,-0.006238,-0.214449,0.057512,-0.333333,0.294449,0.000000,0.000000,1.000000,0.000000,0.000000,0.867014,0.148647,0.012000,0.021171,0.000000,0.250000,0.010146,0.000000,0.566406,-0.824126,1.000000,-0.354894,-0.062878,1.170123,0.000000,0.384615,0.972059,0.000000,0.000000,-0.010503,0.000000,1.000000,0.785706,-0.272120,0.073000,0.000000,0.000000,0.862000,0.000000,0.000000,0.000000,-1.000000,0.144884,0.000000,-0.038086,0.796875,1.000000,0.869267,1,0.00,candidate,1784396417,1784367300
cand-e6525cf2-2265,BTC,long,0.299059,-0.034502,-0.088201,0.067565,0.024053,0.000000,1.051524,0.001564,0.845119,0.000000,0.000036,-1.105812,0.058284,-0.333333,0.294449,0.000000,0.000000,1.000000,0.000000,0.000000,0.870411,0.151650,0.012000,0.021171,0.000000,0.250000,0.010146,0.000000,0.555570,-0.831470,1.000000,0.599966,-0.046615,0.736801,0.000000,0.437428,0.974459,0.000000,0.000000,-0.009064,0.000000,1.000000,0.779247,-0.401559,0.095000,0.000000,0.000000,0.862000,0.000000,0.000000,0.000000,-1.000000,0.290321,0.000000,0.000473,0.978261,1.000000,0.869267,1,0.00,candidate,1784396726,1784367600
cand-e6525cf2-2266,BTC,long,0.099165,0.377889,-0.700188,0.109744,0.023653,0.000000,0.694420,0.001564,0.875079,0.000000,0.000126,-1.291901,0.058775,-0.333333,0.294449,0.000000,0.000000,1.000000,0.000000,0.000000,0.736409,0.020482,0.012000,0.018921,0.000000,0.250000,0.005698,0.000000,0.537300,-0.843391,1.000000,0.103689,0.053156,1.154839,0.000000,0.454650,0.975242,0.000000,0.000000,-0.008594,0.000000,1.000000,0.770355,-0.412188,0.127000,0.000000,0.000000,0.862000,0.000000,0.000000,0.000000,-1.000000,0.361740,0.000000,0.000000,0.180723,1.000000,0.869221,1,0.00,candidate,1784397032,1784367900
cand-e6525cf2-2267,ETH,long,0.534906,0.632045,-0.807570,-0.080472,0.047640,0.010000,0.941089,0.005423,0.785176,-0.001235,-0.081167,-0.575427,-0.019951,-0.333333,0.391214,0.000000,0.000000,1.000000,0.000000,0.000000,0.844361,0.126107,0.012000,0.018921,0.000000,0.250000,0.005698,0.000000,0.518773,-0.854912,1.000000,0.335320,0.040812,0.769236,0.000000,0.468927,0.932054,0.000000,0.000000,0.020949,0.000000,0.700092,0.759589,-0.279196,0.040000,0.000000,0.000000,0.000000,0.029000,0.000000,0.000000,-1.000000,0.309311,0.691176,-0.000434,0.979167,1.000000,0.738573,0,0.00,candidate,1784397317,1784368200
cand-e6525cf2-2268,ETH,long,0.068833,0.224834,-0.503170,-0.096024,0.047267,0.010000,1.154530,0.005424,0.798016,0.000000,-0.056595,-0.383096,-0.018824,-0.333333,0.391214,0.000000,0.000000,1.000000,0.000000,0.000000,0.740464,0.023544,0.012000,0.010002,0.000000,0.250000,0.001742,0.000000,0.480989,-0.876727,1.000000,0.303732,0.048162,0.918384,0.000000,0.409605,0.924447,0.000000,0.000000,-0.001516,0.000000,0.706979,0.738928,-0.208763,0.023000,0.000000,0.000000,0.074000,0.029000,0.000000,0.000000,-1.000000,0.230480,0.000000,0.716919,0.108696,1.000000,0.738514,0,0.00,candidate,1784397934,1784368800
cand-e6525cf2-2269,BTC,long,0.142272,0.852069,0.183850,0.338430,0.023076,0.000000,0.226951,0.001564,0.867970,0.000000,-0.000480,-0.836612,0.062413,-0.333333,0.294449,0.000000,0.000000,1.000000,0.000000,0.000000,0.740464,0.023544,0.012000,0.010002,0.000000,0.250000,0.001742,0.000000,0.480989,-0.876727,1.000000,-0.503518,0.026031,1.098307,0.000000,0.614668,0.982751,0.000000,0.000000,0.001057,0.000310,1.000000,0.738928,-0.248589,0.030000,0.000000,0.000000,0.666000,0.000000,0.000000,0.000000,-1.000000,0.206698,0.583333,0.303207,0.428571,1.000000,0.738514,1,0.00,candidate,1784397934,1784368800
cand-e6525cf2-2270,BTC,long,-0.137703,0.559456,0.369749,0.363837,0.022704,0.000000,1.045151,0.001564,0.855329,0.000000,-0.000462,-0.275715,0.065104,-0.333333,0.294449,0.000000,0.000000,1.000000,0.000000,0.000000,0.435657,-0.268878,0.012000,0.010002,0.000000,0.250000,-0.003582,0.000000,0.442289,-0.896873,1.000000,0.013878,-0.041213,0.906262,1.000000,0.661234,0.984837,0.000000,0.000000,0.002308,0.000000,1.000000,0.717438,-0.342131,0.066000,0.000000,0.000000,0.670000,0.000000,0.000000,0.000000,-1.000000,0.210929,0.000000,0.548240,-0.163934,1.000000,0.738546,1,0.00,candidate,1784398526,1784369400
cand-e6525cf2-2271,ETH,long,0.218693,-0.112763,0.245916,-0.421670,0.047120,0.010000,0.488527,0.005425,0.789736,0.000000,0.004211,-0.964539,-0.016804,-0.333333,0.391600,0.000000,0.000000,1.000000,0.000000,0.000000,0.459942,-0.244628,0.012000,0.014959,0.000000,0.250000,-0.005247,0.000000,0.426569,-0.904455,1.000000,-0.734309,0.030956,0.772781,0.000000,0.368644,0.919192,0.000000,0.000000,-0.004662,0.000000,0.717171,0.708352,-0.271170,0.022000,0.000000,0.000000,0.287000,0.033000,0.000000,0.000000,-1.000000,0.380354,0.000000,0.002500,0.950000,1.000000,0.738668,0,0.00,candidate,1784398822,1784369700
cand-e6525cf2-2272,BTC,long,0.096869,0.559385,0.675297,0.012983,0.022592,0.000000,1.093528,0.001564,0.847361,0.000000,-0.000649,-0.274014,0.066352,-0.333333,0.294220,0.000000,0.000000,1.000000,0.000000,0.000000,0.459942,-0.244628,0.012000,0.014959,0.000000,0.250000,-0.005247,0.000000,0.426569,-0.904455,1.000000,0.818502,-0.013015,0.803281,1.000000,0.677532,0.985566,0.000000,0.000000,0.002745,0.000000,1.000000,0.708352,-0.349164,0.067000,0.000000,0.000000,0.670000,0.000000,0.000000,0.000000,-1.000000,0.197859,0.000000,0.009259,0.833333,1.000000,0.738668,1,0.00,candidate,1784398822,1784369700
cand-e6525cf2-2273,BTC,long,0.480492,0.358222,0.778156,0.191996,0.022447,0.000000,0.722365,0.001564,0.870437,0.000000,0.000223,-0.529973,0.069244,-0.333333,0.294220,0.000000,0.000000,1.000000,0.000000,0.000000,0.775293,0.067841,0.012000,0.014959,0.000000,0.250000,-0.005247,0.000000,0.402747,-0.915311,1.000000,0.185278,-0.005964,1.139403,1.000000,0.757858,0.989163,0.000000,0.000000,0.004902,0.001167,1.000000,0.697333,-0.403076,0.051000,0.000000,0.000000,0.671000,0.000000,0.000000,0.000000,-1.000000,0.009183,0.000000,-0.000204,0.985714,1.000000,0.738578,1,0.00,candidate,1784399138,1784370000
cand-e6525cf2-2274,BTC,long,0.758516,0.722630,1.454380,0.295038,0.022253,0.000000,0.535533,0.001564,0.886392,0.000000,-0.002794,-0.703842,0.072455,-0.333333,0.294220,0.000000,0.000000,1.000000,0.000000,0.000000,0.939621,0.225161,0.012000,0.014959,0.000000,0.250000,0.002419,0.000000,0.374607,-0.927184,1.000000,0.039266,0.073721,1.372321,1.000000,0.883586,0.994791,0.000000,0.000000,0.008277,0.004543,1.000000,0.683323,-0.562643,0.026000,0.000000,0.000000,0.639000,0.000000,0.000000,0.000000,-1.000000,0.375563,0.000000,-0.001196,0.955357,1.000000,0.869597,1,0.00,candidate,1784399416,1784370300
cand-e6525cf2-2275,ETH,long,1.147585,0.643661,0.934062,0.071934,0.046758,0.010000,0.789205,0.048779,0.752779,0.000000,-0.033733,0.167296,-0.017141,-0.333333,0.391600,0.000000,0.000000,1.000000,0.000000,0.000000,0.940376,0.225916,0.012000,0.014959,0.000000,0.250000,0.002419,0.000000,0.366501,-0.930418,1.000000,-0.423738,0.039390,0.495708,0.000000,0.593220,0.947981,0.000000,0.000000,0.011332,0.005786,0.726948,0.679022,-0.132768,0.061000,0.000000,0.000000,0.000000,0.021000,0.000000,0.000000,-1.000000,0.561885,0.000000,0.000100,0.990000,1.000000,0.869072,1,0.00,candidate,1784399416,1784370300
cand-e6525cf2-2276,BTC,long,0.000000,0.667084,1.100899,0.652625,0.022097,0.000000,1.044850,0.001563,0.840946,0.000000,-0.034348,-0.771493,0.073343,-0.333333,0.294220,0.000000,0.000000,1.000000,0.000000,0.000000,0.939882,0.225455,0.012000,0.018839,0.000000,0.250000,0.002419,0.000000,0.362438,-0.932008,1.000000,0.243177,0.067758,0.665463,1.000000,0.883586,0.994791,0.000000,0.000000,0.003796,0.000000,1.000000,0.676887,-0.339149,0.056000,0.000000,0.000000,0.615000,0.000000,0.000000,0.000000,-1.000000,0.205510,0.000000,-1.000000,0.000000,1.000000,0.869542,1,0.00,candidate,1784399725,1784370600
cand-e6525cf2-2332,ETH,long,-0.151649,-3.433327,-0.999794,-0.829042,0.050228,0.016667,0.983079,0.005442,0.810794,0.000000,0.026847,1.958949,-0.014049,-0.333333,0.392906,0.000000,0.000000,1.000000,0.000000,0.000000,0.890297,0.124377,0.060000,0.009473,0.000000,0.250000,-0.014219,0.000000,-0.362438,-0.932008,1.000000,2.000000,-0.360910,1.009150,0.000000,0.112855,0.784720,0.906235,1.000000,-0.065468,-0.050175,0.846038,0.321752,-0.470523,0.019000,0.000000,0.000000,0.601000,0.008000,0.000000,0.000000,-1.000000,0.389163,0.000000,0.320399,-0.060748,1.000000,1.000000,1,0.00,candidate,1784399725,1784380800
cand-e6525cf2-2334,ETH,long,2.999227,-1.312543,0.139653,-0.289745,0.051662,0.016667,0.607192,0.005434,0.877858,0.000000,-0.089296,0.431846,-0.012348,-0.333333,0.392906,0.000000,0.000000,1.000000,0.000000,0.000000,0.975855,0.167489,0.060000,0.009473,0.000000,0.250000,-0.014219,0.000000,-0.382683,-0.923880,1.000000,-0.472425,-0.233670,2.957795,0.000000,0.325859,0.836663,0.957989,1.000000,-0.034401,-0.019240,0.849614,0.311022,-0.431849,0.039000,0.000000,0.000000,0.957000,0.008000,0.000000,0.000000,-1.000000,0.450922,1.000000,0.000000,1.000000,1.000000,1.000000,1,0.00,candidate,1784399725,1784381100
cand-e6525cf2-2337,ETH,long,0.497569,0.172875,-0.870199,-0.483911,0.051312,0.016667,0.356482,0.005433,0.822878,0.000000,0.130991,-0.126908,-0.008996,-0.333333,0.392906,0.000000,0.000000,1.000000,0.000000,0.000000,0.801716,0.010005,0.060000,0.009806,0.000000,0.250000,0.013891,0.000000,-0.426569,-0.904455,1.000000,1.139858,-0.066505,1.232195,0.000000,0.350523,0.842667,0.963971,1.000000,-0.030810,-0.015658,0.857204,0.288252,-0.450728,0.036000,0.000000,0.000000,0.772000,0.004000,0.000000,0.000000,-1.000000,0.410804,0.000000,0.444344,0.197425,1.000000,1.000000,1,0.00,candidate,1784399725,1784381700
cand-e6525cf2-2374,ETH,long,-1.973971,-0.758235,-1.041203,-0.866118,0.051150,0.016667,0.890109,0.005432,0.845426,0.000000,0.087642,-0.512793,0.008225,-0.333333,0.391593,0.000000,0.000000,1.000000,0.000000,0.000000,0.770830,-0.000461,0.440000,0.009461,0.000000,0.250000,-0.001924,0.000000,-0.882948,-0.469472,1.000000,0.596144,0.038402,1.713480,0.000000,0.358744,0.844667,0.000000,0.000000,-0.035669,0.000000,0.959194,0.982282,-0.415352,0.053000,0.000000,0.000000,0.620000,0.007000,0.000000,0.000000,-1.000000,0.373772,0.000000,-0.001275,-0.958763,1.000000,0.739725,1,0.00,candidate,1784399725,1784390400
cand-e6525cf2-2405,ETH,long,5.407668,2.333654,3.306254,1.717713,0.063047,0.060000,0.801064,0.107577,0.823528,-2.394985,-3.467996,4.504157,-0.002759,-0.333333,0.384935,0.000000,0.000000,1.000000,0.000000,0.000000,0.992118,0.186244,0.776000,0.009411,0.000000,0.250000,0.006851,0.000000,-0.993572,0.113203,1.000000,0.360212,0.215202,1.449494,1.000000,0.936436,0.979895,0.000000,0.000000,0.128430,0.104753,1.000000,0.695735,-0.126387,0.005000,0.000000,0.000000,0.710000,0.003000,0.000000,0.000000,-1.000000,0.394036,0.000000,0.007686,0.718182,1.000000,1.000000,0,0.00,candidate,1784399725,1784398800
cand-e6525cf2-2277,BTC,long,-0.547046,0.272674,0.736523,0.517061,0.021998,0.000000,0.610594,0.001563,0.933814,0.000000,-0.001871,-0.398517,0.075660,-0.333333,0.294220,0.000000,0.000000,1.000000,0.000000,0.000000,0.929506,0.224341,0.012000,0.018839,0.000000,0.250000,-0.003571,0.000000,0.342020,-0.939693,1.000000,-0.018206,-0.043922,2.346792,1.000000,0.793946,0.990779,0.000000,0.000000,0.001389,0.000000,1.000000,0.665835,-0.201243,0.035000,0.000000,0.000000,0.638000,0.000000,0.000000,0.000000,-1.000000,0.035355,0.000000,-0.013212,-0.885057,1.000000,0.869627,1,0.00,candidate,1784400005,1784370900
cand-e6525cf2-2278,ETH,long,-0.058978,0.019263,-0.245124,-0.020430,0.045980,0.010000,1.164895,0.005425,0.780782,0.000000,-0.071106,-0.172378,-0.017456,-0.333333,0.391600,0.000000,0.000000,1.000000,0.000000,0.000000,0.886738,0.181717,0.012000,0.018839,0.000000,0.250000,-0.003571,0.000000,0.321439,-0.946930,1.000000,0.897163,0.013756,0.883163,0.000000,0.347458,0.916474,0.988700,1.000000,-0.007532,0.000000,0.734940,0.655045,-0.216944,0.080000,0.000000,0.000000,0.237000,0.040000,0.000000,0.000000,-1.000000,0.054509,0.000000,0.891852,-0.044444,1.000000,0.738729,1,0.00,candidate,1784400322,1784371200
cand-e6525cf2-2279,BTC,long,-0.184969,0.255607,0.589556,0.354366,0.021970,0.000000,1.066939,0.001563,0.926557,0.000000,-0.002091,-0.495605,0.076478,-0.333333,0.294220,0.000000,0.000000,1.000000,0.000000,0.000000,0.886738,0.181717,0.012000,0.018839,0.000000,0.250000,-0.003571,0.000000,0.321439,-0.946930,1.000000,0.456345,0.002170,1.865022,1.000000,0.763679,0.989424,0.000000,0.000000,0.000576,0.000000,1.000000,0.655045,-0.166788,0.048000,0.000000,0.000000,0.621000,0.000000,0.000000,0.000000,-1.000000,0.040532,0.000000,0.390432,-0.361111,1.000000,0.869627,1,0.00,candidate,1784400322,1784371200
cand-e6525cf2-2280,ETH,long,0.462048,0.116076,0.000000,0.015389,0.045775,0.010000,0.911677,0.005424,0.795315,0.000000,-0.009519,-0.846709,-0.015815,-0.333333,0.391600,0.000000,0.000000,1.000000,0.000000,0.000000,0.870426,0.163745,0.012000,0.018838,0.000000,0.250000,-0.001190,0.000000,0.296542,-0.955020,1.000000,-0.253218,0.019694,1.172133,0.000000,0.402542,0.923541,0.000000,0.000000,-0.003301,0.000000,0.738965,0.642972,-0.195222,0.089000,0.000000,0.000000,0.125000,0.035000,0.000000,0.000000,-1.000000,0.211007,1.000000,-0.016541,0.847826,1.000000,0.738729,1,0.00,candidate,1784400634,1784371500
cand-e6525cf2-2281,BTC,long,0.370966,0.366989,0.667390,0.359450,0.021909,0.000000,0.584642,0.001563,0.927183,0.000000,0.000923,-1.446674,0.078449,-0.333333,0.294220,0.000000,0.000000,1.000000,0.000000,0.000000,0.870206,0.163525,0.012000,0.018838,0.000000,0.250000,-0.001190,0.000000,0.296542,-0.955020,1.000000,-0.438861,0.013015,1.072916,1.000000,0.824214,0.992133,0.000000,0.000000,0.002202,0.000000,1.000000,0.641893,-0.253602,0.054000,0.000000,0.000000,0.615000,0.000000,0.000000,0.000000,-1.000000,0.144462,1.000000,0.000000,1.000000,1.000000,0.869627,1,0.00,candidate,1784400634,1784371500
cand-e6525cf2-2282,ETH,long,0.214567,-0.087588,-0.099780,0.034411,0.045488,0.010000,0.956750,0.037963,0.735733,0.000000,-0.027091,-0.925732,-0.015458,-0.333333,0.391600,0.000000,0.000000,1.000000,0.000000,0.000000,0.841383,0.135296,0.012000,0.018838,0.000000,0.250000,-0.001190,0.000000,0.284015,-0.958820,1.000000,-0.217335,0.008753,0.548481,0.000000,0.427966,0.926801,0.000000,0.000000,-0.001349,0.000000,0.741478,0.635431,-0.067787,0.071000,0.000000,0.000000,0.046000,0.025000,0.000000,0.000000,-1.000000,0.617558,0.000000,-0.087791,0.703704,1.000000,0.738729,1,0.00,candidate,1784400911,1784371800
cand-e6525cf2-2283,BTC,long,-0.007410,0.169420,0.389381,0.314528,0.021091,0.000000,0.842582,0.001563,0.932079,0.000000,-0.004589,-1.136699,0.078763,-0.333333,0.294220,0.000000,0.000000,1.000000,0.000000,0.000000,0.841383,0.135296,0.012000,0.018838,0.000000,0.250000,-0.001190,0.000000,0.284015,-0.958820,1.000000,0.176726,-0.009759,1.129864,1.000000,0.823050,0.992081,0.000000,0.000000,0.000127,0.000000,1.000000,0.635431,-0.242032,0.064000,0.000000,0.000000,0.632000,0.000000,0.000000,0.000000,-1.000000,0.245005,0.000000,0.000000,-1.000000,1.000000,0.869627,1,0.00,candidate,1784400911,1784371800
cand-e6525cf2-2284,ETH,long,0.244321,-0.483605,0.137540,0.102279,0.044383,0.010000,1.040728,0.016267,0.778613,0.000000,0.000888,-0.857243,-0.015350,-0.333333,0.391600,0.000000,0.000000,1.000000,0.000000,0.000000,0.799306,0.093894,0.012000,0.018838,0.000000,0.250000,-0.000055,0.000000,0.258819,-0.965926,1.000000,-0.113240,-0.008127,1.115332,0.000000,0.456215,0.930424,0.000000,0.000000,0.000820,0.000000,0.745067,0.624663,-0.159937,0.166000,0.000000,0.000000,0.000000,0.031000,0.000000,0.000000,-1.000000,0.150021,0.000000,-0.237954,0.512195,1.000000,0.738729,1,0.00,candidate,1784401231,1784372100
cand-e6525cf2-2285,BTC,long,0.000000,-0.158999,0.432505,0.303854,0.020866,0.000000,1.100914,0.001563,0.927661,-0.000830,-0.005364,-1.271818,0.079085,-0.333333,0.294220,0.000000,0.000000,1.000000,0.000000,0.000000,0.799267,0.093855,0.012000,0.018838,0.000000,0.250000,-0.000055,0.000000,0.258819,-0.965926,1.000000,0.274207,-0.052575,1.046657,1.000000,0.823050,0.992081,0.000000,0.000000,0.000127,0.000000,1.000000,0.623548,-0.230309,0.074000,0.000000,0.000000,0.643000,0.000000,0.000000,0.000000,-1.000000,0.248241,0.000000,-1.000000,0.000000,1.000000,0.869627,1,0.00,candidate,1784401231,1784372100
cand-e6525cf2-2286,ETH,long,-0.610780,-0.707978,-0.059953,0.074072,0.044388,0.010000,1.183284,0.005424,0.811295,0.000000,0.029479,-0.646545,-0.015677,-0.333333,0.391600,0.000000,0.000000,1.000000,0.000000,0.000000,-0.528936,-1.000000,0.012000,0.009909,0.000000,0.250000,-0.000055,0.000000,0.237686,-0.971342,1.000000,-0.013344,0.008282,1.639389,0.000000,0.385593,0.921367,0.000000,0.000000,-0.004603,0.000000,0.748636,0.613959,-0.387670,0.057000,0.000000,0.000000,0.143000,0.032000,0.000000,0.000000,-1.000000,0.125916,-1.000000,-0.091481,-0.566667,1.000000,0.738729,1,0.00,candidate,1784401509,1784372400
cand-e6525cf2-2287,BTC,long,0.787079,0.162186,0.614638,0.433965,0.020848,0.000000,0.965459,0.001563,0.841524,0.000000,-0.001032,0.223781,0.080554,-0.333333,0.294220,0.000000,0.000000,1.000000,0.000000,0.000000,-0.528936,-1.000000,0.012000,0.009909,0.000000,0.250000,-0.000055,0.000000,0.237686,-0.971342,1.000000,-0.141663,-0.076977,0.287302,1.000000,0.945285,0.997552,0.000000,0.000000,0.003409,0.002725,1.000000,0.613959,-0.323889,0.070000,0.000000,0.000000,0.669000,0.000000,0.000000,0.000000,-1.000000,0.257116,0.000000,0.000091,0.990476,1.000000,1.000000,1,0.00,candidate,1784401509,1784372400
cand-e6525cf2-2288,ETH,long,0.477145,0.304696,-0.070625,0.183686,0.044321,0.010000,1.198929,0.005424,0.767399,0.000000,0.065921,-0.324144,-0.015580,-0.333333,0.391600,0.000000,0.000000,1.000000,0.000000,0.000000,-0.663953,-1.000000,0.012000,0.009909,0.000000,0.250000,0.001869,0.000000,0.207912,-0.978148,1.000000,0.088930,0.013597,0.797329,0.000000,0.440678,0.928432,0.000000,0.000000,-0.000373,0.000000,0.753392,0.599690,-0.165402,0.023000,0.000000,0.000000,0.125000,0.031000,0.000000,0.000000,-1.000000,0.039808,0.000000,-0.319471,0.434783,1.000000,0.738810,1,0.00,candidate,1784401820,1784372700
cand-e6525cf2-2289,BTC,long,-0.323788,0.267474,0.393512,0.208715,0.020753,0.000000,1.075002,0.001563,0.862553,0.000000,-0.001198,-0.884883,0.081544,-0.333333,0.294220,0.000000,0.000000,1.000000,0.000000,0.000000,-0.662620,-1.000000,0.012000,0.009909,0.000000,0.250000,0.001869,0.000000,0.199368,-0.979925,1.000000,-0.118831,0.033079,0.459541,1.000000,0.895227,0.995312,0.000000,0.000000,0.002065,0.001381,1.000000,0.594297,-0.135185,0.046000,0.000000,0.000000,0.779000,0.000000,0.000000,0.000000,-1.000000,0.696353,0.000000,-0.168887,-0.589041,1.000000,0.869829,1,0.00,candidate,1784401820,1784372700
cand-e6525cf2-2290,ETH,long,-0.440761,0.149977,0.120191,0.318279,0.044288,0.010000,0.340651,0.005424,0.716585,0.000000,0.000018,-0.830480,-0.015855,-0.333333,0.391600,0.000000,0.000000,1.000000,0.000000,0.000000,-0.532977,-1.000000,0.012000,0.009909,0.000000,0.250000,0.001869,0.000000,0.195090,-0.980785,1.000000,-0.870340,0.017817,0.382267,0.000000,0.389831,0.921910,0.000000,0.000000,-0.004277,0.000000,0.755551,0.593212,-0.159978,0.051000,0.000000,0.000000,0.129000,0.041000,0.000000,0.000000,-1.000000,0.117030,0.000000,0.005260,-0.897436,1.000000,0.738721,1,0.00,candidate,1784402106,1784373000
cand-e6525cf2-2291,BTC,long,0.007556,0.351714,0.440708,0.218172,0.020681,0.000000,0.369067,0.001563,0.866387,0.000000,-0.001045,-0.701660,0.081611,-0.333333,0.294220,0.000000,0.000000,1.000000,0.000000,0.000000,-0.532977,-1.000000,0.012000,0.009909,0.000000,0.250000,0.001869,0.000000,0.195090,-0.980785,1.000000,-0.705935,0.016270,0.487368,1.000000,0.896391,0.995364,0.000000,0.000000,0.002096,0.001412,1.000000,0.593212,-0.135185,0.032000,0.000000,0.000000,0.779000,0.000000,0.000000,0.000000,-1.000000,0.581673,0.000000,1.000000,0.000000,1.000000,0.869785,1,0.00,candidate,1784402106,1784373000
cand-e6525cf2-2292,ETH,long,0.024987,-0.035702,0.061314,0.147900,0.043406,0.010000,1.142655,0.005424,0.814026,0.000000,0.003193,-0.923560,-0.016822,-0.333333,0.391530,0.000000,0.000000,1.000000,0.000000,0.000000,-0.516481,-1.000000,0.012000,0.010098,0.000000,0.250000,-0.001972,0.000000,0.160743,-0.986996,1.000000,-0.008493,0.011096,1.586412,0.000000,0.392655,0.922273,0.000000,0.000000,-0.004117,0.000000,0.761542,0.575240,-0.252151,0.142000,0.000000,0.000000,0.136000,0.033000,0.000000,0.000000,-1.000000,0.207296,0.000000,-0.800554,0.105263,1.000000,0.738632,1,0.00,candidate,1784402434,1784373300
cand-e6525cf2-2293,BTC,long,0.069425,0.223605,0.438750,0.157008,0.020258,0.000000,1.138680,0.001563,0.877362,0.000000,0.003149,-0.816050,0.081706,-0.333333,0.294004,0.000000,0.000000,1.000000,0.000000,0.000000,-0.516664,-1.000000,0.012000,0.010098,0.000000,0.250000,-0.001972,0.000000,0.156434,-0.987688,1.000000,0.648182,-0.003796,1.248415,1.000000,0.906868,0.995833,0.000000,0.000000,0.002377,0.001693,1.000000,0.573096,-0.303956,0.058000,0.000000,0.000000,0.678000,0.000000,0.000000,0.000000,-1.000000,0.222541,0.000000,0.010000,0.900000,1.000000,0.869740,1,0.00,candidate,1784402434,1784373300
cand-e6525cf2-2294,ETH,long,0.768608,0.185171,0.065465,0.083656,0.043031,0.010000,1.117577,0.005423,0.817376,-0.014399,-0.072873,-0.611736,-0.016843,-0.333333,0.391530,0.000000,0.000000,1.000000,0.000000,0.000000,0.543669,-0.125067,0.012000,0.010098,0.000000,0.250000,-0.001972,0.000000,0.152123,-0.988362,1.000000,0.788339,0.019534,1.622527,0.000000,0.478814,0.933321,0.000000,0.000000,0.002498,0.000000,0.762618,0.572011,-0.317145,0.061000,0.000000,0.000000,0.013000,0.032000,0.000000,0.000000,-1.000000,0.195224,0.000000,0.038954,0.802632,1.000000,0.738632,1,0.00,candidate,1784402711,1784373600
cand-e6525cf2-2295,BTC,long,0.412148,0.396860,0.406360,0.070714,0.020095,0.000000,1.132513,0.001563,0.882017,0.000000,0.002210,-1.111263,0.081751,-0.333333,0.294004,0.000000,0.000000,1.000000,0.000000,0.000000,0.543669,-0.125067,0.012000,0.010098,0.000000,0.250000,-0.001972,0.000000,0.152123,-0.988362,1.000000,-0.006168,0.019518,1.338703,1.000000,0.968568,0.998594,0.000000,0.000000,0.004033,0.003350,1.000000,0.572011,-0.303956,0.066000,0.000000,0.000000,0.700000,0.000000,0.000000,0.000000,-1.000000,0.076380,0.000000,0.000343,0.981481,1.000000,0.869740,1,0.00,candidate,1784402711,1784373600
cand-e6525cf2-2296,BTC,long,-0.250662,0.297433,0.092717,0.062189,0.019949,0.000000,0.955511,0.001563,0.853558,0.000000,0.000781,-0.046541,0.082471,-0.333333,0.294004,0.000000,0.000000,1.000000,0.000000,0.000000,0.668549,-0.001155,0.012000,0.010098,0.000000,0.250000,-0.003102,0.000000,0.126199,-0.992005,1.000000,0.588532,-0.005964,0.908179,1.000000,0.931315,0.996927,0.000000,0.000000,0.003034,0.000981,1.000000,0.560177,-0.293801,0.047000,0.000000,0.000000,0.699000,0.000000,0.000000,0.000000,-1.000000,0.381503,0.000000,0.000000,-0.380952,1.000000,0.869740,1,0.00,candidate,1784403029,1784373900
cand-e6525cf2-2297,ETH,long,-0.343663,-0.057162,-0.396742,-0.016535,0.042594,0.010000,0.474446,0.005424,0.823592,0.033125,0.106846,-0.727110,-0.017007,-0.333333,0.391530,0.000000,0.000000,1.000000,0.000000,0.000000,0.668568,-0.001134,0.012000,0.010098,0.000000,0.250000,-0.003102,0.000000,0.113203,-0.993572,1.000000,-0.239852,0.014534,1.466475,0.000000,0.440678,0.928432,0.000000,0.000000,0.015394,0.000000,0.768727,0.553685,-0.143708,0.042000,0.000000,0.000000,0.100000,0.035000,0.000000,0.000000,-1.000000,0.618588,0.000000,-0.221453,-0.529412,1.000000,0.738632,1,0.00,candidate,1784403029,1784373900
cand-e6525cf2-2298,ETH,long,-0.217356,0.114846,-0.442784,-0.003691,0.042408,0.010000,1.126261,0.005424,0.802109,0.000000,0.020686,-0.566191,-0.017353,-0.333333,0.391530,0.000000,0.000000,1.000000,0.000000,0.000000,0.101513,-0.561791,0.012000,0.009918,0.000000,0.250000,-0.003102,0.000000,0.104528,-0.994522,1.000000,0.651815,0.007032,1.108237,0.000000,0.416667,0.925352,0.000000,0.000000,0.013551,0.000000,0.770606,0.548048,-0.287388,0.086000,0.000000,0.000000,0.132000,0.042000,0.000000,0.000000,-1.000000,0.193150,0.000000,0.093333,-0.300000,1.000000,0.738632,1,0.00,candidate,1784403305,1784374200
cand-e6525cf2-2299,ETH,long,-0.843352,-0.432960,-0.081161,-0.164138,0.042442,0.010000,1.130271,0.005424,0.808498,0.000000,0.003927,-0.778015,-0.017911,-0.333333,0.391530,0.000000,0.000000,1.000000,0.000000,0.000000,0.459273,-0.202529,0.012000,0.009918,0.000000,0.250000,-0.003102,0.000000,0.087156,-0.996195,1.000000,-0.039837,0.009376,1.240473,0.000000,0.323446,0.913392,0.000000,0.000000,0.006396,0.000000,0.773115,0.540520,0.013560,0.052000,0.000000,0.000000,0.139000,0.040000,0.000000,0.000000,-1.000000,0.751829,0.000000,-0.058264,-0.758621,1.000000,0.738632,1,0.00,candidate,1784403613,1784374500
cand-e6525cf2-2300,ETH,long,0.562674,-0.015660,0.099668,-0.092266,0.042412,0.010000,0.935554,0.027115,0.722570,-0.093027,-0.184800,-0.218204,-0.017667,-0.333333,0.391530,0.000000,0.000000,1.000000,0.000000,0.000000,0.343994,-0.314187,0.012000,0.009918,0.000000,0.250000,0.003894,0.000000,0.052336,-0.998630,1.000000,-0.242079,0.009220,0.326202,0.000000,0.385593,0.921367,0.000000,0.000000,0.011167,0.000000,0.778491,0.524394,-0.140976,0.043000,0.000000,0.000000,0.078000,0.042000,0.000000,0.000000,-1.000000,0.455022,0.000000,0.028764,0.551282,1.000000,0.738632,1,0.00,candidate,1784403928,1784374800
cand-e6525cf2-2301,ETH,long,0.945717,0.359996,0.228727,0.282289,0.042425,0.010000,1.208587,0.005424,0.809910,0.065137,0.165049,-0.670521,-0.017351,-0.333333,0.391530,0.000000,0.000000,1.000000,0.000000,0.000000,0.681178,0.025654,0.012000,0.013824,0.000000,0.250000,0.000072,0.000000,0.034899,-0.999391,1.000000,0.273033,0.012345,1.123483,0.000000,0.490113,0.934769,0.000000,0.000000,0.019185,0.000000,0.781097,0.516576,-0.154553,0.062000,0.000000,0.000000,0.107000,0.038000,0.000000,0.000000,-1.000000,0.752548,0.000000,0.089440,0.700935,1.000000,0.738683,1,0.00,candidate,1784404206,1784375100
cand-e6525cf2-2302,ETH,long,-0.293292,-0.078090,0.077313,0.370179,0.042513,0.010000,1.304534,0.005423,0.790011,0.000000,-0.007591,-0.596117,-0.017837,-0.333333,0.391530,0.000000,0.000000,1.000000,0.000000,0.000000,0.727366,0.071349,0.012000,0.013824,0.000000,0.250000,0.000072,0.000000,0.017452,-0.999848,1.000000,0.111527,0.000938,0.897077,0.000000,0.457627,0.930605,0.000000,0.000000,0.016694,0.000000,0.784339,0.506848,-0.189752,0.094000,0.000000,0.000000,0.000000,0.038000,0.000000,0.000000,-1.000000,0.301735,0.000000,0.536641,-0.267442,1.000000,0.738683,1,0.00,candidate,1784404512,1784375400
cand-e6525cf2-2303,BTC,short,0.160802,-0.019695,-0.304085,-0.230978,0.019434,0.000000,1.402910,0.001563,0.869224,0.000000,-0.013042,1.437435,-0.082638,0.333333,0.294004,0.000000,0.000000,1.000000,0.000000,0.000000,0.727079,0.071063,0.012000,-0.013824,0.000000,0.250000,0.000072,0.000000,0.013090,-0.999914,1.000000,1.677966,0.008132,1.271451,-1.000000,0.964327,0.956352,0.000000,0.000000,0.004221,0.002168,1.000000,0.504691,0.295353,0.057000,0.000000,0.000000,0.711000,0.000000,0.000000,0.000000,-1.000000,0.851013,-0.000000,0.096886,0.588235,-1.000000,1.000000,0,0.00,candidate,1784404512,1784375400
cand-e6525cf2-2304,ETH,long,0.000000,0.062585,0.003688,0.221337,0.042439,0.010000,0.871488,0.005420,0.771488,-0.112935,-0.227584,-0.308844,-0.018535,-0.333333,0.391530,0.000000,0.000000,1.000000,0.000000,0.000000,0.038949,-0.502694,0.012000,0.013824,0.000000,0.250000,0.000072,0.000000,0.000000,-1.000000,1.000000,-0.241053,0.070764,0.694243,1.000000,0.457627,0.930605,0.000000,0.000000,0.016694,0.000000,0.787197,0.498276,-0.322392,0.022000,0.000000,0.000000,0.000000,0.040000,0.000000,0.000000,-1.000000,0.218150,0.000000,-0.984906,-0.007576,1.000000,0.738762,1,0.00,candidate,1784405008,1784375700
cand-e6525cf2-2305,BTC,long,3.241447,1.444533,1.231229,0.649455,0.019999,0.000000,1.161294,0.001561,0.884264,-0.088597,-0.381021,5.000000,0.083390,-0.333333,0.294004,0.000000,0.000000,1.000000,0.000000,0.000000,0.038949,-0.502694,0.012000,0.013824,0.000000,0.250000,0.000072,0.000000,0.000000,-1.000000,1.000000,2.000000,0.006506,1.613086,1.000000,0.808909,0.984593,0.000000,0.000000,0.018408,0.012886,1.000000,0.498276,-0.323390,0.039000,0.000000,0.000000,0.773000,0.000000,0.000000,0.000000,-1.000000,0.043515,1.000000,-0.172830,0.582865,1.000000,1.000000,1,0.00,candidate,1784405008,1784375700
cand-e6525cf2-2306,ETH,long,2.936604,1.346289,1.031063,0.927455,0.043542,0.010000,1.188193,0.027072,0.814320,-0.154822,-0.365950,1.873583,-0.018136,-0.333333,0.391530,0.000000,0.000000,1.000000,0.000000,0.000000,0.898536,0.216519,0.012000,0.013824,0.000000,0.250000,-0.001817,0.000000,-0.021815,-0.999762,1.000000,0.377462,0.169079,1.366101,1.000000,0.778111,0.973288,0.000000,0.000000,0.042229,0.017134,0.790418,0.488612,-0.189468,0.028000,0.000000,0.000000,0.491000,0.037000,0.000000,0.000000,-1.000000,0.338989,1.000000,-0.000000,0.991597,1.000000,0.868689,1,0.00,candidate,1784405105,1784376000
cand-e6525cf2-2307,BTC,long,5.022981,3.233651,2.381630,1.638970,0.021346,0.000000,0.498488,0.001560,0.890229,0.000000,-0.074196,5.000000,0.084550,-0.333333,0.294004,0.000000,0.000000,1.000000,0.000000,0.000000,0.898536,0.216519,0.012000,0.013824,0.000000,0.250000,-0.001817,0.000000,-0.021815,-0.999762,1.000000,-0.576263,0.143589,1.701948,1.000000,0.960872,0.995892,0.000000,0.000000,0.040774,0.033857,1.000000,0.488612,-0.422762,0.055000,0.000000,0.000000,0.709000,0.000000,0.000000,0.000000,-1.000000,0.125242,0.000000,-0.010635,0.895561,1.000000,1.000000,1,0.00,candidate,1784405105,1784376000
cand-e6525cf2-2308,BTC,short,0.807278,-3.032261,-2.272631,-1.572297,0.021064,0.000000,0.679903,0.001560,0.824436,0.000000,-0.044209,3.000875,-0.085426,0.333333,0.294004,0.000000,0.000000,1.000000,0.000000,0.000000,0.867616,0.181625,0.012000,-0.009944,0.000000,0.250000,-0.001817,0.000000,-0.052336,-0.998630,1.000000,0.750107,-0.121972,0.604380,-1.000000,0.672667,0.904779,0.992667,1.000000,0.037019,0.031513,1.000000,0.474400,0.207188,0.046000,0.000000,0.000000,0.133000,0.000000,0.000000,0.000000,-1.000000,0.351495,-0.000000,0.770297,0.122334,-1.000000,1.000000,0,0.00,candidate,1784405419,1784376300
cand-e6525cf2-2309,BTC,long,0.690053,3.352565,2.498587,1.632226,0.020799,0.000000,0.051924,0.001560,0.876651,0.000000,-0.049041,0.351807,0.085690,-0.333333,0.292569,0.000000,0.000000,1.000000,0.000000,0.000000,0.820256,0.141596,0.020000,0.009944,0.000000,0.250000,0.026482,0.000000,-0.069756,-0.997564,1.000000,0.572576,0.087272,1.224468,1.000000,0.706466,0.958454,0.000000,0.000000,0.039884,0.034388,1.000000,0.465190,-0.147715,0.031000,0.000000,0.000000,0.116000,0.000000,0.000000,0.000000,-1.000000,0.415638,0.000000,-0.378285,0.380753,1.000000,0.880570,1,0.00,candidate,1784405705,1784376600
cand-e6525cf2-2310,ETH,short,0.252836,-0.831328,-0.576879,-0.348715,0.042858,0.010000,0.653056,0.021709,0.721794,-0.326019,-0.810925,0.249778,0.017260,0.333333,0.390940,0.000000,0.000000,1.000000,0.000000,0.000000,0.817581,0.138929,0.020000,-0.009944,0.000000,0.250000,0.026482,0.000000,-0.078459,-0.996917,1.000000,0.933041,-0.170802,0.344081,-1.000000,0.463415,0.934800,0.000000,0.000000,-0.016444,0.000000,0.799651,0.460913,0.184496,0.035000,0.000000,0.000000,0.805000,0.013000,0.000000,0.000000,-1.000000,0.237849,-0.000000,0.466468,0.206186,-1.000000,1.000000,0,0.00,candidate,1784405705,1784376600
cand-e6525cf2-2311,BTC,short,1.458357,-2.641887,-2.038050,-1.353655,0.020968,0.000000,0.673946,0.001561,0.843566,0.000000,0.015976,0.671978,-0.085942,0.333333,0.292569,0.000000,0.000000,1.000000,0.000000,0.000000,0.771706,0.090409,0.020000,-0.013821,0.000000,0.250000,0.026482,0.000000,-0.091502,-0.995805,1.000000,0.725870,0.088941,0.805253,-1.000000,0.634460,0.910173,0.965359,1.000000,0.041189,0.024548,1.000000,0.454232,0.149968,0.038000,0.000000,0.000000,0.264000,0.000000,0.000000,0.000000,-1.000000,0.216666,1.000000,-0.060117,0.362292,-1.000000,0.880461,0,0.00,candidate,1784406029,1784376900
cand-e6525cf2-2312,ETH,short,2.381642,1.664064,1.228686,0.562326,0.045131,0.010000,0.069937,0.016298,0.786600,0.000000,-0.101451,3.321415,0.017788,0.333333,0.390940,0.000000,0.000000,1.000000,0.000000,0.000000,0.877463,0.160863,0.020000,-0.013821,0.000000,0.250000,0.002645,0.000000,-0.113203,-0.993572,1.000000,-0.716543,-0.088247,0.966844,0.000000,0.084477,0.985516,0.000000,0.000000,-0.027744,-0.004168,0.805097,0.444574,0.187393,0.020000,0.000000,0.000000,0.754000,0.014000,0.000000,0.000000,-1.000000,0.093726,-0.000000,-0.046665,0.619497,-1.000000,0.868687,0,0.00,candidate,1784406306,1784377200
cand-e6525cf2-2313,BTC,long,-2.351854,1.675486,1.197335,0.980585,0.021502,0.000000,1.030968,0.001561,0.867779,0.000000,-0.088165,0.509544,0.086427,-0.333333,0.292569,0.000000,0.000000,1.000000,0.000000,0.000000,0.877693,0.161110,0.020000,0.013821,0.000000,0.250000,0.002645,0.000000,-0.121869,-0.992546,1.000000,1.704914,-0.183958,1.087224,1.000000,0.515430,0.931359,0.000000,0.000000,0.031093,0.014424,1.000000,0.441343,-0.155227,0.057000,0.000000,0.000000,0.448000,0.000000,0.000000,0.000000,-1.000000,0.318991,0.000000,0.182292,-0.504658,1.000000,0.880407,1,0.00,candidate,1784406306,1784377200
cand-46965346-2446,ETH,short,0.972832,2.057442,1.413311,0.928030,0.045233,0.010000,0.335950,0.005432,0.786728,0.000000,0.105865,0.838153,0.017715,0.333333,0.390940,0.000000,0.000000,1.000000,0.000000,0.000000,0.633854,-0.050690,0.020000,-0.013821,0.000000,0.250000,0.002645,0.000000,-0.134851,-0.990866,1.000000,0.266012,-0.044339,0.985984,0.000000,0.019648,0.996559,0.000000,0.000000,-0.039534,-0.024179,0.808314,0.434925,0.103192,0.036000,0.000000,0.000000,0.670000,0.014000,0.000000,0.000000,-1.000000,0.190029,-0.000000,0.161938,0.470588,-1.000000,1.000000,0,0.00,candidate,1784406704,1784377500
cand-46965346-2447,BTC,short,-0.965042,-0.835096,-1.532937,-0.824744,0.021675,0.000000,0.515712,0.001561,0.901998,0.000000,-0.065272,0.983599,-0.086749,0.333333,0.292569,0.000000,0.000000,1.000000,0.000000,0.000000,0.629488,-0.055016,0.020000,-0.013821,0.000000,0.250000,0.025970,0.000000,-0.143493,-0.989651,1.000000,1.443367,0.227962,1.816511,-1.000000,0.564658,0.920031,0.000000,0.000000,0.035270,0.007479,1.000000,0.429546,0.474611,0.028000,0.000000,0.000000,0.512000,0.000000,0.000000,0.000000,-1.000000,0.564448,-0.000000,0.405586,-0.363144,-1.000000,0.880407,0,0.00,candidate,1784406704,1784377500
cand-46965346-2448,BTC,long,3.041244,0.069763,2.277259,1.201430,0.021908,0.000000,0.642256,0.001561,0.868530,0.000000,-0.145489,1.274390,0.087301,-0.333333,0.292569,0.000000,0.000000,1.000000,0.000000,0.000000,0.780669,0.081085,0.020000,0.013821,0.000000,0.250000,0.025970,0.000000,-0.152123,-0.988362,1.000000,1.157968,-0.290643,1.119862,1.000000,0.721528,0.960588,0.000000,0.000000,0.007831,0.000000,1.000000,0.426367,-0.278869,0.069000,0.000000,0.000000,0.166000,0.000000,0.000000,0.000000,-1.000000,0.018184,0.000000,0.125299,0.575472,1.000000,0.880407,1,0.00,candidate,1784406922,1784377800
cand-46965346-2449,ETH,long,1.430531,-2.603952,-0.931611,-1.068102,0.045567,0.010000,0.626340,0.005429,0.825380,0.000000,-0.186993,2.639732,-0.017987,-0.333333,0.390940,0.000000,0.000000,1.000000,0.000000,0.000000,0.774901,0.075362,0.020000,0.013352,0.000000,0.250000,0.025970,0.000000,-0.165048,-0.986286,1.000000,1.219880,0.003744,1.676669,0.000000,0.221805,0.850123,0.945787,1.000000,-0.024925,-0.012880,0.813040,0.420747,-0.227969,0.029000,0.000000,0.000000,0.316000,0.011000,0.000000,0.000000,-1.000000,0.163917,0.756250,0.139694,0.429078,1.000000,1.000000,1,0.00,candidate,1784406922,1784377800
cand-46965346-2450,BTC,long,4.649297,2.266301,3.565894,1.993790,0.023003,0.000000,0.772359,0.001559,0.830705,-0.074406,-0.357715,0.382047,0.088551,-0.333333,0.292569,0.000000,0.000000,1.000000,0.000000,0.000000,0.936336,0.179739,0.020000,0.013352,0.000000,0.250000,0.025970,0.000000,-0.173648,-0.984808,1.000000,-0.328134,-0.100820,0.634965,1.000000,0.973549,0.996260,0.000000,0.000000,0.029201,0.000000,1.000000,0.416483,-0.138325,0.017000,0.000000,0.000000,0.649000,0.000000,0.000000,0.000000,-1.000000,0.679519,0.000000,0.006654,0.812796,1.000000,1.000000,1,0.00,candidate,1784407229,1784378100
cand-46965346-2451,ETH,long,2.854883,-0.887421,0.131653,-0.499154,0.046381,0.010000,1.108091,0.005426,0.832200,0.000000,-0.038045,0.959886,-0.016919,-0.333333,0.390940,0.000000,0.000000,1.000000,0.000000,0.000000,0.936193,0.179618,0.020000,0.013352,0.000000,0.250000,0.025970,0.000000,-0.177944,-0.984041,1.000000,0.481751,0.127695,1.742174,0.000000,0.451128,0.894430,0.000000,0.000000,0.001573,0.000000,0.815535,0.413261,-0.309185,0.030000,0.000000,0.000000,0.000000,0.019000,0.000000,0.000000,-1.000000,0.194084,0.000000,-0.004201,0.884058,1.000000,1.000000,1,0.00,candidate,1784407229,1784378100
cand-46965346-2452,BTC,long,-1.364789,1.448922,3.162194,1.985070,0.023066,0.000000,1.609438,0.001558,0.854020,-0.139694,-0.288300,0.021292,0.088918,-0.333333,0.292569,0.000000,0.000000,1.000000,0.000000,0.000000,0.929939,0.173953,0.020000,0.013352,0.000000,0.250000,0.001679,0.000000,-0.199368,-0.979925,1.000000,0.540653,-0.112763,0.916129,1.000000,0.899339,0.985764,0.000000,0.000000,0.022913,0.000000,1.000000,0.402521,-0.297635,0.020000,0.000000,0.000000,0.842000,0.033000,0.000000,0.000000,-1.000000,0.030134,0.000000,0.129328,-0.640379,1.000000,1.000000,1,0.00,candidate,1784407508,1784378400
cand-46965346-2453,BTC,short,1.364789,-1.448922,-3.162194,-1.985070,0.023066,0.000000,0.723166,0.001558,0.839438,0.000000,-0.007192,0.021292,-0.089514,0.333333,0.292569,0.000000,0.000000,1.000000,0.000000,0.000000,0.930048,0.174093,0.020000,-0.013352,0.000000,0.250000,0.001679,0.000000,-0.212178,-0.977231,1.000000,1.678677,0.112763,0.736149,-1.000000,0.899339,0.872814,0.985712,0.000000,0.022913,0.000000,1.000000,0.397190,0.172866,0.035000,0.000000,0.000000,0.858000,0.022000,0.000000,0.000000,-1.000000,0.102392,-0.000000,-0.129328,0.640379,-1.000000,1.000000,0,0.00,candidate,1784407508,1784378400
cand-46965346-2454,BTC,short,-1.569323,-2.607786,-3.522546,-1.864694,0.023336,0.000000,0.565252,0.001558,0.882320,0.000000,-0.021430,4.517654,-0.089420,0.333333,0.292569,0.000000,0.000000,1.000000,0.000000,0.000000,0.920980,0.155864,0.020000,-0.009974,0.000000,0.250000,0.001679,0.000000,-0.224951,-0.974370,1.000000,-0.055594,-0.100866,1.267996,-1.000000,0.778584,0.860655,0.973513,0.000000,0.062049,0.027292,1.000000,0.391564,0.106116,0.061000,0.000000,0.000000,0.153000,0.019000,0.000000,0.000000,-1.000000,0.212564,-0.578818,0.584505,-0.235471,-1.000000,0.880511,0,0.00,candidate,1784407826,1784378700
cand-46965346-2455,BTC,long,1.569323,2.607786,3.522546,1.864694,0.023336,0.000000,0.548356,0.001558,0.876337,0.000000,0.003273,4.517654,0.089469,-0.333333,0.292569,0.000000,0.000000,1.000000,0.000000,0.000000,0.921529,0.156433,0.020000,0.009974,0.000000,0.250000,0.008938,0.000000,-0.233445,-0.972370,1.000000,1.113608,0.100866,1.134409,1.000000,0.778584,0.960373,0.000000,0.000000,0.062049,0.027292,1.000000,0.387256,-0.090613,0.049000,0.000000,0.000000,0.152000,0.019000,0.000000,0.000000,-1.000000,0.540714,0.578818,-0.584505,0.235471,1.000000,0.880511,1,0.00,candidate,1784407826,1784378700
cand-46965346-2456,ETH,short,2.130162,-1.639357,0.223681,0.447116,0.047587,0.010000,0.805032,0.021706,0.806394,0.000000,-0.256702,0.926693,0.016780,0.333333,0.390940,0.000000,0.000000,1.000000,0.000000,0.000000,0.265696,-0.437222,0.020000,-0.009974,0.000000,0.250000,0.008938,0.000000,-0.263031,-0.964787,1.000000,1.287405,-0.180274,1.072408,0.000000,0.439850,0.915394,0.977583,1.000000,0.000271,0.000000,0.829210,0.372236,0.162772,0.017000,0.000000,0.000000,0.000000,0.011000,0.000000,0.000000,-1.000000,0.052926,1.000000,0.148903,0.559880,-1.000000,0.868512,0,0.00,candidate,1784408412,1784379300
cand-46965346-2457,BTC,short,-0.425661,-3.141499,-2.767725,-1.990283,0.023427,0.000000,0.357952,0.001559,0.894999,0.000000,-0.117269,0.073247,-0.087844,0.333333,0.292569,0.000000,0.000000,1.000000,0.000000,0.000000,0.265696,-0.437222,0.020000,-0.009974,0.000000,0.250000,0.008938,0.000000,-0.263031,-0.964787,1.000000,0.906308,-0.191089,1.440827,-1.000000,0.781486,0.860138,0.972994,0.000000,0.062359,0.027604,1.000000,0.372236,0.249984,0.021000,0.000000,0.000000,0.000000,0.034000,0.000000,0.000000,-1.000000,0.387868,-0.592593,0.445193,-0.165803,-1.000000,0.880546,0,0.00,candidate,1784408412,1784379300
cand-46965346-2458,ETH,short,1.581082,-0.424436,1.446310,0.531135,0.048042,0.010000,0.813302,0.021716,0.790948,0.000000,-0.160109,0.476002,0.016989,0.333333,0.390940,0.000000,0.000000,1.000000,0.000000,0.000000,0.650578,-0.068840,0.020000,-0.009974,0.000000,0.250000,-0.007844,0.000000,-0.279829,-0.960050,1.000000,-0.207325,-0.041327,0.865812,0.000000,0.308271,0.940658,0.000000,0.000000,-0.014926,-0.002894,0.832079,0.363630,0.154704,0.015000,0.000000,0.000000,0.265000,0.013000,0.000000,0.000000,-1.000000,0.284312,-0.000000,-0.123800,0.648148,-1.000000,0.868512,0,0.00,candidate,1784408730,1784379600
cand-46965346-2459,BTC,short,2.991188,-0.697821,-0.538132,-1.673156,0.024178,0.000000,0.272069,0.001560,0.857522,-0.038797,-0.205446,0.843368,-0.087722,0.333333,0.292569,0.000000,0.000000,1.000000,0.000000,0.000000,0.650578,-0.068840,0.020000,-0.009974,0.000000,0.250000,-0.007844,0.000000,-0.279829,-0.960050,1.000000,-0.079678,-0.049947,0.813282,-1.000000,0.646837,0.884152,0.000000,0.000000,0.047935,0.013125,1.000000,0.363630,0.209368,0.053000,0.000000,0.000000,0.000000,0.033000,0.000000,0.000000,-1.000000,0.057043,1.000000,-0.026540,0.789116,-1.000000,1.000000,0,0.00,candidate,1784408730,1784379600
cand-46965346-2460,ETH,short,1.934776,1.483248,1.648228,0.762908,0.048554,0.010000,0.909312,0.021747,0.748859,-0.213564,-0.591642,0.638934,0.017187,0.333333,0.390940,0.000000,0.000000,1.000000,0.000000,0.000000,0.844662,0.103197,0.020000,-0.009974,0.000000,0.250000,-0.007844,0.000000,-0.300706,-0.953717,1.000000,-0.082946,0.158279,0.462193,0.000000,0.145677,0.971931,0.000000,0.000000,-0.033737,-0.021671,0.835722,0.352699,0.301653,0.013000,0.000000,0.000000,0.931000,0.016000,0.000000,0.000000,-1.000000,0.025874,-0.000000,-0.000611,0.881443,-1.000000,0.868512,0,0.00,candidate,1784409007,1784379900
cand-46965346-2461,BTC,short,3.686287,2.570702,0.351240,-1.224561,0.025136,0.000000,0.881469,0.001562,0.874133,-0.200017,-0.478211,0.292914,-0.087188,0.333333,0.292569,0.000000,0.000000,1.000000,0.000000,0.000000,0.844662,0.103197,0.020000,-0.009974,0.000000,0.250000,-0.007844,0.000000,-0.300706,-0.953717,1.000000,0.609400,0.176408,1.023419,-1.000000,0.474463,0.914946,0.000000,0.000000,0.029439,0.000000,1.000000,0.352699,0.213740,0.023000,0.000000,0.000000,0.646000,0.039000,0.000000,0.000000,-1.000000,0.095132,-0.000000,-0.000000,1.000000,-1.000000,1.000000,0,0.00,candidate,1784409007,1784379900
cand-7e1bdb6c-2591,BTC,short,5.151362,3.998140,1.961969,-0.290767,0.027315,0.006667,0.443186,0.001563,0.874049,0.000000,-0.122745,3.042140,-0.088051,0.333333,0.293834,0.000000,0.000000,1.000000,0.000000,0.000000,0.948064,0.173830,0.060000,-0.009974,0.000000,0.250000,-0.012292,0.000000,-0.333807,-0.942641,1.000000,0.092698,0.284098,1.011845,-1.000000,0.213001,0.961763,0.000000,0.000000,0.001319,0.000000,1.000000,0.336993,0.072445,0.062000,0.000000,0.000000,0.742000,0.032000,0.000000,0.000000,-1.000000,0.260119,-0.000000,-0.049170,0.778257,-1.000000,1.000000,0,0.00,candidate,1784409415,1784380200
cand-7e1bdb6c-2592,ETH,short,2.614690,2.324351,2.295924,1.100940,0.049899,0.016667,1.119951,0.005440,0.794118,0.000000,-0.287854,3.494386,0.015855,0.333333,0.392906,0.000000,0.000000,1.000000,0.000000,0.000000,0.948759,0.174528,0.060000,-0.009974,0.000000,0.250000,-0.012292,0.000000,-0.337917,-0.941176,1.000000,-0.133974,0.267511,0.865965,0.000000,0.141256,0.965729,0.000000,0.000000,-0.061320,-0.046050,0.842028,0.333781,0.198507,0.026000,0.000000,0.000000,0.409000,0.006000,0.000000,0.000000,-1.000000,0.468270,-0.000000,-0.194087,0.557110,-1.000000,1.000000,0,0.00,candidate,1784409415,1784380200
cand-99f1dc8c-2724,BTC,long,4.677420,-3.251948,-0.525454,0.886779,0.029335,0.010000,1.041767,0.001562,0.846589,0.000000,-0.209621,-0.215416,0.088502,-0.333333,0.293834,0.000000,0.000000,1.000000,0.000000,0.000000,0.975902,0.167535,0.060000,0.009473,0.000000,0.250000,-0.014219,0.000000,-0.382683,-0.923880,1.000000,1.368540,-0.166097,0.651768,0.000000,0.338719,0.882820,0.964185,1.000000,0.025017,0.000000,1.000000,0.312106,-0.239271,0.042000,0.000000,0.000000,0.869000,0.025000,0.000000,0.000000,-1.000000,0.052055,1.000000,-0.007134,0.915537,1.000000,0.868304,1,0.00,candidate,1784410272,1784381100
cand-99f1dc8c-2726,ETH,short,0.148233,0.777711,0.268919,0.467276,0.051310,0.016667,1.045238,0.010870,0.708137,0.000000,-0.001229,0.072244,0.010704,0.333333,0.392906,0.000000,0.000000,1.000000,0.000000,0.000000,0.933336,0.130496,0.060000,-0.009473,0.000000,0.250000,0.013891,0.000000,-0.402747,-0.915311,1.000000,1.668496,0.134336,0.244689,0.000000,0.315396,0.923577,0.976729,1.000000,-0.035925,-0.020759,0.852822,0.301400,0.404749,0.049000,0.000000,0.000000,1.000000,0.008000,0.000000,0.000000,-1.000000,0.429013,-0.000000,0.224836,0.075676,-1.000000,1.000000,0,0.00,candidate,1784410521,1784381400
cand-99f1dc8c-2727,BTC,long,-0.845183,-0.924268,-2.208989,0.680334,0.029375,0.010000,1.039213,0.001562,0.895888,0.000000,-0.084736,0.005900,0.090305,-0.333333,0.293834,0.000000,0.000000,1.000000,0.000000,0.000000,0.801716,0.010005,0.060000,0.009806,0.000000,0.250000,0.013891,0.000000,-0.426569,-0.904455,1.000000,0.037435,0.021729,1.241892,0.000000,0.309994,0.883551,0.938002,1.000000,-0.018117,0.000000,1.000000,0.288252,-0.211819,0.029000,0.000000,0.000000,0.764000,0.016000,0.000000,0.000000,-1.000000,0.345098,0.000000,0.423198,-0.281195,1.000000,0.868274,1,0.00,candidate,1784410828,1784381700
cand-99f1dc8c-2729,ETH,short,-0.497569,-0.172875,0.870199,0.483911,0.051312,0.016667,0.264882,0.005435,0.850552,0.000000,-0.173202,-0.126908,0.008896,0.333333,0.392906,0.000000,0.000000,1.000000,0.000000,0.000000,0.800916,0.009208,0.060000,-0.009806,0.000000,0.250000,0.013891,0.000000,-0.438371,-0.898794,1.000000,1.279218,0.066505,1.803189,0.000000,0.350523,0.915087,0.000000,0.000000,-0.030810,-0.015658,0.858995,0.282881,0.187464,0.090000,0.000000,0.000000,1.000000,0.002000,0.000000,0.000000,-1.000000,0.148921,-0.000000,-0.444344,-0.197425,-1.000000,1.000000,0,0.00,candidate,1784410828,1784381700
